+ '[' -z ./build.sh ']'
+ set -a
+ set +a
+ '[' ./build.sh '!=' ./build.sh ']'
+ '[' ./build.sh == ./build.sh ']'
+ main
+ case "$@" in
+ '[' -z '' ']'
+ trap err_handler ERR
+ set -eE
+ unset INITIAL_SESSION
++ mktemp -u
+ INITIAL_ENV=/tmp/tmp.sYL2W9Gdrr
+ env
+ '[' '' ']'
+ INITIAL_SESSION=1
+ setup_environments
+ export LC_ALL=C
+ LC_ALL=C
+++ realpath ./build.sh
++ dirname /sdk/device/rockchip/common/scripts/build.sh
+ export RK_SCRIPTS_DIR=/sdk/device/rockchip/common/scripts
+ RK_SCRIPTS_DIR=/sdk/device/rockchip/common/scripts
++ realpath /sdk/device/rockchip/common/scripts/..
+ export RK_COMMON_DIR=/sdk/device/rockchip/common
+ RK_COMMON_DIR=/sdk/device/rockchip/common
++ realpath /sdk/device/rockchip/common/../../..
+ export RK_SDK_DIR=/sdk
+ RK_SDK_DIR=/sdk
+ export RK_DEVICE_DIR=/sdk/device/rockchip
+ RK_DEVICE_DIR=/sdk/device/rockchip
+ export RK_CHIPS_DIR=/sdk/device/rockchip/.chips
+ RK_CHIPS_DIR=/sdk/device/rockchip/.chips
+ export RK_CHIP_DIR=/sdk/device/rockchip/.chip
+ RK_CHIP_DIR=/sdk/device/rockchip/.chip
+ export RK_CUSTOM_OVERLAY_DIR=/sdk/device/rockchip/common/overlays/rootfs/custom/root
+ RK_CUSTOM_OVERLAY_DIR=/sdk/device/rockchip/common/overlays/rootfs/custom/root
+ export RK_DEFAULT_TARGET=all
+ RK_DEFAULT_TARGET=all
+ export RK_DATA_DIR=/sdk/device/rockchip/common/data
+ RK_DATA_DIR=/sdk/device/rockchip/common/data
+ export RK_TOOLS_DIR=/sdk/device/rockchip/common/tools
+ RK_TOOLS_DIR=/sdk/device/rockchip/common/tools
+ export RK_EXTRA_PARTS_DIR=/sdk/device/rockchip/common/extra-parts
+ RK_EXTRA_PARTS_DIR=/sdk/device/rockchip/common/extra-parts
+ export RK_KBUILD_DIR=/sdk/device/rockchip/common/linux-kbuild
+ RK_KBUILD_DIR=/sdk/device/rockchip/common/linux-kbuild
+ export RK_CONFIG_IN=/sdk/device/rockchip/common/configs/Config.in
+ RK_CONFIG_IN=/sdk/device/rockchip/common/configs/Config.in
+ export RK_BUILD_HOOK_DIR=/sdk/device/rockchip/common/build-hooks
+ RK_BUILD_HOOK_DIR=/sdk/device/rockchip/common/build-hooks
+ export RK_BUILD_HELPER=/sdk/device/rockchip/common/build-hooks/build-helper
+ RK_BUILD_HELPER=/sdk/device/rockchip/common/build-hooks/build-helper
+ export RK_POST_HOOK_DIR=/sdk/device/rockchip/common/post-hooks
+ RK_POST_HOOK_DIR=/sdk/device/rockchip/common/post-hooks
+ export RK_POST_HELPER=/sdk/device/rockchip/common/post-hooks/post-helper
+ RK_POST_HELPER=/sdk/device/rockchip/common/post-hooks/post-helper
+ export RK_PARTITION_HELPER=/sdk/device/rockchip/common/scripts/partition-helper
+ RK_PARTITION_HELPER=/sdk/device/rockchip/common/scripts/partition-helper
+ export RK_OUTDIR=/sdk/output
+ RK_OUTDIR=/sdk/output
+ export RK_EXTRA_PART_OUTDIR=/sdk/output/extra-parts
+ RK_EXTRA_PART_OUTDIR=/sdk/output/extra-parts
+ export RK_SESSION_DIR=/sdk/output/sessions
+ RK_SESSION_DIR=/sdk/output/sessions
++ date +%F_%H-%M-%S
+ export RK_SESSION=2026-08-24_08-44-52
+ RK_SESSION=2026-08-24_08-44-52
+ export RK_LOG_DIR=/sdk/output/sessions/2026-08-24_08-44-52
+ RK_LOG_DIR=/sdk/output/sessions/2026-08-24_08-44-52
+ export RK_LOG_BASE_DIR=/sdk/output/log
+ RK_LOG_BASE_DIR=/sdk/output/log
+ export RK_ROCKDEV_DIR=/sdk/rockdev
+ RK_ROCKDEV_DIR=/sdk/rockdev
+ export RK_FIRMWARE_DIR=/sdk/output/firmware
+ RK_FIRMWARE_DIR=/sdk/output/firmware
+ export RK_CONFIG=/sdk/output/.config
+ RK_CONFIG=/sdk/output/.config
+ export RK_DEFCONFIG_LINK=/sdk/output/defconfig
+ RK_DEFCONFIG_LINK=/sdk/output/defconfig
++ stat --format %U /sdk
+ export RK_OWNER=builder
+ RK_OWNER=builder
++ stat --format %u /sdk
+ export RK_OWNER_UID=1000
+ RK_OWNER_UID=1000
+ RK_PARSED_CMDS=/sdk/output/.parsed_cmds
+ RK_MAKE_USAGE=/sdk/output/.make_usage
+ MANIFEST=/sdk/.repo/manifest.xml
+ '[' -e /sdk/.repo/manifest.xml ']'
+ '[' '!' -L /sdk/.repo/manifest.xml ']'
++ grep -o 'linux-.*-gen-rkr[^."]*' /sdk/.repo/manifest.xml
++ head -n 1
+ TAG=
+++ realpath /sdk/.repo/manifest.xml
++ basename /sdk/.repo/manifests/release/luckfox_linux6.1_rk3506_release_v1.4_20250620.xml
+ MANIFEST=luckfox_linux6.1_rk3506_release_v1.4_20250620.xml
+ notice '\n############### Rockchip Linux SDK ###############\n'
+ rk_log 35 '\n############### Rockchip Linux SDK ###############\n'
+ LOG_COLOR=35
+ shift
+ '[' '\n############### Rockchip Linux SDK ###############\n' = -n ']'
+ LOG_FLAG=-e
+ echo -e '\e[35m\n############### Rockchip Linux SDK ###############\n\e[0m'
[35m
############### Rockchip Linux SDK ###############
[0m
+ notice 'Manifest: luckfox_linux6.1_rk3506_release_v1.4_20250620.xml'
+ rk_log 35 'Manifest: luckfox_linux6.1_rk3506_release_v1.4_20250620.xml'
+ LOG_COLOR=35
+ shift
+ '[' 'Manifest: luckfox_linux6.1_rk3506_release_v1.4_20250620.xml' = -n ']'
+ LOG_FLAG=-e
+ echo -e '\e[35mManifest: luckfox_linux6.1_rk3506_release_v1.4_20250620.xml\e[0m'
[35mManifest: luckfox_linux6.1_rk3506_release_v1.4_20250620.xml[0m
+ '[' '' ']'
+ echo

+ notice -n 'Log colors: '
+ rk_log 35 -n 'Log colors: '
+ LOG_COLOR=35
+ shift
+ '[' -n = -n ']'
+ shift
+ LOG_FLAG=-ne
+ echo -ne '\e[35mLog colors: \e[0m'
[35mLog colors: [0m+ message -n 'message '
+ rk_log 36 -n 'message '
+ LOG_COLOR=36
+ shift
+ '[' -n = -n ']'
+ shift
+ LOG_FLAG=-ne
+ echo -ne '\e[36mmessage \e[0m'
[36mmessage [0m+ notice -n 'notice '
+ rk_log 35 -n 'notice '
+ LOG_COLOR=35
+ shift
+ '[' -n = -n ']'
+ shift
+ LOG_FLAG=-ne
+ echo -ne '\e[35mnotice \e[0m'
[35mnotice [0m+ warning -n 'warning '
+ rk_log 34 -n 'warning '
+ LOG_COLOR=34
+ shift
+ '[' -n = -n ']'
+ shift
+ LOG_FLAG=-ne
+ echo -ne '\e[34mwarning \e[0m'
[34mwarning [0m+ error -n 'error '
+ rk_log 91 -n 'error '
+ LOG_COLOR=91
+ shift
+ '[' -n = -n ']'
+ shift
+ LOG_FLAG=-ne
+ echo -ne '\e[91merror \e[0m'
[91merror [0m+ fatal fatal
+ rk_log 31 fatal
+ LOG_COLOR=31
+ shift
+ '[' fatal = -n ']'
+ LOG_FLAG=-e
+ echo -e '\e[31mfatal\e[0m'
[31mfatal[0m
+ echo

+ check_sdk
+ echo /sdk/device/rockchip/common/scripts
+ grep -q 'device/rockchip/common/scripts$'
+ /sdk/device/rockchip/common/scripts/check-sdk.sh
+ RK_SCRIPTS_DIR=/sdk/device/rockchip/common/scripts
+ RK_SDK_DIR=/sdk
+ RK_OWNER=builder
+ RK_OWNER_UID=1000
++ id -u
+ '[' 1000 -ne 0 ']'
++ id -u
+ '[' 1000 -ne 1000 ']'
+ case "$(findmnt -fnu -o FSTYPE -T "$RK_SCRIPTS_DIR")" in
++ findmnt -fnu -o FSTYPE -T /sdk/device/rockchip/common/scripts
+ which python3
+ /sdk/device/rockchip/common/scripts/check-package.sh rsync
+ PACKAGE=rsync
+ COMMAND=rsync
+ APT_PACKAGE=rsync
+ which rsync
+ /sdk/device/rockchip/common/scripts/check-package.sh gcc
+ PACKAGE=gcc
+ COMMAND=gcc
+ APT_PACKAGE=gcc
+ which gcc
+ /sdk/device/rockchip/common/scripts/check-package.sh g++
+ PACKAGE=g++
+ COMMAND=g++
+ APT_PACKAGE=g++
+ which g++
+ unset RK_SUDO_ROOT
+ '[' 1000 -ne 0 ']'
++ id -un
+ '[' builder = root ']'
+ '[' -z 1 ']'
+ export RK_INITIAL_ENV=/sdk/output/sessions/2026-08-24_08-44-52/initial.env
+ RK_INITIAL_ENV=/sdk/output/sessions/2026-08-24_08-44-52/initial.env
+ export RK_CUSTOM_ENV=/sdk/output/sessions/2026-08-24_08-44-52/custom.env
+ RK_CUSTOM_ENV=/sdk/output/sessions/2026-08-24_08-44-52/custom.env
+ export RK_FINAL_ENV=/sdk/output/sessions/2026-08-24_08-44-52/final.env
+ RK_FINAL_ENV=/sdk/output/sessions/2026-08-24_08-44-52/final.env
+ mkdir -p /sdk/output/firmware
+ cd /sdk
+ '[' -f README.md ']'
+ '[' -d common ']'
+ rm -f envsetup.sh
+ OPTIONS=all
+ for opt in $OPTIONS
+ '[' -d /sdk/device/rockchip/.chips/all ']'
+ echo all
+ grep -q '^[0-9a-z_]*_defconfig$'
+ parse_scripts
+ mkdir -p /sdk/output
+ '[' '!' -r /sdk/output/.make_usage ']'
++ find /sdk/device/rockchip/common/scripts /sdk/device/rockchip/.chip /sdk/device/rockchip/.chip/ -cnewer /sdk/output/.make_usage
+ '[' '' ']'
+ '[' '!' -r /sdk/output/.parsed_cmds ']'
++ find /sdk/device/rockchip/common/scripts /sdk/device/rockchip/.chip /sdk/device/rockchip/.chip/ -cnewer /sdk/output/.parsed_cmds
+ '[' '' ']'
+ wait
+ source /sdk/output/.parsed_cmds
++ RK_INIT_CMDS=' chip defconfig lunch [^:]*_defconfig olddefconfig savedefconfig menuconfig config default'
++ RK_PRE_BUILD_CMDS=' print-parts list-parts mod-parts edit-parts new-parts insert-part del-part move-part rename-part resize-part'
++ RK_BUILD_CMDS=' misc'
++ RK_INIT_CMDS=' chip defconfig lunch [^:]*_defconfig olddefconfig savedefconfig menuconfig config default default kernel-6.1'
++ RK_PRE_BUILD_CMDS=' print-parts list-parts mod-parts edit-parts new-parts insert-part del-part move-part rename-part resize-part kernel-config kconfig kernel-make kmake'
++ RK_BUILD_CMDS=' misc kernel-6.1 kernel recovery-kernel kernel-modules modules'
++ RK_POST_BUILD_CMDS=' linux-headers'
++ RK_BUILD_CMDS=' misc kernel-6.1 kernel recovery-kernel kernel-modules modules wifibt'
++ RK_BUILD_CMDS=' misc kernel-6.1 kernel recovery-kernel kernel-modules modules wifibt amp'
++ RK_INIT_CMDS=' chip defconfig lunch [^:]*_defconfig olddefconfig savedefconfig menuconfig config default default kernel-6.1 default buildroot debian yocto'
++ RK_PRE_BUILD_CMDS=' print-parts list-parts mod-parts edit-parts new-parts insert-part del-part move-part rename-part resize-part kernel-config kconfig kernel-make kmake buildroot-config bconfig buildroot-make bmake'
++ RK_BUILD_CMDS=' misc kernel-6.1 kernel recovery-kernel kernel-modules modules wifibt amp rootfs buildroot debian yocto'
++ RK_BUILD_CMDS=' misc kernel-6.1 kernel recovery-kernel kernel-modules modules wifibt amp rootfs buildroot debian yocto recovery'
++ RK_BUILD_CMDS=' misc kernel-6.1 kernel recovery-kernel kernel-modules modules wifibt amp rootfs buildroot debian yocto recovery security-createkeys security-misc security-ramboot security-system'
++ RK_BUILD_CMDS=' misc kernel-6.1 kernel recovery-kernel kernel-modules modules wifibt amp rootfs buildroot debian yocto recovery security-createkeys security-misc security-ramboot security-system loader uboot u-boot uefi'
++ RK_POST_BUILD_CMDS=' linux-headers extra-parts'
++ RK_POST_BUILD_CMDS=' linux-headers extra-parts firmware'
++ RK_INIT_CMDS=' chip defconfig lunch [^:]*_defconfig olddefconfig savedefconfig menuconfig config default default kernel-6.1 default buildroot debian yocto edit-package-file edit-ota-package-file'
++ RK_PRE_BUILD_CMDS=' print-parts list-parts mod-parts edit-parts new-parts insert-part del-part move-part rename-part resize-part kernel-config kconfig kernel-make kmake buildroot-config bconfig buildroot-make bmake edit-package-file edit-ota-package-file'
++ RK_POST_BUILD_CMDS=' linux-headers extra-parts firmware updateimg ota-updateimg'
++ RK_BUILD_CMDS=' misc kernel-6.1 kernel recovery-kernel kernel-modules modules wifibt amp rootfs buildroot debian yocto recovery security-createkeys security-misc security-ramboot security-system loader uboot u-boot uefi all all-release'
++ RK_POST_BUILD_CMDS=' linux-headers extra-parts firmware updateimg ota-updateimg release'
++ RK_PRE_BUILD_CMDS=' print-parts list-parts mod-parts edit-parts new-parts insert-part del-part move-part rename-part resize-part kernel-config kconfig kernel-make kmake buildroot-config bconfig buildroot-make bmake edit-package-file edit-ota-package-file shell buildroot-shell bshell'
+ CMDS=' chip defconfig lunch [^:]*_defconfig olddefconfig savedefconfig menuconfig config default default kernel-6.1 default buildroot debian yocto edit-package-file edit-ota-package-file  print-parts list-parts mod-parts edit-parts new-parts insert-part del-part move-part rename-part resize-part kernel-config kconfig kernel-make kmake buildroot-config bconfig buildroot-make bmake edit-package-file edit-ota-package-file shell buildroot-shell bshell  misc kernel-6.1 kernel recovery-kernel kernel-modules modules wifibt amp rootfs buildroot debian yocto recovery security-createkeys security-misc security-ramboot security-system loader uboot u-boot uefi all all-release 		 linux-headers extra-parts firmware updateimg ota-updateimg release'
+ for opt in $OPTIONS
+ case "$opt" in
+ option_check ' chip defconfig lunch [^:]*_defconfig olddefconfig savedefconfig menuconfig config default default kernel-6.1 default buildroot debian yocto edit-package-file edit-ota-package-file  print-parts list-parts mod-parts edit-parts new-parts insert-part del-part move-part rename-part resize-part kernel-config kconfig kernel-make kmake buildroot-config bconfig buildroot-make bmake edit-package-file edit-ota-package-file shell buildroot-shell bshell  misc kernel-6.1 kernel recovery-kernel kernel-modules modules wifibt amp rootfs buildroot debian yocto recovery security-createkeys security-misc security-ramboot security-system loader uboot u-boot uefi all all-release 		 linux-headers extra-parts firmware updateimg ota-updateimg release' all
+ CMDS=' chip defconfig lunch [^:]*_defconfig olddefconfig savedefconfig menuconfig config default default kernel-6.1 default buildroot debian yocto edit-package-file edit-ota-package-file  print-parts list-parts mod-parts edit-parts new-parts insert-part del-part move-part rename-part resize-part kernel-config kconfig kernel-make kmake buildroot-config bconfig buildroot-make bmake edit-package-file edit-ota-package-file shell buildroot-shell bshell  misc kernel-6.1 kernel recovery-kernel kernel-modules modules wifibt amp rootfs buildroot debian yocto recovery security-createkeys security-misc security-ramboot security-system loader uboot u-boot uefi all all-release 		 linux-headers extra-parts firmware updateimg ota-updateimg release'
+ shift
+ for opt in $@
+ for cmd in $CMDS
+ echo all
+ grep -qE '^chip$'
+ for cmd in $CMDS
+ echo all
+ grep -qE '^defconfig$'
+ for cmd in $CMDS
+ echo all
+ grep -qE '^lunch$'
+ for cmd in $CMDS
+ echo all
+ grep -qE '^[^:]*_defconfig$'
+ for cmd in $CMDS
+ echo all
+ grep -qE '^olddefconfig$'
+ for cmd in $CMDS
+ echo all
+ grep -qE '^savedefconfig$'
+ for cmd in $CMDS
+ echo all
+ grep -qE '^menuconfig$'
+ for cmd in $CMDS
+ echo all
+ grep -qE '^config$'
+ for cmd in $CMDS
+ echo all
+ grep -qE '^default$'
+ for cmd in $CMDS
+ echo all
+ grep -qE '^default$'
+ for cmd in $CMDS
+ echo all
+ grep -qE '^kernel-6.1$'
+ for cmd in $CMDS
+ echo all
+ grep -qE '^default$'
+ for cmd in $CMDS
+ echo all
+ grep -qE '^buildroot$'
+ for cmd in $CMDS
+ echo all
+ grep -qE '^debian$'
+ for cmd in $CMDS
+ echo all
+ grep -qE '^yocto$'
+ for cmd in $CMDS
+ echo all
+ grep -qE '^edit-package-file$'
+ for cmd in $CMDS
+ echo all
+ grep -qE '^edit-ota-package-file$'
+ for cmd in $CMDS
+ echo all
+ grep -qE '^print-parts$'
+ for cmd in $CMDS
+ echo all
+ grep -qE '^list-parts$'
+ for cmd in $CMDS
+ echo all
+ grep -qE '^mod-parts$'
+ for cmd in $CMDS
+ echo all
+ grep -qE '^edit-parts$'
+ for cmd in $CMDS
+ echo all
+ grep -qE '^new-parts$'
+ for cmd in $CMDS
+ echo all
+ grep -qE '^insert-part$'
+ for cmd in $CMDS
+ echo all
+ grep -qE '^del-part$'
+ for cmd in $CMDS
+ echo all
+ grep -qE '^move-part$'
+ for cmd in $CMDS
+ echo all
+ grep -qE '^rename-part$'
+ for cmd in $CMDS
+ echo all
+ grep -qE '^resize-part$'
+ for cmd in $CMDS
+ echo all
+ grep -qE '^kernel-config$'
+ for cmd in $CMDS
+ echo all
+ grep -qE '^kconfig$'
+ for cmd in $CMDS
+ echo all
+ grep -qE '^kernel-make$'
+ for cmd in $CMDS
+ echo all
+ grep -qE '^kmake$'
+ for cmd in $CMDS
+ echo all
+ grep -qE '^buildroot-config$'
+ for cmd in $CMDS
+ echo all
+ grep -qE '^bconfig$'
+ for cmd in $CMDS
+ echo all
+ grep -qE '^buildroot-make$'
+ for cmd in $CMDS
+ echo all
+ grep -qE '^bmake$'
+ for cmd in $CMDS
+ echo all
+ grep -qE '^edit-package-file$'
+ for cmd in $CMDS
+ echo all
+ grep -qE '^edit-ota-package-file$'
+ for cmd in $CMDS
+ echo all
+ grep -qE '^shell$'
+ for cmd in $CMDS
+ echo all
+ grep -qE '^buildroot-shell$'
+ for cmd in $CMDS
+ echo all
+ grep -qE '^bshell$'
+ for cmd in $CMDS
+ grep -qE '^misc$'
+ echo all
+ for cmd in $CMDS
+ echo all
+ grep -qE '^kernel-6.1$'
+ for cmd in $CMDS
+ echo all
+ grep -qE '^kernel$'
+ for cmd in $CMDS
+ echo all
+ grep -qE '^recovery-kernel$'
+ for cmd in $CMDS
+ echo all
+ grep -qE '^kernel-modules$'
+ for cmd in $CMDS
+ echo all
+ grep -qE '^modules$'
+ for cmd in $CMDS
+ echo all
+ grep -qE '^wifibt$'
+ for cmd in $CMDS
+ echo all
+ grep -qE '^amp$'
+ for cmd in $CMDS
+ echo all
+ grep -qE '^rootfs$'
+ for cmd in $CMDS
+ echo all
+ grep -qE '^buildroot$'
+ for cmd in $CMDS
+ echo all
+ grep -qE '^debian$'
+ for cmd in $CMDS
+ echo all
+ grep -qE '^yocto$'
+ for cmd in $CMDS
+ echo all
+ grep -qE '^recovery$'
+ for cmd in $CMDS
+ echo all
+ grep -qE '^security-createkeys$'
+ for cmd in $CMDS
+ echo all
+ grep -qE '^security-misc$'
+ for cmd in $CMDS
+ echo all
+ grep -qE '^security-ramboot$'
+ for cmd in $CMDS
+ echo all
+ grep -qE '^security-system$'
+ for cmd in $CMDS
+ echo all
+ grep -qE '^loader$'
+ for cmd in $CMDS
+ echo all
+ grep -qE '^uboot$'
+ for cmd in $CMDS
+ echo all
+ grep -qE '^u-boot$'
+ for cmd in $CMDS
+ echo all
+ grep -qE '^uefi$'
+ for cmd in $CMDS
+ echo all
+ grep -qE '^all$'
+ return 0
+ continue
+ '[' '!' -d /sdk/output/sessions/2026-08-24_08-44-52 ']'
+ rm -rf /sdk/output/log /sdk/output/sessions/2026-08-24_08-44-52 /sdk/output/sessions/latest
+ mkdir -p /sdk/output/sessions/2026-08-24_08-44-52
+ ln -rsf /sdk/output/sessions /sdk/output/log
+ ln -rsf /sdk/output/sessions/2026-08-24_08-44-52 /sdk/output/sessions/latest
+ message 'Log saved at /sdk/output/sessions/2026-08-24_08-44-52'
+ rk_log 36 'Log saved at /sdk/output/sessions/2026-08-24_08-44-52'
+ LOG_COLOR=36
+ shift
+ '[' 'Log saved at /sdk/output/sessions/2026-08-24_08-44-52' = -n ']'
+ LOG_FLAG=-e
+ echo -e '\e[36mLog saved at /sdk/output/sessions/2026-08-24_08-44-52\e[0m'
[36mLog saved at /sdk/output/sessions/2026-08-24_08-44-52[0m
+ cd /sdk/output/log
++ ls -t
++ sed 1,10d
+ rm -rf 2026-08-23_13-54-37
+ cd /sdk
+ '[' 1 ']'
+ rm -f /sdk/output/sessions/2026-08-24_08-44-52/initial.env
+ cp /tmp/tmp.sYL2W9Gdrr /sdk/output/sessions/2026-08-24_08-44-52/initial.env
+ ln -rsf /sdk/output/sessions/2026-08-24_08-44-52/initial.env /sdk/output/
+ rm -f /tmp/tmp.sYL2W9Gdrr
+ run_build_hooks init all
+ case "$1" in
+ run_hooks /sdk/device/rockchip/common/build-hooks init all
+ DIR=/sdk/device/rockchip/common/build-hooks
+ shift
++ basename /sdk/device/rockchip/common/build-hooks
+ for dir in "$RK_CHIP_DIR/$(basename "$DIR")/" "$DIR"
+ '[' -d /sdk/device/rockchip/.chip/build-hooks/ ']'
+ continue
+ for dir in "$RK_CHIP_DIR/$(basename "$DIR")/" "$DIR"
+ '[' -d /sdk/device/rockchip/common/build-hooks ']'
++ find /sdk/device/rockchip/common/build-hooks -maxdepth 1 -name '*.sh'
++ sort
+ for hook in $(find "$dir" -maxdepth 1 -name "*.sh" | sort)
+ hook_check /sdk/device/rockchip/common/build-hooks/00-config.sh init all
+ case "$2" in
++ realpath /sdk/device/rockchip/common/build-hooks/00-config.sh --relative-to /sdk
+ SCRIPT=device/rockchip/common/scripts/mk-config.sh
++ sed -n 's@^RK_init_CMDS[^ ]*\(.*\)" # device/rockchip/common/scripts/mk-config.sh$@\1@ip' /sdk/output/.parsed_cmds
+ CMDS=' chip defconfig lunch [^:]*_defconfig olddefconfig savedefconfig menuconfig config default'
+ echo ' chip defconfig lunch [^:]*_defconfig olddefconfig savedefconfig menuconfig config default'
+ grep -wq default
+ return 0
+ /sdk/device/rockchip/common/build-hooks/00-config.sh init all
+ INIT_CMDS='chip defconfig lunch [^:]*_defconfig olddefconfig savedefconfig menuconfig config default'
+ source /sdk/device/rockchip/common/build-hooks/build-helper
++ '[' -z '' ']'
++ '[' /sdk/device/rockchip/common/build-hooks/build-helper = /sdk/device/rockchip/common/build-hooks/00-config.sh -o -z 2026-08-24_08-44-52 ']'
++ trap err_handler ERR
++ set -eE
++ cd /sdk
+++ basename /sdk/device/rockchip/common/build-hooks/00-config
+++ date +%F_%H-%M-%S
++ LOG_FILE_NAME=00-config-init_2026-08-24_08-44-52
++ case "$1" in
++ shift
++ try_hook init_hook 'chip defconfig lunch [^:]*_defconfig olddefconfig savedefconfig menuconfig config default' all
++ FUNC=init_hook
++ shift
++ CMDS='chip defconfig lunch [^:]*_defconfig olddefconfig savedefconfig menuconfig config default'
++ shift
++ echo 'chip defconfig lunch [^:]*_defconfig olddefconfig savedefconfig menuconfig config default'
++ grep -qE '^default( |$)'
++ OPTS='all default'
++ type init_hook
++ for opt in $OPTS
++ for cmd in $CMDS
+++ echo all
+++ grep -E '^chip(:|$)'
+++ tr : ' '
++ ARGS=
++ '[' '' ']'
++ continue
++ for cmd in $CMDS
+++ echo all
+++ grep -E '^defconfig(:|$)'
+++ tr : ' '
++ ARGS=
++ '[' '' ']'
++ continue
++ for cmd in $CMDS
+++ echo all
+++ grep -E '^lunch(:|$)'
+++ tr : ' '
++ ARGS=
++ '[' '' ']'
++ continue
++ for cmd in $CMDS
+++ echo all
+++ grep -E '^[^:]*_defconfig(:|$)'
+++ tr : ' '
++ ARGS=
++ '[' '' ']'
++ continue
++ for cmd in $CMDS
+++ echo all
+++ grep -E '^olddefconfig(:|$)'
+++ tr : ' '
++ ARGS=
++ '[' '' ']'
++ continue
++ for cmd in $CMDS
+++ echo all
+++ grep -E '^savedefconfig(:|$)'
+++ tr : ' '
++ ARGS=
++ '[' '' ']'
++ continue
++ for cmd in $CMDS
+++ echo all
+++ grep -E '^menuconfig(:|$)'
+++ tr : ' '
++ ARGS=
++ '[' '' ']'
++ continue
++ for cmd in $CMDS
+++ echo all
+++ grep -E '^config(:|$)'
+++ tr : ' '
++ ARGS=
++ '[' '' ']'
++ continue
++ for cmd in $CMDS
+++ echo all
+++ grep -E '^default(:|$)'
+++ tr : ' '
++ ARGS=
++ '[' '' ']'
++ continue
++ for opt in $OPTS
++ for cmd in $CMDS
+++ echo default
+++ grep -E '^chip(:|$)'
+++ tr : ' '
++ ARGS=
++ '[' '' ']'
++ continue
++ for cmd in $CMDS
+++ echo default
+++ grep -E '^defconfig(:|$)'
+++ tr : ' '
++ ARGS=
++ '[' '' ']'
++ continue
++ for cmd in $CMDS
+++ echo default
+++ grep -E '^lunch(:|$)'
+++ tr : ' '
++ ARGS=
++ '[' '' ']'
++ continue
++ for cmd in $CMDS
+++ echo default
+++ grep -E '^[^:]*_defconfig(:|$)'
+++ tr : ' '
++ ARGS=
++ '[' '' ']'
++ continue
++ for cmd in $CMDS
+++ echo default
+++ grep -E '^olddefconfig(:|$)'
+++ tr : ' '
++ ARGS=
++ '[' '' ']'
++ continue
++ for cmd in $CMDS
+++ echo default
+++ grep -E '^savedefconfig(:|$)'
+++ tr : ' '
++ ARGS=
++ '[' '' ']'
++ continue
++ for cmd in $CMDS
+++ echo default
+++ grep -E '^menuconfig(:|$)'
+++ tr : ' '
++ ARGS=
++ '[' '' ']'
++ continue
++ for cmd in $CMDS
+++ echo default
+++ grep -E '^config(:|$)'
+++ tr : ' '
++ ARGS=
++ '[' '' ']'
++ continue
++ for cmd in $CMDS
+++ echo default
+++ grep -E '^default(:|$)'
+++ tr : ' '
++ ARGS=default
++ '[' default ']'
++ echo default
++ grep -wq dry-run
++ try_func init_hook default
++ type init_hook
++ case "${1%_hook}" in
++ init_hook default
++ case "${1:-default}" in
++ prepare_config
++ '[' -e /sdk/device/rockchip/.chip ']'
++ cd /sdk/device/rockchip
+++ ls /sdk/device/rockchip/.chips
++ rm -f rk3506
+++ readlink /sdk/device/rockchip/.chip
++ ln -rsf .chips/rk3506 .
++ cd /sdk
++ '[' '!' -r /sdk/output/defconfig ']'
++++ realpath /sdk/output/defconfig
+++ basename /sdk/device/rockchip/.chips/rk3506/luckfox_lyra_plus_buildroot_spinand_defconfig
++ DEFCONFIG=luckfox_lyra_plus_buildroot_spinand_defconfig
++ '[' '!' /sdk/output/defconfig -ef /sdk/device/rockchip/.chip/luckfox_lyra_plus_buildroot_spinand_defconfig ']'
++ '[' /sdk/output/.config -ot /sdk/output/defconfig ']'
+++ dirname /sdk/device/rockchip/common/configs/Config.in
++ CONFIG_DIR=/sdk/device/rockchip/common/configs
+++ find /sdk/device/rockchip/common/configs -cnewer /sdk/output/.config
++ '[' '' ']'
++ CFG='RK_DEFCONFIG="luckfox_lyra_plus_buildroot_spinand_defconfig"'
++ grep -wq 'RK_DEFCONFIG="luckfox_lyra_plus_buildroot_spinand_defconfig"' /sdk/output/.config
++ '[' /sdk/output/.config -nt /sdk/output/.config.old ']'
++ return 0
++ exit 0
+ for hook in $(find "$dir" -maxdepth 1 -name "*.sh" | sort)
+ hook_check /sdk/device/rockchip/common/build-hooks/05-partitions.sh init all
+ case "$2" in
++ realpath /sdk/device/rockchip/common/build-hooks/05-partitions.sh --relative-to /sdk
+ SCRIPT=device/rockchip/common/scripts/mk-partitions.sh
++ sed -n 's@^RK_init_CMDS[^ ]*\(.*\)" # device/rockchip/common/scripts/mk-partitions.sh$@\1@ip' /sdk/output/.parsed_cmds
+ CMDS=
+ echo ''
+ grep -wq default
+ option_check '' all
+ CMDS=
+ shift
+ for opt in $@
+ return 1
+ continue
+ for hook in $(find "$dir" -maxdepth 1 -name "*.sh" | sort)
+ hook_check /sdk/device/rockchip/common/build-hooks/08-misc.sh init all
+ case "$2" in
++ realpath /sdk/device/rockchip/common/build-hooks/08-misc.sh --relative-to /sdk
+ SCRIPT=device/rockchip/common/scripts/mk-misc.sh
++ sed -n 's@^RK_init_CMDS[^ ]*\(.*\)" # device/rockchip/common/scripts/mk-misc.sh$@\1@ip' /sdk/output/.parsed_cmds
+ CMDS=
+ echo ''
+ grep -wq default
+ option_check '' all
+ CMDS=
+ shift
+ for opt in $@
+ return 1
+ continue
+ for hook in $(find "$dir" -maxdepth 1 -name "*.sh" | sort)
+ hook_check /sdk/device/rockchip/common/build-hooks/10-kernel.sh init all
+ case "$2" in
++ realpath /sdk/device/rockchip/common/build-hooks/10-kernel.sh --relative-to /sdk
+ SCRIPT=device/rockchip/common/scripts/mk-kernel.sh
++ sed -n 's@^RK_init_CMDS[^ ]*\(.*\)" # device/rockchip/common/scripts/mk-kernel.sh$@\1@ip' /sdk/output/.parsed_cmds
+ CMDS=' default kernel-6.1'
+ echo ' default kernel-6.1'
+ grep -wq default
+ return 0
+ /sdk/device/rockchip/common/build-hooks/10-kernel.sh init all
++ ls
++ grep kernel-
+ KERNELS=kernel-6.1
+ INIT_CMDS='default kernel-6.1'
+ PRE_BUILD_CMDS='kernel-config kconfig kernel-make kmake'
+ BUILD_CMDS='kernel-6.1 kernel recovery-kernel kernel-modules modules'
+ POST_BUILD_CMDS=linux-headers
+ source /sdk/device/rockchip/common/build-hooks/build-helper
++ '[' -z '' ']'
++ '[' /sdk/device/rockchip/common/build-hooks/build-helper = /sdk/device/rockchip/common/build-hooks/10-kernel.sh -o -z 2026-08-24_08-44-52 ']'
++ trap err_handler ERR
++ set -eE
++ cd /sdk
+++ basename /sdk/device/rockchip/common/build-hooks/10-kernel
+++ date +%F_%H-%M-%S
++ LOG_FILE_NAME=10-kernel-init_2026-08-24_08-44-52
++ case "$1" in
++ shift
++ try_hook init_hook 'default kernel-6.1' all
++ FUNC=init_hook
++ shift
++ CMDS='default kernel-6.1'
++ shift
++ echo 'default kernel-6.1'
++ grep -qE '^default( |$)'
++ OPTS='default all'
++ type init_hook
++ for opt in $OPTS
++ for cmd in $CMDS
+++ echo default
+++ grep -E '^default(:|$)'
+++ tr : ' '
++ ARGS=default
++ '[' default ']'
++ echo default
++ grep -wq dry-run
++ try_func init_hook default
++ type init_hook
++ case "${1%_hook}" in
++ init_hook default
++ load_config RK_KERNEL_CFG
++ '[' -r /sdk/output/.config ']'
++ for var in $@
+++ grep '^RK_KERNEL_CFG=' /sdk/output/.config
+++ tr -d '"'
++ export RK_KERNEL_CFG=rk3506_luckfox_defconfig
++ check_config RK_KERNEL_CFG
+++ cat /sdk/output/.kernel
++ local KERNEL_LAST=6.1
+++ kernel_version
+++ '[' -d kernel ']'
+++++ realpath kernel
++++ basename /sdk/kernel-6.1
+++ KERNEL_DIR=kernel-6.1
+++ case "$KERNEL_DIR" in
+++ echo 6.1
+++ return 0
++ local KERNEL_CURRENT=6.1
++ load_config RK_KERNEL_PREFERRED
++ '[' -r /sdk/output/.config ']'
++ for var in $@
+++ grep '^RK_KERNEL_PREFERRED=' /sdk/output/.config
+++ tr -d '"'
++ export RK_KERNEL_PREFERRED=
++ echo default
++ grep -q '^kernel-'
++ '[' '' ']'
++ '[' 6.1 ']'
++ export RK_KERNEL_VERSION=6.1
++ RK_KERNEL_VERSION=6.1
++ notice 'Using last kernel version(6.1)'
++ rk_log 35 'Using last kernel version(6.1)'
++ LOG_COLOR=35
++ shift
++ '[' 'Using last kernel version(6.1)' = -n ']'
++ LOG_FLAG=-e
++ echo -e '\e[35mUsing last kernel version(6.1)\e[0m'
[35mUsing last kernel version(6.1)[0m
++ echo 6.1
++ '[' 6.1 '!=' 6.1 ']'
++ return 0
++ return 0
++ for cmd in $CMDS
+++ echo default
+++ grep -E '^kernel-6.1(:|$)'
+++ tr : ' '
++ ARGS=
++ '[' '' ']'
++ continue
++ for opt in $OPTS
++ for cmd in $CMDS
+++ echo all
+++ grep -E '^default(:|$)'
+++ tr : ' '
++ ARGS=
++ '[' '' ']'
++ continue
++ for cmd in $CMDS
+++ echo all
+++ grep -E '^kernel-6.1(:|$)'
+++ tr : ' '
++ ARGS=
++ '[' '' ']'
++ continue
++ exit 0
+ for hook in $(find "$dir" -maxdepth 1 -name "*.sh" | sort)
+ hook_check /sdk/device/rockchip/common/build-hooks/20-wifibt.sh init all
+ case "$2" in
++ realpath /sdk/device/rockchip/common/build-hooks/20-wifibt.sh --relative-to /sdk
+ SCRIPT=device/rockchip/common/scripts/mk-wifibt.sh
++ sed -n 's@^RK_init_CMDS[^ ]*\(.*\)" # device/rockchip/common/scripts/mk-wifibt.sh$@\1@ip' /sdk/output/.parsed_cmds
+ CMDS=
+ echo ''
+ grep -wq default
+ option_check '' all
+ CMDS=
+ shift
+ for opt in $@
+ return 1
+ continue
+ for hook in $(find "$dir" -maxdepth 1 -name "*.sh" | sort)
+ hook_check /sdk/device/rockchip/common/build-hooks/25-amp.sh init all
+ case "$2" in
++ realpath /sdk/device/rockchip/common/build-hooks/25-amp.sh --relative-to /sdk
+ SCRIPT=device/rockchip/common/scripts/mk-amp.sh
++ sed -n 's@^RK_init_CMDS[^ ]*\(.*\)" # device/rockchip/common/scripts/mk-amp.sh$@\1@ip' /sdk/output/.parsed_cmds
+ CMDS=
+ echo ''
+ grep -wq default
+ option_check '' all
+ CMDS=
+ shift
+ for opt in $@
+ return 1
+ continue
+ for hook in $(find "$dir" -maxdepth 1 -name "*.sh" | sort)
+ hook_check /sdk/device/rockchip/common/build-hooks/30-rootfs.sh init all
+ case "$2" in
++ realpath /sdk/device/rockchip/common/build-hooks/30-rootfs.sh --relative-to /sdk
+ SCRIPT=device/rockchip/common/scripts/mk-rootfs.sh
++ sed -n 's@^RK_init_CMDS[^ ]*\(.*\)" # device/rockchip/common/scripts/mk-rootfs.sh$@\1@ip' /sdk/output/.parsed_cmds
+ CMDS=' default buildroot debian yocto'
+ echo ' default buildroot debian yocto'
+ grep -wq default
+ return 0
+ /sdk/device/rockchip/common/build-hooks/30-rootfs.sh init all
+ INIT_CMDS='default buildroot debian yocto'
+ PRE_BUILD_CMDS='buildroot-config bconfig buildroot-make bmake'
+ BUILD_CMDS='rootfs buildroot debian yocto'
+ source /sdk/device/rockchip/common/build-hooks/build-helper
++ '[' -z '' ']'
++ '[' /sdk/device/rockchip/common/build-hooks/build-helper = /sdk/device/rockchip/common/build-hooks/30-rootfs.sh -o -z 2026-08-24_08-44-52 ']'
++ trap err_handler ERR
++ set -eE
++ cd /sdk
+++ basename /sdk/device/rockchip/common/build-hooks/30-rootfs
+++ date +%F_%H-%M-%S
++ LOG_FILE_NAME=30-rootfs-init_2026-08-24_08-44-52
++ case "$1" in
++ shift
++ try_hook init_hook 'default buildroot debian yocto' all
++ FUNC=init_hook
++ shift
++ CMDS='default buildroot debian yocto'
++ shift
++ echo 'default buildroot debian yocto'
++ grep -qE '^default( |$)'
++ OPTS='default all'
++ type init_hook
++ for opt in $OPTS
++ for cmd in $CMDS
+++ echo default
+++ grep -E '^default(:|$)'
+++ tr : ' '
++ ARGS=default
++ '[' default ']'
++ echo default
++ grep -wq dry-run
++ try_func init_hook default
++ type init_hook
++ case "${1%_hook}" in
++ init_hook default
++ load_config RK_ROOTFS
++ '[' -r /sdk/output/.config ']'
++ for var in $@
+++ tr -d '"'
+++ grep '^RK_ROOTFS=' /sdk/output/.config
++ export RK_ROOTFS=y
++ check_config RK_ROOTFS
++ '[' default '!=' default ']'
++ '[' '' ']'
++ return 0
++ return 0
++ for cmd in $CMDS
+++ echo default
+++ grep -E '^buildroot(:|$)'
+++ tr : ' '
++ ARGS=
++ '[' '' ']'
++ continue
++ for cmd in $CMDS
+++ echo default
+++ grep -E '^debian(:|$)'
+++ tr : ' '
++ ARGS=
++ '[' '' ']'
++ continue
++ for cmd in $CMDS
+++ echo default
+++ grep -E '^yocto(:|$)'
+++ tr : ' '
++ ARGS=
++ '[' '' ']'
++ continue
++ for opt in $OPTS
++ for cmd in $CMDS
+++ echo all
+++ grep -E '^default(:|$)'
+++ tr : ' '
++ ARGS=
++ '[' '' ']'
++ continue
++ for cmd in $CMDS
+++ echo all
+++ grep -E '^buildroot(:|$)'
+++ tr : ' '
++ ARGS=
++ '[' '' ']'
++ continue
++ for cmd in $CMDS
+++ echo all
+++ grep -E '^debian(:|$)'
+++ tr : ' '
++ ARGS=
++ '[' '' ']'
++ continue
++ for cmd in $CMDS
+++ echo all
+++ grep -E '^yocto(:|$)'
+++ tr : ' '
++ ARGS=
++ '[' '' ']'
++ continue
++ exit 0
+ for hook in $(find "$dir" -maxdepth 1 -name "*.sh" | sort)
+ hook_check /sdk/device/rockchip/common/build-hooks/40-recovery.sh init all
+ case "$2" in
++ realpath /sdk/device/rockchip/common/build-hooks/40-recovery.sh --relative-to /sdk
+ SCRIPT=device/rockchip/common/scripts/mk-recovery.sh
++ sed -n 's@^RK_init_CMDS[^ ]*\(.*\)" # device/rockchip/common/scripts/mk-recovery.sh$@\1@ip' /sdk/output/.parsed_cmds
+ CMDS=
+ echo ''
+ grep -wq default
+ option_check '' all
+ CMDS=
+ shift
+ for opt in $@
+ return 1
+ continue
+ for hook in $(find "$dir" -maxdepth 1 -name "*.sh" | sort)
+ hook_check /sdk/device/rockchip/common/build-hooks/60-security.sh init all
+ case "$2" in
++ realpath /sdk/device/rockchip/common/build-hooks/60-security.sh --relative-to /sdk
+ SCRIPT=device/rockchip/common/scripts/mk-security.sh
++ sed -n 's@^RK_init_CMDS[^ ]*\(.*\)" # device/rockchip/common/scripts/mk-security.sh$@\1@ip' /sdk/output/.parsed_cmds
+ CMDS=
+ echo ''
+ grep -wq default
+ option_check '' all
+ CMDS=
+ shift
+ for opt in $@
+ return 1
+ continue
+ for hook in $(find "$dir" -maxdepth 1 -name "*.sh" | sort)
+ hook_check /sdk/device/rockchip/common/build-hooks/70-loader.sh init all
+ case "$2" in
++ realpath /sdk/device/rockchip/common/build-hooks/70-loader.sh --relative-to /sdk
+ SCRIPT=device/rockchip/common/scripts/mk-loader.sh
++ sed -n 's@^RK_init_CMDS[^ ]*\(.*\)" # device/rockchip/common/scripts/mk-loader.sh$@\1@ip' /sdk/output/.parsed_cmds
+ CMDS=
+ echo ''
+ grep -wq default
+ option_check '' all
+ CMDS=
+ shift
+ for opt in $@
+ return 1
+ continue
+ for hook in $(find "$dir" -maxdepth 1 -name "*.sh" | sort)
+ hook_check /sdk/device/rockchip/common/build-hooks/75-extra-parts.sh init all
+ case "$2" in
++ realpath /sdk/device/rockchip/common/build-hooks/75-extra-parts.sh --relative-to /sdk
+ SCRIPT=device/rockchip/common/scripts/mk-extra-parts.sh
++ sed -n 's@^RK_init_CMDS[^ ]*\(.*\)" # device/rockchip/common/scripts/mk-extra-parts.sh$@\1@ip' /sdk/output/.parsed_cmds
+ CMDS=
+ echo ''
+ grep -wq default
+ option_check '' all
+ CMDS=
+ shift
+ for opt in $@
+ return 1
+ continue
+ for hook in $(find "$dir" -maxdepth 1 -name "*.sh" | sort)
+ hook_check /sdk/device/rockchip/common/build-hooks/80-firmware.sh init all
+ case "$2" in
++ realpath /sdk/device/rockchip/common/build-hooks/80-firmware.sh --relative-to /sdk
+ SCRIPT=device/rockchip/common/scripts/mk-firmware.sh
++ sed -n 's@^RK_init_CMDS[^ ]*\(.*\)" # device/rockchip/common/scripts/mk-firmware.sh$@\1@ip' /sdk/output/.parsed_cmds
+ CMDS=
+ echo ''
+ grep -wq default
+ option_check '' all
+ CMDS=
+ shift
+ for opt in $@
+ return 1
+ continue
+ for hook in $(find "$dir" -maxdepth 1 -name "*.sh" | sort)
+ hook_check /sdk/device/rockchip/common/build-hooks/90-updateimg.sh init all
+ case "$2" in
++ realpath /sdk/device/rockchip/common/build-hooks/90-updateimg.sh --relative-to /sdk
+ SCRIPT=device/rockchip/common/scripts/mk-updateimg.sh
++ sed -n 's@^RK_init_CMDS[^ ]*\(.*\)" # device/rockchip/common/scripts/mk-updateimg.sh$@\1@ip' /sdk/output/.parsed_cmds
+ CMDS=' edit-package-file edit-ota-package-file'
+ echo ' edit-package-file edit-ota-package-file'
+ grep -wq default
+ option_check ' edit-package-file edit-ota-package-file' all
+ CMDS=' edit-package-file edit-ota-package-file'
+ shift
+ for opt in $@
+ for cmd in $CMDS
+ echo all
+ grep -qE '^edit-package-file$'
+ for cmd in $CMDS
+ echo all
+ grep -qE '^edit-ota-package-file$'
+ return 1
+ continue
+ for hook in $(find "$dir" -maxdepth 1 -name "*.sh" | sort)
+ hook_check /sdk/device/rockchip/common/build-hooks/99-all.sh init all
+ case "$2" in
++ realpath /sdk/device/rockchip/common/build-hooks/99-all.sh --relative-to /sdk
+ SCRIPT=device/rockchip/common/scripts/mk-all.sh
++ sed -n 's@^RK_init_CMDS[^ ]*\(.*\)" # device/rockchip/common/scripts/mk-all.sh$@\1@ip' /sdk/output/.parsed_cmds
+ CMDS=
+ echo ''
+ grep -wq default
+ option_check '' all
+ CMDS=
+ shift
+ for opt in $@
+ return 1
+ continue
+ for hook in $(find "$dir" -maxdepth 1 -name "*.sh" | sort)
+ hook_check /sdk/device/rockchip/common/build-hooks/9999-shell.sh init all
+ case "$2" in
++ realpath /sdk/device/rockchip/common/build-hooks/9999-shell.sh --relative-to /sdk
+ SCRIPT=device/rockchip/common/scripts/mk-shell.sh
++ sed -n 's@^RK_init_CMDS[^ ]*\(.*\)" # device/rockchip/common/scripts/mk-shell.sh$@\1@ip' /sdk/output/.parsed_cmds
+ CMDS=
+ echo ''
+ grep -wq default
+ option_check '' all
+ CMDS=
+ shift
+ for opt in $@
+ return 1
+ continue
+ return 0
+ rm -f '/sdk/output/.tmpconfig*'
+ CMDS=' print-parts list-parts mod-parts edit-parts new-parts insert-part del-part move-part rename-part resize-part kernel-config kconfig kernel-make kmake buildroot-config bconfig buildroot-make bmake edit-package-file edit-ota-package-file shell buildroot-shell bshell  misc kernel-6.1 kernel recovery-kernel kernel-modules modules wifibt amp rootfs buildroot debian yocto recovery security-createkeys security-misc security-ramboot security-system loader uboot u-boot uefi all all-release  linux-headers extra-parts firmware updateimg ota-updateimg release 		cleanall clean-.* post-rootfs'
+ option_check ' print-parts list-parts mod-parts edit-parts new-parts insert-part del-part move-part rename-part resize-part kernel-config kconfig kernel-make kmake buildroot-config bconfig buildroot-make bmake edit-package-file edit-ota-package-file shell buildroot-shell bshell  misc kernel-6.1 kernel recovery-kernel kernel-modules modules wifibt amp rootfs buildroot debian yocto recovery security-createkeys security-misc security-ramboot security-system loader uboot u-boot uefi all all-release  linux-headers extra-parts firmware updateimg ota-updateimg release 		cleanall clean-.* post-rootfs' all
+ CMDS=' print-parts list-parts mod-parts edit-parts new-parts insert-part del-part move-part rename-part resize-part kernel-config kconfig kernel-make kmake buildroot-config bconfig buildroot-make bmake edit-package-file edit-ota-package-file shell buildroot-shell bshell  misc kernel-6.1 kernel recovery-kernel kernel-modules modules wifibt amp rootfs buildroot debian yocto recovery security-createkeys security-misc security-ramboot security-system loader uboot u-boot uefi all all-release  linux-headers extra-parts firmware updateimg ota-updateimg release 		cleanall clean-.* post-rootfs'
+ shift
+ for opt in $@
+ for cmd in $CMDS
+ echo all
+ grep -qE '^print-parts$'
+ for cmd in $CMDS
+ echo all
+ grep -qE '^list-parts$'
+ for cmd in $CMDS
+ echo all
+ grep -qE '^mod-parts$'
+ for cmd in $CMDS
+ echo all
+ grep -qE '^edit-parts$'
+ for cmd in $CMDS
+ echo all
+ grep -qE '^new-parts$'
+ for cmd in $CMDS
+ echo all
+ grep -qE '^insert-part$'
+ for cmd in $CMDS
+ echo all
+ grep -qE '^del-part$'
+ for cmd in $CMDS
+ echo all
+ grep -qE '^move-part$'
+ for cmd in $CMDS
+ echo all
+ grep -qE '^rename-part$'
+ for cmd in $CMDS
+ echo all
+ grep -qE '^resize-part$'
+ for cmd in $CMDS
+ echo all
+ grep -qE '^kernel-config$'
+ for cmd in $CMDS
+ echo all
+ grep -qE '^kconfig$'
+ for cmd in $CMDS
+ echo all
+ grep -qE '^kernel-make$'
+ for cmd in $CMDS
+ echo all
+ grep -qE '^kmake$'
+ for cmd in $CMDS
+ echo all
+ grep -qE '^buildroot-config$'
+ for cmd in $CMDS
+ echo all
+ grep -qE '^bconfig$'
+ for cmd in $CMDS
+ echo all
+ grep -qE '^buildroot-make$'
+ for cmd in $CMDS
+ echo all
+ grep -qE '^bmake$'
+ for cmd in $CMDS
+ echo all
+ grep -qE '^edit-package-file$'
+ for cmd in $CMDS
+ echo all
+ grep -qE '^edit-ota-package-file$'
+ for cmd in $CMDS
+ echo all
+ grep -qE '^shell$'
+ for cmd in $CMDS
+ echo all
+ grep -qE '^buildroot-shell$'
+ for cmd in $CMDS
+ echo all
+ grep -qE '^bshell$'
+ for cmd in $CMDS
+ echo all
+ grep -qE '^misc$'
+ for cmd in $CMDS
+ echo all
+ grep -qE '^kernel-6.1$'
+ for cmd in $CMDS
+ echo all
+ grep -qE '^kernel$'
+ for cmd in $CMDS
+ echo all
+ grep -qE '^recovery-kernel$'
+ for cmd in $CMDS
+ echo all
+ grep -qE '^kernel-modules$'
+ for cmd in $CMDS
+ echo all
+ grep -qE '^modules$'
+ for cmd in $CMDS
+ echo all
+ grep -qE '^wifibt$'
+ for cmd in $CMDS
+ echo all
+ grep -qE '^amp$'
+ for cmd in $CMDS
+ echo all
+ grep -qE '^rootfs$'
+ for cmd in $CMDS
+ echo all
+ grep -qE '^buildroot$'
+ for cmd in $CMDS
+ echo all
+ grep -qE '^debian$'
+ for cmd in $CMDS
+ echo all
+ grep -qE '^yocto$'
+ for cmd in $CMDS
+ echo all
+ grep -qE '^recovery$'
+ for cmd in $CMDS
+ echo all
+ grep -qE '^security-createkeys$'
+ for cmd in $CMDS
+ echo all
+ grep -qE '^security-misc$'
+ for cmd in $CMDS
+ echo all
+ grep -qE '^security-ramboot$'
+ for cmd in $CMDS
+ echo all
+ grep -qE '^security-system$'
+ for cmd in $CMDS
+ echo all
+ grep -qE '^loader$'
+ for cmd in $CMDS
+ echo all
+ grep -qE '^uboot$'
+ for cmd in $CMDS
+ echo all
+ grep -qE '^u-boot$'
+ for cmd in $CMDS
+ echo all
+ grep -qE '^uefi$'
+ for cmd in $CMDS
+ echo all
+ grep -qE '^all$'
+ return 0
+ set -a
+ source /sdk/output/.config
++ RK_DEFCONFIG=luckfox_lyra_plus_buildroot_spinand_defconfig
++ RK_CHIP_FAMILY=rk3506
++ RK_CHIP=rk3506
++ RK_CHIP_ARM32=y
++ RK_ROOTFS=y
++ RK_BUILDROOT=y
++ RK_BUILDROOT_BASE_CFG=rk3506_luckfox
++ RK_BUILDROOT_CFG=rockchip_rk3506_luckfox
++ RK_YOCTO_SUPPORTS=y
++ RK_ROOTFS_SYSTEM=buildroot
++ RK_ROOTFS_SYSTEM_BUILDROOT=y
++ RK_ROOTFS_TYPE=ubi
++ RK_ROOTFS_UBI=y
++ RK_ROOTFS_LD_CACHE=y
++ RK_ROOTFS_HOSTNAME_CUSTOM=y
++ RK_ROOTFS_HOSTNAME=luckfox
++ RK_ROOTFS_LOCALE_DEFAULT=y
++ RK_ROOTFS_INSTALL_MODULES=y
++ RK_ROOTFS_STRIP_MODULES=y
++ RK_ROOTFS_ASYNC_COMMIT=y
++ RK_ROOTFS_DEBUG_INFO=y
++ RK_ROOTFS_UDEV_RULES=y
++ RK_DISK_HELPERS_DEFAULT=y
++ RK_ROOTFS_OVERLAY=y
++ RK_USB_GADGET=y
++ RK_USB_VID=0x2207
++ RK_USB_PID=0
++ RK_USB_FW_VER=0x0310
++ RK_USB_MANUFACTURER=Rockchip
++ RK_USB_PRODUCT=rk3xxx
++ RK_USB_ADBD=y
++ RK_USB_ADBD_TCP_PORT=5555
++ RK_USB_ADBD_SHELL=/bin/bash
++ RK_USB_EXTRA=
++ RK_USB_HOOKS=
++ RK_EXTRA_FONTS_ENABLED_EN=y
++ RK_ROOTFS_INPUT_EVENT_DAEMON=y
++ RK_ROOTFS_IRQBALANCE=y
++ RK_ROOTFS_FSTRIM=y
++ RK_ROOTFS_FSTRIM_INTERVAL=3600
++ RK_ROOTFS_GENERATE_LOGS=y
++ RK_ROOTFS_PREFER_PREBUILT_TOOLS=y
++ RK_LUCKFOX_LYRA=y
++ RK_LUCKFOX_CONFIG=y
++ RK_ROOTFS_EXTRA_OVERLAY_DIRS=
++ RK_LOADER=y
++ RK_UBOOT_CFG=rk3506_luckfox
++ RK_UBOOT_CFG_FRAGMENTS=rk-amp
++ RK_UBOOT_OPTS=
++ RK_UBOOT_INI=
++ RK_UBOOT_TRUST_INI=
++ RK_UBOOT_SPL=y
++ RK_UBOOT_ARCH=arm
++ RK_UBOOT_ARM32=y
++ RK_AMP=y
++ RK_AMP_ARCH=arm
++ RK_AMP_ARM32=y
++ RK_AMP_HAL_TARGET=rk3506
++ RK_AMP_RTT_TARGET=rk3506-32
++ RK_AMP_MCU_HAL_TARGET=miranda-rt
++ RK_AMP_MCU_RTT_TARGET=rk3506-mcu
++ RK_AMP_CFG=
++ RK_AMP_FIT_ITS=amp_miranda.its
++ RK_AMP_RTT_ROOT_DATA=
++ RK_KERNEL=y
++ RK_KERNEL_PREFERRED=
++ RK_KERNEL_ARCH=arm
++ RK_KERNEL_ARM32=y
++ RK_KERNEL_CFG=rk3506_luckfox_defconfig
++ RK_KERNEL_CFG_FRAGMENTS='rk3506-display.config rockchip_amp.config miranda_amp.config'
++ RK_KERNEL_DTS_NAME=rk3506g-corley-lyra-plus
++ RK_KERNEL_DTS_DIR=kernel/arch/arm/boot/dts
++ RK_KERNEL_DTS=kernel/arch/arm/boot/dts/rk3506g-corley-lyra-plus.dts
++ RK_KERNEL_DTB=kernel/arch/arm/boot/dts/rk3506g-corley-lyra-plus.dtb
++ RK_KERNEL_IMG=kernel/arch/arm/boot/zImage
++ RK_BOOT_IMG=zboot.img
++ RK_BOOT_COMPRESSED=y
++ RK_BOOT_FIT_ITS_NAME=zboot.its
++ RK_BOOT_FIT_ITS=/sdk/device/rockchip/.chip/zboot.its
++ RK_EXTRA_PARTITION_NUM=0
++ RK_EXTRA_PARTITION_STR=@@@@
++ RK_PARAMETER=parameter-lyra-spinand.txt
++ RK_USE_FIT_IMG=y
++ RK_UPDATE=y
++ RK_PACKAGE_FILE_DEFAULT=y
++ RK_OTA_PACKAGE_FILE_DEFAULT=y
++ RK_OVERLAY=y
++ RK_SAVE_TRACKED=y
+ cp /sdk/output/.config /sdk/output/sessions/2026-08-24_08-44-52
++ kernel_version
++ '[' -d kernel ']'
++++ realpath kernel
+++ basename /sdk/kernel-6.1
++ KERNEL_DIR=kernel-6.1
++ case "$KERNEL_DIR" in
++ echo 6.1
++ return 0
+ export RK_KERNEL_VERSION=6.1
+ RK_KERNEL_VERSION=6.1
+ '[' -z 1 ']'
+ rm -f /sdk/output/sessions/2026-08-24_08-44-52/custom.env
++ grep '^RK_' /sdk/output/sessions/2026-08-24_08-44-52/initial.env
++ true
+ '[' -e /sdk/output/sessions/2026-08-24_08-44-52/custom.env ']'
+ '[' '!' -d /sdk/overlay ']'
+ source /sdk/device/rockchip/common/scripts/partition-helper
++ '[' /sdk/device/rockchip/common/scripts/partition-helper = ./build.sh -o -z 2026-08-24_08-44-52 ']'
++ PART_TABLE=/sdk/output/sessions/2026-08-24_08-44-52/part-table
++ HDR_PART='<hidden>'
+ rk_partition_init
+ rk_partition_parse
+ PARAMETER=/sdk/device/rockchip/.chip/parameter-lyra-spinand.txt
+ '[' '!' -r /sdk/device/rockchip/.chip/parameter-lyra-spinand.txt ']'
++ grep '^CMDLINE:' /sdk/device/rockchip/.chip/parameter-lyra-spinand.txt
++ grep -o '0x.*'
+ PARTS='0x00002000@0x00002000(uboot),0x00006000@0x00004000(boot),0x00067b00@0x00010000(rootfs),0x00007800@0x00077b00(config),-@0x0007f300(amp:grow)'
++ echo '0x00002000@0x00002000(uboot),0x00006000@0x00004000(boot),0x00067b00@0x00010000(rootfs),0x00007800@0x00077b00(config),-@0x0007f300(amp:grow)'
++ awk -F '[@():]' '{print $2}'
+ echo '<hidden> 0x00002000'
+ echo '0x00002000@0x00002000(uboot) 0x00006000@0x00004000(boot) 0x00067b00@0x00010000(rootfs) 0x00007800@0x00077b00(config) -@0x0007f300(amp:grow)'
+ xargs -n 1
+ awk -F '[@():]' '{print $3,$1}'
+ set +a
++ kernel_version_raw
++ '[' -d kernel ']'
++ VERSION_KEYS='VERSION PATCHLEVEL'
++ VERSION=
++ for k in $VERSION_KEYS
+++ grep '^VERSION = ' kernel/Makefile
+++ cut '-d ' -f3
++ v=6
++ VERSION=6
++ for k in $VERSION_KEYS
+++ grep '^PATCHLEVEL = ' kernel/Makefile
+++ cut '-d ' -f3
++ v=1
++ VERSION=6.1
++ echo 6.1
+ export RK_KERNEL_VERSION_RAW=6.1
+ RK_KERNEL_VERSION_RAW=6.1
++ kernel_version
++ '[' -d kernel ']'
++++ realpath kernel
+++ basename /sdk/kernel-6.1
++ KERNEL_DIR=kernel-6.1
++ case "$KERNEL_DIR" in
++ echo 6.1
++ return 0
+ export RK_KERNEL_VERSION=6.1
+ RK_KERNEL_VERSION=6.1
+ case "$OPTIONS" in
+ rm -f /sdk/output/sessions/2026-08-24_08-44-52/final.env
+ env
+ ln -rsf /sdk/output/sessions/2026-08-24_08-44-52/final.env /sdk/output/
+ message '\n=========================================='
+ rk_log 36 '\n=========================================='
+ LOG_COLOR=36
+ shift
+ '[' '\n==========================================' = -n ']'
+ LOG_FLAG=-e
+ echo -e '\e[36m\n==========================================\e[0m'
[36m
==========================================[0m
+ message '          Final configs'
+ rk_log 36 '          Final configs'
+ LOG_COLOR=36
+ shift
+ '[' '          Final configs' = -n ']'
+ LOG_FLAG=-e
+ echo -e '\e[36m          Final configs\e[0m'
[36m          Final configs[0m
+ message ==========================================
+ rk_log 36 ==========================================
+ LOG_COLOR=36
+ shift
+ '[' ========================================== = -n ']'
+ LOG_FLAG=-e
+ echo -e '\e[36m==========================================\e[0m'
[36m==========================================[0m
+ env
+ grep -E '^RK_.*=.+'
+ grep -vE 'PARTITION_[0-9]'
+ grep -vE '=""$|_DEFAULT=y|^RK_DEFAULT_TARGET|CMDS='
+ grep -vE '^RK_CONFIG|_BASE_CFG=|_LINK=|DIR=|_ENV=|_NAME=|_DTB='
+ grep -vE '_HELPER=|_SUPPORTS=|_ARM64=|_ARM=|_HOST='
+ grep -vE '^RK_ROOTFS_SYSTEM_|^RK_YOCTO_DISPLAY_PLATFORM_'
+ sort
RK_AMP=y
RK_AMP_ARCH=arm
RK_AMP_ARM32=y
RK_AMP_FIT_ITS=amp_miranda.its
RK_AMP_HAL_TARGET=rk3506
RK_AMP_MCU_HAL_TARGET=miranda-rt
RK_AMP_MCU_RTT_TARGET=rk3506-mcu
RK_AMP_RTT_TARGET=rk3506-32
RK_BOOT_COMPRESSED=y
RK_BOOT_FIT_ITS=/sdk/device/rockchip/.chip/zboot.its
RK_BOOT_IMG=zboot.img
RK_BUILDROOT=y
RK_BUILDROOT_CFG=rockchip_rk3506_luckfox
RK_CHIP=rk3506
RK_CHIP_ARM32=y
RK_CHIP_FAMILY=rk3506
RK_DEFCONFIG=luckfox_lyra_plus_buildroot_spinand_defconfig
RK_EXTRA_FONTS_ENABLED_EN=y
RK_EXTRA_PARTITION_NUM=0
RK_EXTRA_PARTITION_STR=@@@@
RK_KERNEL=y
RK_KERNEL_ARCH=arm
RK_KERNEL_ARM32=y
RK_KERNEL_CFG=rk3506_luckfox_defconfig
RK_KERNEL_CFG_FRAGMENTS=rk3506-display.config rockchip_amp.config miranda_amp.config
RK_KERNEL_DTS=kernel/arch/arm/boot/dts/rk3506g-corley-lyra-plus.dts
RK_KERNEL_IMG=kernel/arch/arm/boot/zImage
RK_KERNEL_VERSION=6.1
RK_KERNEL_VERSION_RAW=6.1
RK_LOADER=y
RK_LUCKFOX_CONFIG=y
RK_LUCKFOX_LYRA=y
RK_OVERLAY=y
RK_OWNER=builder
RK_OWNER_UID=1000
RK_PARAMETER=parameter-lyra-spinand.txt
RK_ROOTFS=y
RK_ROOTFS_ASYNC_COMMIT=y
RK_ROOTFS_DEBUG_INFO=y
RK_ROOTFS_FSTRIM=y
RK_ROOTFS_FSTRIM_INTERVAL=3600
RK_ROOTFS_GENERATE_LOGS=y
RK_ROOTFS_HOSTNAME=luckfox
RK_ROOTFS_HOSTNAME_CUSTOM=y
RK_ROOTFS_INPUT_EVENT_DAEMON=y
RK_ROOTFS_INSTALL_MODULES=y
RK_ROOTFS_IRQBALANCE=y
RK_ROOTFS_LD_CACHE=y
RK_ROOTFS_OVERLAY=y
RK_ROOTFS_PREFER_PREBUILT_TOOLS=y
RK_ROOTFS_STRIP_MODULES=y
RK_ROOTFS_SYSTEM=buildroot
RK_ROOTFS_TYPE=ubi
RK_ROOTFS_UBI=y
RK_ROOTFS_UDEV_RULES=y
RK_SAVE_TRACKED=y
RK_SESSION=2026-08-24_08-44-52
RK_UBOOT_ARCH=arm
RK_UBOOT_ARM32=y
RK_UBOOT_CFG=rk3506_luckfox
RK_UBOOT_CFG_FRAGMENTS=rk-amp
RK_UBOOT_SPL=y
RK_UPDATE=y
RK_USB_ADBD=y
RK_USB_ADBD_SHELL=/bin/bash
RK_USB_ADBD_TCP_PORT=5555
RK_USB_FW_VER=0x0310
RK_USB_GADGET=y
RK_USB_MANUFACTURER=Rockchip
RK_USB_PID=0
RK_USB_PRODUCT=rk3xxx
RK_USB_VID=0x2207
RK_USE_FIT_IMG=y
+ echo

+ run_build_hooks pre-build all
+ case "$1" in
+ run_hooks /sdk/device/rockchip/common/build-hooks pre-build all
+ DIR=/sdk/device/rockchip/common/build-hooks
+ shift
++ basename /sdk/device/rockchip/common/build-hooks
+ for dir in "$RK_CHIP_DIR/$(basename "$DIR")/" "$DIR"
+ '[' -d /sdk/device/rockchip/.chip/build-hooks/ ']'
+ continue
+ for dir in "$RK_CHIP_DIR/$(basename "$DIR")/" "$DIR"
+ '[' -d /sdk/device/rockchip/common/build-hooks ']'
++ find /sdk/device/rockchip/common/build-hooks -maxdepth 1 -name '*.sh'
++ sort
+ for hook in $(find "$dir" -maxdepth 1 -name "*.sh" | sort)
+ hook_check /sdk/device/rockchip/common/build-hooks/00-config.sh pre-build all
+ case "$2" in
++ realpath /sdk/device/rockchip/common/build-hooks/00-config.sh --relative-to /sdk
+ SCRIPT=device/rockchip/common/scripts/mk-config.sh
++ sed -n 's@^RK_pre_build_CMDS[^ ]*\(.*\)" # device/rockchip/common/scripts/mk-config.sh$@\1@ip' /sdk/output/.parsed_cmds
+ CMDS=
+ echo ''
+ grep -wq default
+ option_check '' all
+ CMDS=
+ shift
+ for opt in $@
+ return 1
+ continue
+ for hook in $(find "$dir" -maxdepth 1 -name "*.sh" | sort)
+ hook_check /sdk/device/rockchip/common/build-hooks/05-partitions.sh pre-build all
+ case "$2" in
++ realpath /sdk/device/rockchip/common/build-hooks/05-partitions.sh --relative-to /sdk
+ SCRIPT=device/rockchip/common/scripts/mk-partitions.sh
++ sed -n 's@^RK_pre_build_CMDS[^ ]*\(.*\)" # device/rockchip/common/scripts/mk-partitions.sh$@\1@ip' /sdk/output/.parsed_cmds
+ CMDS=' print-parts list-parts mod-parts edit-parts new-parts insert-part del-part move-part rename-part resize-part'
+ echo ' print-parts list-parts mod-parts edit-parts new-parts insert-part del-part move-part rename-part resize-part'
+ grep -wq default
+ option_check ' print-parts list-parts mod-parts edit-parts new-parts insert-part del-part move-part rename-part resize-part' all
+ CMDS=' print-parts list-parts mod-parts edit-parts new-parts insert-part del-part move-part rename-part resize-part'
+ shift
+ for opt in $@
+ for cmd in $CMDS
+ echo all
+ grep -qE '^print-parts$'
+ for cmd in $CMDS
+ echo all
+ grep -qE '^list-parts$'
+ for cmd in $CMDS
+ echo all
+ grep -qE '^mod-parts$'
+ for cmd in $CMDS
+ echo all
+ grep -qE '^edit-parts$'
+ for cmd in $CMDS
+ echo all
+ grep -qE '^new-parts$'
+ for cmd in $CMDS
+ echo all
+ grep -qE '^insert-part$'
+ for cmd in $CMDS
+ echo all
+ grep -qE '^del-part$'
+ for cmd in $CMDS
+ echo all
+ grep -qE '^move-part$'
+ for cmd in $CMDS
+ echo all
+ grep -qE '^rename-part$'
+ for cmd in $CMDS
+ echo all
+ grep -qE '^resize-part$'
+ return 1
+ continue
+ for hook in $(find "$dir" -maxdepth 1 -name "*.sh" | sort)
+ hook_check /sdk/device/rockchip/common/build-hooks/08-misc.sh pre-build all
+ case "$2" in
++ realpath /sdk/device/rockchip/common/build-hooks/08-misc.sh --relative-to /sdk
+ SCRIPT=device/rockchip/common/scripts/mk-misc.sh
++ sed -n 's@^RK_pre_build_CMDS[^ ]*\(.*\)" # device/rockchip/common/scripts/mk-misc.sh$@\1@ip' /sdk/output/.parsed_cmds
+ CMDS=
+ echo ''
+ grep -wq default
+ option_check '' all
+ CMDS=
+ shift
+ for opt in $@
+ return 1
+ continue
+ for hook in $(find "$dir" -maxdepth 1 -name "*.sh" | sort)
+ hook_check /sdk/device/rockchip/common/build-hooks/10-kernel.sh pre-build all
+ case "$2" in
++ realpath /sdk/device/rockchip/common/build-hooks/10-kernel.sh --relative-to /sdk
+ SCRIPT=device/rockchip/common/scripts/mk-kernel.sh
++ sed -n 's@^RK_pre_build_CMDS[^ ]*\(.*\)" # device/rockchip/common/scripts/mk-kernel.sh$@\1@ip' /sdk/output/.parsed_cmds
+ CMDS=' kernel-config kconfig kernel-make kmake'
+ echo ' kernel-config kconfig kernel-make kmake'
+ grep -wq default
+ option_check ' kernel-config kconfig kernel-make kmake' all
+ CMDS=' kernel-config kconfig kernel-make kmake'
+ shift
+ for opt in $@
+ for cmd in $CMDS
+ echo all
+ grep -qE '^kernel-config$'
+ for cmd in $CMDS
+ echo all
+ grep -qE '^kconfig$'
+ for cmd in $CMDS
+ echo all
+ grep -qE '^kernel-make$'
+ for cmd in $CMDS
+ echo all
+ grep -qE '^kmake$'
+ return 1
+ continue
+ for hook in $(find "$dir" -maxdepth 1 -name "*.sh" | sort)
+ hook_check /sdk/device/rockchip/common/build-hooks/20-wifibt.sh pre-build all
+ case "$2" in
++ realpath /sdk/device/rockchip/common/build-hooks/20-wifibt.sh --relative-to /sdk
+ SCRIPT=device/rockchip/common/scripts/mk-wifibt.sh
++ sed -n 's@^RK_pre_build_CMDS[^ ]*\(.*\)" # device/rockchip/common/scripts/mk-wifibt.sh$@\1@ip' /sdk/output/.parsed_cmds
+ CMDS=
+ echo ''
+ grep -wq default
+ option_check '' all
+ CMDS=
+ shift
+ for opt in $@
+ return 1
+ continue
+ for hook in $(find "$dir" -maxdepth 1 -name "*.sh" | sort)
+ hook_check /sdk/device/rockchip/common/build-hooks/25-amp.sh pre-build all
+ case "$2" in
++ realpath /sdk/device/rockchip/common/build-hooks/25-amp.sh --relative-to /sdk
+ SCRIPT=device/rockchip/common/scripts/mk-amp.sh
++ sed -n 's@^RK_pre_build_CMDS[^ ]*\(.*\)" # device/rockchip/common/scripts/mk-amp.sh$@\1@ip' /sdk/output/.parsed_cmds
+ CMDS=
+ echo ''
+ grep -wq default
+ option_check '' all
+ CMDS=
+ shift
+ for opt in $@
+ return 1
+ continue
+ for hook in $(find "$dir" -maxdepth 1 -name "*.sh" | sort)
+ hook_check /sdk/device/rockchip/common/build-hooks/30-rootfs.sh pre-build all
+ case "$2" in
++ realpath /sdk/device/rockchip/common/build-hooks/30-rootfs.sh --relative-to /sdk
+ SCRIPT=device/rockchip/common/scripts/mk-rootfs.sh
++ sed -n 's@^RK_pre_build_CMDS[^ ]*\(.*\)" # device/rockchip/common/scripts/mk-rootfs.sh$@\1@ip' /sdk/output/.parsed_cmds
+ CMDS=' buildroot-config bconfig buildroot-make bmake'
+ echo ' buildroot-config bconfig buildroot-make bmake'
+ grep -wq default
+ option_check ' buildroot-config bconfig buildroot-make bmake' all
+ CMDS=' buildroot-config bconfig buildroot-make bmake'
+ shift
+ for opt in $@
+ for cmd in $CMDS
+ echo all
+ grep -qE '^buildroot-config$'
+ for cmd in $CMDS
+ echo all
+ grep -qE '^bconfig$'
+ for cmd in $CMDS
+ echo all
+ grep -qE '^buildroot-make$'
+ for cmd in $CMDS
+ echo all
+ grep -qE '^bmake$'
+ return 1
+ continue
+ for hook in $(find "$dir" -maxdepth 1 -name "*.sh" | sort)
+ hook_check /sdk/device/rockchip/common/build-hooks/40-recovery.sh pre-build all
+ case "$2" in
++ realpath /sdk/device/rockchip/common/build-hooks/40-recovery.sh --relative-to /sdk
+ SCRIPT=device/rockchip/common/scripts/mk-recovery.sh
++ sed -n 's@^RK_pre_build_CMDS[^ ]*\(.*\)" # device/rockchip/common/scripts/mk-recovery.sh$@\1@ip' /sdk/output/.parsed_cmds
+ CMDS=
+ echo ''
+ grep -wq default
+ option_check '' all
+ CMDS=
+ shift
+ for opt in $@
+ return 1
+ continue
+ for hook in $(find "$dir" -maxdepth 1 -name "*.sh" | sort)
+ hook_check /sdk/device/rockchip/common/build-hooks/60-security.sh pre-build all
+ case "$2" in
++ realpath /sdk/device/rockchip/common/build-hooks/60-security.sh --relative-to /sdk
+ SCRIPT=device/rockchip/common/scripts/mk-security.sh
++ sed -n 's@^RK_pre_build_CMDS[^ ]*\(.*\)" # device/rockchip/common/scripts/mk-security.sh$@\1@ip' /sdk/output/.parsed_cmds
+ CMDS=
+ echo ''
+ grep -wq default
+ option_check '' all
+ CMDS=
+ shift
+ for opt in $@
+ return 1
+ continue
+ for hook in $(find "$dir" -maxdepth 1 -name "*.sh" | sort)
+ hook_check /sdk/device/rockchip/common/build-hooks/70-loader.sh pre-build all
+ case "$2" in
++ realpath /sdk/device/rockchip/common/build-hooks/70-loader.sh --relative-to /sdk
+ SCRIPT=device/rockchip/common/scripts/mk-loader.sh
++ sed -n 's@^RK_pre_build_CMDS[^ ]*\(.*\)" # device/rockchip/common/scripts/mk-loader.sh$@\1@ip' /sdk/output/.parsed_cmds
+ CMDS=
+ echo ''
+ grep -wq default
+ option_check '' all
+ CMDS=
+ shift
+ for opt in $@
+ return 1
+ continue
+ for hook in $(find "$dir" -maxdepth 1 -name "*.sh" | sort)
+ hook_check /sdk/device/rockchip/common/build-hooks/75-extra-parts.sh pre-build all
+ case "$2" in
++ realpath /sdk/device/rockchip/common/build-hooks/75-extra-parts.sh --relative-to /sdk
+ SCRIPT=device/rockchip/common/scripts/mk-extra-parts.sh
++ sed -n 's@^RK_pre_build_CMDS[^ ]*\(.*\)" # device/rockchip/common/scripts/mk-extra-parts.sh$@\1@ip' /sdk/output/.parsed_cmds
+ CMDS=
+ echo ''
+ grep -wq default
+ option_check '' all
+ CMDS=
+ shift
+ for opt in $@
+ return 1
+ continue
+ for hook in $(find "$dir" -maxdepth 1 -name "*.sh" | sort)
+ hook_check /sdk/device/rockchip/common/build-hooks/80-firmware.sh pre-build all
+ case "$2" in
++ realpath /sdk/device/rockchip/common/build-hooks/80-firmware.sh --relative-to /sdk
+ SCRIPT=device/rockchip/common/scripts/mk-firmware.sh
++ sed -n 's@^RK_pre_build_CMDS[^ ]*\(.*\)" # device/rockchip/common/scripts/mk-firmware.sh$@\1@ip' /sdk/output/.parsed_cmds
+ CMDS=
+ echo ''
+ grep -wq default
+ option_check '' all
+ CMDS=
+ shift
+ for opt in $@
+ return 1
+ continue
+ for hook in $(find "$dir" -maxdepth 1 -name "*.sh" | sort)
+ hook_check /sdk/device/rockchip/common/build-hooks/90-updateimg.sh pre-build all
+ case "$2" in
++ realpath /sdk/device/rockchip/common/build-hooks/90-updateimg.sh --relative-to /sdk
+ SCRIPT=device/rockchip/common/scripts/mk-updateimg.sh
++ sed -n 's@^RK_pre_build_CMDS[^ ]*\(.*\)" # device/rockchip/common/scripts/mk-updateimg.sh$@\1@ip' /sdk/output/.parsed_cmds
+ CMDS=' edit-package-file edit-ota-package-file'
+ echo ' edit-package-file edit-ota-package-file'
+ grep -wq default
+ option_check ' edit-package-file edit-ota-package-file' all
+ CMDS=' edit-package-file edit-ota-package-file'
+ shift
+ for opt in $@
+ for cmd in $CMDS
+ echo all
+ grep -qE '^edit-package-file$'
+ for cmd in $CMDS
+ echo all
+ grep -qE '^edit-ota-package-file$'
+ return 1
+ continue
+ for hook in $(find "$dir" -maxdepth 1 -name "*.sh" | sort)
+ hook_check /sdk/device/rockchip/common/build-hooks/99-all.sh pre-build all
+ case "$2" in
++ realpath /sdk/device/rockchip/common/build-hooks/99-all.sh --relative-to /sdk
+ SCRIPT=device/rockchip/common/scripts/mk-all.sh
++ sed -n 's@^RK_pre_build_CMDS[^ ]*\(.*\)" # device/rockchip/common/scripts/mk-all.sh$@\1@ip' /sdk/output/.parsed_cmds
+ CMDS=
+ echo ''
+ grep -wq default
+ option_check '' all
+ CMDS=
+ shift
+ for opt in $@
+ return 1
+ continue
+ for hook in $(find "$dir" -maxdepth 1 -name "*.sh" | sort)
+ hook_check /sdk/device/rockchip/common/build-hooks/9999-shell.sh pre-build all
+ case "$2" in
++ realpath /sdk/device/rockchip/common/build-hooks/9999-shell.sh --relative-to /sdk
+ SCRIPT=device/rockchip/common/scripts/mk-shell.sh
++ sed -n 's@^RK_pre_build_CMDS[^ ]*\(.*\)" # device/rockchip/common/scripts/mk-shell.sh$@\1@ip' /sdk/output/.parsed_cmds
+ CMDS=' shell buildroot-shell bshell'
+ echo ' shell buildroot-shell bshell'
+ grep -wq default
+ option_check ' shell buildroot-shell bshell' all
+ CMDS=' shell buildroot-shell bshell'
+ shift
+ for opt in $@
+ for cmd in $CMDS
+ echo all
+ grep -qE '^shell$'
+ for cmd in $CMDS
+ echo all
+ grep -qE '^buildroot-shell$'
+ for cmd in $CMDS
+ echo all
+ grep -qE '^bshell$'
+ return 1
+ continue
+ return 0
+ run_build_hooks build all
+ case "$1" in
++ start_log build
+++ date +%F_%H-%M-%S
++ LOG_FILE=/sdk/output/sessions/2026-08-24_08-44-52/build_2026-08-24_08-44-53.log
++ ln -rsf /sdk/output/sessions/2026-08-24_08-44-52/build_2026-08-24_08-44-53.log /sdk/output/sessions/2026-08-24_08-44-52/build.log
+++ date '+%F %T'
++ echo '# 2026-08-24 08:44:53'
++ echo /sdk/output/sessions/2026-08-24_08-44-52/build_2026-08-24_08-44-53.log
+ LOG_FILE=/sdk/output/sessions/2026-08-24_08-44-52/build_2026-08-24_08-44-53.log
+ echo -e '# run hook: build' 'all\n'
+ run_hooks /sdk/device/rockchip/common/build-hooks build all
+ tee -a /sdk/output/sessions/2026-08-24_08-44-52/build_2026-08-24_08-44-53.log
+ DIR=/sdk/device/rockchip/common/build-hooks
+ shift
++ basename /sdk/device/rockchip/common/build-hooks
+ for dir in "$RK_CHIP_DIR/$(basename "$DIR")/" "$DIR"
+ '[' -d /sdk/device/rockchip/.chip/build-hooks/ ']'
+ continue
+ for dir in "$RK_CHIP_DIR/$(basename "$DIR")/" "$DIR"
+ '[' -d /sdk/device/rockchip/common/build-hooks ']'
++ find /sdk/device/rockchip/common/build-hooks -maxdepth 1 -name '*.sh'
++ sort
+ for hook in $(find "$dir" -maxdepth 1 -name "*.sh" | sort)
+ hook_check /sdk/device/rockchip/common/build-hooks/00-config.sh build all
+ case "$2" in
++ realpath /sdk/device/rockchip/common/build-hooks/00-config.sh --relative-to /sdk
+ SCRIPT=device/rockchip/common/scripts/mk-config.sh
++ sed -n 's@^RK_build_CMDS[^ ]*\(.*\)" # device/rockchip/common/scripts/mk-config.sh$@\1@ip' /sdk/output/.parsed_cmds
+ CMDS=
+ echo ''
+ grep -wq default
+ option_check '' all
+ CMDS=
+ shift
+ for opt in $@
+ return 1
+ continue
+ for hook in $(find "$dir" -maxdepth 1 -name "*.sh" | sort)
+ hook_check /sdk/device/rockchip/common/build-hooks/05-partitions.sh build all
+ case "$2" in
++ realpath /sdk/device/rockchip/common/build-hooks/05-partitions.sh --relative-to /sdk
+ SCRIPT=device/rockchip/common/scripts/mk-partitions.sh
++ sed -n 's@^RK_build_CMDS[^ ]*\(.*\)" # device/rockchip/common/scripts/mk-partitions.sh$@\1@ip' /sdk/output/.parsed_cmds
+ CMDS=
+ echo ''
+ grep -wq default
+ option_check '' all
+ CMDS=
+ shift
+ for opt in $@
+ return 1
+ continue
+ for hook in $(find "$dir" -maxdepth 1 -name "*.sh" | sort)
+ hook_check /sdk/device/rockchip/common/build-hooks/08-misc.sh build all
+ case "$2" in
++ realpath /sdk/device/rockchip/common/build-hooks/08-misc.sh --relative-to /sdk
+ SCRIPT=device/rockchip/common/scripts/mk-misc.sh
++ sed -n 's@^RK_build_CMDS[^ ]*\(.*\)" # device/rockchip/common/scripts/mk-misc.sh$@\1@ip' /sdk/output/.parsed_cmds
+ CMDS=' misc'
+ echo ' misc'
+ grep -wq default
+ option_check ' misc' all
+ CMDS=' misc'
+ shift
+ for opt in $@
+ for cmd in $CMDS
+ echo all
+ grep -qE '^misc$'
+ return 1
+ continue
+ for hook in $(find "$dir" -maxdepth 1 -name "*.sh" | sort)
+ hook_check /sdk/device/rockchip/common/build-hooks/10-kernel.sh build all
+ case "$2" in
++ realpath /sdk/device/rockchip/common/build-hooks/10-kernel.sh --relative-to /sdk
+ SCRIPT=device/rockchip/common/scripts/mk-kernel.sh
++ sed -n 's@^RK_build_CMDS[^ ]*\(.*\)" # device/rockchip/common/scripts/mk-kernel.sh$@\1@ip' /sdk/output/.parsed_cmds
+ CMDS=' kernel-6.1 kernel recovery-kernel kernel-modules modules'
+ echo ' kernel-6.1 kernel recovery-kernel kernel-modules modules'
+ grep -wq default
+ option_check ' kernel-6.1 kernel recovery-kernel kernel-modules modules' all
+ CMDS=' kernel-6.1 kernel recovery-kernel kernel-modules modules'
+ shift
+ for opt in $@
+ for cmd in $CMDS
+ echo all
+ grep -qE '^kernel-6.1$'
+ for cmd in $CMDS
+ echo all
+ grep -qE '^kernel$'
+ for cmd in $CMDS
+ echo all
+ grep -qE '^recovery-kernel$'
+ for cmd in $CMDS
+ echo all
+ grep -qE '^kernel-modules$'
+ for cmd in $CMDS
+ echo all
+ grep -qE '^modules$'
+ return 1
+ continue
+ for hook in $(find "$dir" -maxdepth 1 -name "*.sh" | sort)
+ hook_check /sdk/device/rockchip/common/build-hooks/20-wifibt.sh build all
+ case "$2" in
++ realpath /sdk/device/rockchip/common/build-hooks/20-wifibt.sh --relative-to /sdk
+ SCRIPT=device/rockchip/common/scripts/mk-wifibt.sh
++ sed -n 's@^RK_build_CMDS[^ ]*\(.*\)" # device/rockchip/common/scripts/mk-wifibt.sh$@\1@ip' /sdk/output/.parsed_cmds
+ CMDS=' wifibt'
+ echo ' wifibt'
+ grep -wq default
+ option_check ' wifibt' all
+ CMDS=' wifibt'
+ shift
+ for opt in $@
+ for cmd in $CMDS
+ echo all
+ grep -qE '^wifibt$'
+ return 1
+ continue
+ for hook in $(find "$dir" -maxdepth 1 -name "*.sh" | sort)
+ hook_check /sdk/device/rockchip/common/build-hooks/25-amp.sh build all
+ case "$2" in
++ realpath /sdk/device/rockchip/common/build-hooks/25-amp.sh --relative-to /sdk
+ SCRIPT=device/rockchip/common/scripts/mk-amp.sh
++ sed -n 's@^RK_build_CMDS[^ ]*\(.*\)" # device/rockchip/common/scripts/mk-amp.sh$@\1@ip' /sdk/output/.parsed_cmds
+ CMDS=' amp'
+ echo ' amp'
+ grep -wq default
+ option_check ' amp' all
+ CMDS=' amp'
+ shift
+ for opt in $@
+ for cmd in $CMDS
+ echo all
+ grep -qE '^amp$'
+ return 1
+ continue
+ for hook in $(find "$dir" -maxdepth 1 -name "*.sh" | sort)
+ hook_check /sdk/device/rockchip/common/build-hooks/30-rootfs.sh build all
+ case "$2" in
++ realpath /sdk/device/rockchip/common/build-hooks/30-rootfs.sh --relative-to /sdk
+ SCRIPT=device/rockchip/common/scripts/mk-rootfs.sh
++ sed -n 's@^RK_build_CMDS[^ ]*\(.*\)" # device/rockchip/common/scripts/mk-rootfs.sh$@\1@ip' /sdk/output/.parsed_cmds
+ CMDS=' rootfs buildroot debian yocto'
+ grep -wq default
+ echo ' rootfs buildroot debian yocto'
+ option_check ' rootfs buildroot debian yocto' all
+ CMDS=' rootfs buildroot debian yocto'
+ shift
+ for opt in $@
+ for cmd in $CMDS
+ echo all
+ grep -qE '^rootfs$'
+ for cmd in $CMDS
+ echo all
+ grep -qE '^buildroot$'
+ for cmd in $CMDS
+ echo all
+ grep -qE '^debian$'
+ for cmd in $CMDS
+ echo all
+ grep -qE '^yocto$'
+ return 1
+ continue
+ for hook in $(find "$dir" -maxdepth 1 -name "*.sh" | sort)
+ hook_check /sdk/device/rockchip/common/build-hooks/40-recovery.sh build all
+ case "$2" in
++ realpath /sdk/device/rockchip/common/build-hooks/40-recovery.sh --relative-to /sdk
+ SCRIPT=device/rockchip/common/scripts/mk-recovery.sh
++ sed -n 's@^RK_build_CMDS[^ ]*\(.*\)" # device/rockchip/common/scripts/mk-recovery.sh$@\1@ip' /sdk/output/.parsed_cmds
+ CMDS=' recovery'
+ echo ' recovery'
+ grep -wq default
+ option_check ' recovery' all
+ CMDS=' recovery'
+ shift
+ for opt in $@
+ for cmd in $CMDS
+ echo all
+ grep -qE '^recovery$'
+ return 1
+ continue
+ for hook in $(find "$dir" -maxdepth 1 -name "*.sh" | sort)
+ hook_check /sdk/device/rockchip/common/build-hooks/60-security.sh build all
+ case "$2" in
++ realpath /sdk/device/rockchip/common/build-hooks/60-security.sh --relative-to /sdk
+ SCRIPT=device/rockchip/common/scripts/mk-security.sh
++ sed -n 's@^RK_build_CMDS[^ ]*\(.*\)" # device/rockchip/common/scripts/mk-security.sh$@\1@ip' /sdk/output/.parsed_cmds
+ CMDS=' security-createkeys security-misc security-ramboot security-system'
+ echo ' security-createkeys security-misc security-ramboot security-system'
+ grep -wq default
+ option_check ' security-createkeys security-misc security-ramboot security-system' all
+ CMDS=' security-createkeys security-misc security-ramboot security-system'
+ shift
+ for opt in $@
+ for cmd in $CMDS
+ echo all
+ grep -qE '^security-createkeys$'
+ for cmd in $CMDS
+ echo all
+ grep -qE '^security-misc$'
+ for cmd in $CMDS
+ echo all
+ grep -qE '^security-ramboot$'
+ for cmd in $CMDS
+ echo all
+ grep -qE '^security-system$'
+ return 1
+ continue
+ for hook in $(find "$dir" -maxdepth 1 -name "*.sh" | sort)
+ hook_check /sdk/device/rockchip/common/build-hooks/70-loader.sh build all
+ case "$2" in
++ realpath /sdk/device/rockchip/common/build-hooks/70-loader.sh --relative-to /sdk
+ SCRIPT=device/rockchip/common/scripts/mk-loader.sh
++ sed -n 's@^RK_build_CMDS[^ ]*\(.*\)" # device/rockchip/common/scripts/mk-loader.sh$@\1@ip' /sdk/output/.parsed_cmds
+ CMDS=' loader uboot u-boot uefi'
+ echo ' loader uboot u-boot uefi'
+ grep -wq default
+ option_check ' loader uboot u-boot uefi' all
+ CMDS=' loader uboot u-boot uefi'
+ shift
+ for opt in $@
+ for cmd in $CMDS
+ echo all
+ grep -qE '^loader$'
+ for cmd in $CMDS
+ echo all
+ grep -qE '^uboot$'
+ for cmd in $CMDS
+ echo all
+ grep -qE '^u-boot$'
+ for cmd in $CMDS
+ echo all
+ grep -qE '^uefi$'
+ return 1
+ continue
+ for hook in $(find "$dir" -maxdepth 1 -name "*.sh" | sort)
+ hook_check /sdk/device/rockchip/common/build-hooks/75-extra-parts.sh build all
+ case "$2" in
++ realpath /sdk/device/rockchip/common/build-hooks/75-extra-parts.sh --relative-to /sdk
+ SCRIPT=device/rockchip/common/scripts/mk-extra-parts.sh
++ sed -n 's@^RK_build_CMDS[^ ]*\(.*\)" # device/rockchip/common/scripts/mk-extra-parts.sh$@\1@ip' /sdk/output/.parsed_cmds
+ CMDS=
+ echo ''
+ grep -wq default
+ option_check '' all
+ CMDS=
+ shift
+ for opt in $@
+ return 1
+ continue
+ for hook in $(find "$dir" -maxdepth 1 -name "*.sh" | sort)
+ hook_check /sdk/device/rockchip/common/build-hooks/80-firmware.sh build all
+ case "$2" in
++ realpath /sdk/device/rockchip/common/build-hooks/80-firmware.sh --relative-to /sdk
+ SCRIPT=device/rockchip/common/scripts/mk-firmware.sh
++ sed -n 's@^RK_build_CMDS[^ ]*\(.*\)" # device/rockchip/common/scripts/mk-firmware.sh$@\1@ip' /sdk/output/.parsed_cmds
+ CMDS=
+ echo ''
+ grep -wq default
+ option_check '' all
+ CMDS=
+ shift
+ for opt in $@
+ return 1
+ continue
+ for hook in $(find "$dir" -maxdepth 1 -name "*.sh" | sort)
+ hook_check /sdk/device/rockchip/common/build-hooks/90-updateimg.sh build all
+ case "$2" in
++ realpath /sdk/device/rockchip/common/build-hooks/90-updateimg.sh --relative-to /sdk
+ SCRIPT=device/rockchip/common/scripts/mk-updateimg.sh
++ sed -n 's@^RK_build_CMDS[^ ]*\(.*\)" # device/rockchip/common/scripts/mk-updateimg.sh$@\1@ip' /sdk/output/.parsed_cmds
+ CMDS=
+ echo ''
+ grep -wq default
+ option_check '' all
+ CMDS=
+ shift
+ for opt in $@
+ return 1
+ continue
+ for hook in $(find "$dir" -maxdepth 1 -name "*.sh" | sort)
+ hook_check /sdk/device/rockchip/common/build-hooks/99-all.sh build all
+ case "$2" in
++ realpath /sdk/device/rockchip/common/build-hooks/99-all.sh --relative-to /sdk
+ SCRIPT=device/rockchip/common/scripts/mk-all.sh
++ sed -n 's@^RK_build_CMDS[^ ]*\(.*\)" # device/rockchip/common/scripts/mk-all.sh$@\1@ip' /sdk/output/.parsed_cmds
+ CMDS=' all all-release'
+ echo ' all all-release'
+ grep -wq default
+ option_check ' all all-release' all
+ CMDS=' all all-release'
+ shift
+ for opt in $@
+ for cmd in $CMDS
+ echo all
+ grep -qE '^all$'
+ return 0
+ /sdk/device/rockchip/common/build-hooks/99-all.sh build all
++ echo rk3506g-corley-lyra-plus
++ tr '[:lower:]' '[:upper:]'
+ BOARD=RK3506G-CORLEY-LYRA-PLUS
+ BUILD_CMDS='all all-release'
+ POST_BUILD_CMDS=release
+ source /sdk/device/rockchip/common/build-hooks/build-helper
++ '[' -z '' ']'
++ '[' /sdk/device/rockchip/common/build-hooks/build-helper = /sdk/device/rockchip/common/build-hooks/99-all.sh -o -z 2026-08-24_08-44-52 ']'
++ trap err_handler ERR
++ set -eE
++ cd /sdk
+++ basename /sdk/device/rockchip/common/build-hooks/99-all
+++ date +%F_%H-%M-%S
++ LOG_FILE_NAME=99-all-build_2026-08-24_08-44-53
++ case "$1" in
++ shift
++ try_hook build_hook 'all all-release' all
++ FUNC=build_hook
++ shift
++ CMDS='all all-release'
++ shift
++ echo 'all all-release'
++ grep -qE '^default( |$)'
++ OPTS='all default'
++ type build_hook
++ for opt in $OPTS
++ for cmd in $CMDS
+++ echo all
+++ grep -E '^all(:|$)'
+++ tr : ' '
++ ARGS=all
++ '[' all ']'
++ echo all
++ grep -wq dry-run
++ try_func build_hook all
++ type build_hook
++ case "${1%_hook}" in
++ '[' '' ']'
+++ start_log 99-all-build 99-all-build_2026-08-24_08-44-53
+++ LOG_FILE=/sdk/output/sessions/2026-08-24_08-44-52/99-all-build_2026-08-24_08-44-53.log
+++ ln -rsf /sdk/output/sessions/2026-08-24_08-44-52/99-all-build_2026-08-24_08-44-53.log /sdk/output/sessions/2026-08-24_08-44-52/99-all-build.log
++++ date '+%F %T'
+++ echo '# 2026-08-24 08:44:53'
+++ echo /sdk/output/sessions/2026-08-24_08-44-52/99-all-build_2026-08-24_08-44-53.log
++ LOG_FILE=/sdk/output/sessions/2026-08-24_08-44-52/99-all-build_2026-08-24_08-44-53.log
++ echo -e '# run func: build_hook' 'all\n'
++ build_hook all
++ tee -a /sdk/output/sessions/2026-08-24_08-44-52/99-all-build_2026-08-24_08-44-53.log
++ case "$1" in
++ build_all
++ message ==========================================
++ rk_log 36 ==========================================
++ LOG_COLOR=36
++ shift
++ '[' ========================================== = -n ']'
++ LOG_FLAG=-e
++ echo -e '\e[36m==========================================\e[0m'
[36m==========================================[0m
++ message '          Start building all images'
++ rk_log 36 '          Start building all images'
++ LOG_COLOR=36
++ shift
++ '[' '          Start building all images' = -n ']'
++ LOG_FLAG=-e
++ echo -e '\e[36m          Start building all images\e[0m'
[36m          Start building all images[0m
++ message ==========================================
++ rk_log 36 ==========================================
++ LOG_COLOR=36
++ shift
++ '[' ========================================== = -n ']'
++ LOG_FLAG=-e
++ echo -e '\e[36m==========================================\e[0m'
[36m==========================================[0m
++ rm -rf /sdk/output/firmware
++ mkdir -p /sdk/output/firmware
++ /sdk/device/rockchip/common/scripts/check-security.sh keys
+ RK_SCRIPTS_DIR=/sdk/device/rockchip/common/scripts
+ RK_SDK_DIR=/sdk
+ UBOOT=/sdk/u-boot
+ KERNEL=/sdk/kernel
+ BUILDROOT=/sdk/buildroot
+ RK_SIGN_TOOL=/sdk/rkbin/tools/rk_sign_tool
+ ROOTFS_UPDATE_ENGINEBIN_CONFIGS=' 	BR2_PACKAGE_RECOVERY 	BR2_PACKAGE_RECOVERY_UPDATEENGINEBIN'
+ ROOTFS_AB_FIXED_CONFIGS=' 	 	BR2_PACKAGE_RECOVERY 	BR2_PACKAGE_RECOVERY_UPDATEENGINEBIN 	BR2_PACKAGE_RECOVERY_BOOTCONTROL'
+ UBOOT_FIT_FIXED_CONFIGS=' 	CONFIG_FIT_SIGNATURE 	CONFIG_SPL_FIT_SIGNATURE'
+ UBOOT_AVB_FIXED_CONFIGS=' 	CONFIG_ANDROID_AVB 	CONFIG_AVB_LIBAVB 	CONFIG_AVB_LIBAVB_AB 	CONFIG_AVB_LIBAVB_ATX 	CONFIG_AVB_LIBAVB_USER 	CONFIG_RK_AVB_LIBAVB_USER 	CONFIG_OPTEE_CLIENT 	CONFIG_AVB_VBMETA_PUBLIC_KEY_VALIDATE 	CONFIG_RK_AVB_LIBAVB_ENABLE_ATH_UNLOCK 	CONFIG_OPTEE_V.'
+ RAMBOOT_FIXED_CONFIG=' 	BR2_PACKAGE_TEE_USER_APP 	BR2_PACKAGE_LUKSMETA'
+ BOOT_FIXED_CONFIGS=' 	CONFIG_BLK_DEV_DM 	CONFIG_DM_CRYPT 	CONFIG_DM_VERITY'
+ BOOT_FIXED_UNDER_6_1_CONFIG='
	CONFIG_BLK_DEV_CRYPTOLOOP'
+ BOOT_OPTEE_FIXED_CONFIGS=' 	CONFIG_TEE 	CONFIG_OPTEE'
+ '[' 2026-08-24_08-44-52 ']'
+ rk_security_check_sdk keys
+ '[' '!' -z '' ']'
+ return 0
++ '[' -z '' ']'
++ '[' -z y ']'
++ /sdk/device/rockchip/common/scripts/mk-loader.sh
+ BUILD_CMDS='loader uboot u-boot uefi'
+ source /sdk/device/rockchip/common/build-hooks/build-helper
++ '[' -z '' ']'
++ '[' /sdk/device/rockchip/common/build-hooks/build-helper = /sdk/device/rockchip/common/scripts/mk-loader.sh -o -z 2026-08-24_08-44-52 ']'
++ trap err_handler ERR
++ set -eE
++ cd /sdk
+++ basename /sdk/device/rockchip/common/scripts/mk-loader
+++ date +%F_%H-%M-%S
++ LOG_FILE_NAME=mk-loader-_2026-08-24_08-44-53
++ case "$1" in
++ '[' '' ']'
++ '[' '' = dry-run ']'
+ build_hook loader
+ echo rk3506_luckfox rk-amp
+ grep -q aarch32
++ get_toolchain U-Boot arm
++ MODULE=U-Boot
++ TC_ARCH=arm
++ TC_VENDOR=none
++ TC_OS=linux
+++ uname -m
++ MACHINE=x86_64
++ '[' x86_64 '!=' x86_64 ']'
++ '[' rk3506 = rv1126_rv1109 ']'
++ TC_DIR=/sdk/prebuilts/gcc/linux-x86/arm
++ '[' none ']'
++ TC_PATTERN='arm-none-linux-[^-]*-gcc'
+++ find /sdk/prebuilts/gcc/linux-x86/arm -name '*gcc'
+++ grep -m 1 '/arm-none-linux-[^-]*-gcc$'
++ GCC=/sdk/prebuilts/gcc/linux-x86/arm/gcc-arm-10.3-2021.07-x86_64-arm-none-linux-gnueabihf/bin/arm-none-linux-gnueabihf-gcc
++ '[' '!' -x /sdk/prebuilts/gcc/linux-x86/arm/gcc-arm-10.3-2021.07-x86_64-arm-none-linux-gnueabihf/bin/arm-none-linux-gnueabihf-gcc ']'
++ echo /sdk/prebuilts/gcc/linux-x86/arm/gcc-arm-10.3-2021.07-x86_64-arm-none-linux-gnueabihf/bin/arm-none-linux-gnueabihf-
+ RK_UBOOT_TOOLCHAIN=/sdk/prebuilts/gcc/linux-x86/arm/gcc-arm-10.3-2021.07-x86_64-arm-none-linux-gnueabihf/bin/arm-none-linux-gnueabihf-
+ '[' /sdk/prebuilts/gcc/linux-x86/arm/gcc-arm-10.3-2021.07-x86_64-arm-none-linux-gnueabihf/bin/arm-none-linux-gnueabihf- ']'
+ message 'Toolchain for loader (U-Boot):'
+ rk_log 36 'Toolchain for loader (U-Boot):'
+ LOG_COLOR=36
+ shift
+ '[' 'Toolchain for loader (U-Boot):' = -n ']'
+ LOG_FLAG=-e
+ echo -e '\e[36mToolchain for loader (U-Boot):\e[0m'
[36mToolchain for loader (U-Boot):[0m
+ message /sdk/prebuilts/gcc/linux-x86/arm/gcc-arm-10.3-2021.07-x86_64-arm-none-linux-gnueabihf/bin/arm-none-linux-gnueabihf-
+ rk_log 36 /sdk/prebuilts/gcc/linux-x86/arm/gcc-arm-10.3-2021.07-x86_64-arm-none-linux-gnueabihf/bin/arm-none-linux-gnueabihf-
+ LOG_COLOR=36
+ shift
+ '[' /sdk/prebuilts/gcc/linux-x86/arm/gcc-arm-10.3-2021.07-x86_64-arm-none-linux-gnueabihf/bin/arm-none-linux-gnueabihf- = -n ']'
+ LOG_FLAG=-e
+ echo -e '\e[36m/sdk/prebuilts/gcc/linux-x86/arm/gcc-arm-10.3-2021.07-x86_64-arm-none-linux-gnueabihf/bin/arm-none-linux-gnueabihf-\e[0m'
[36m/sdk/prebuilts/gcc/linux-x86/arm/gcc-arm-10.3-2021.07-x86_64-arm-none-linux-gnueabihf/bin/arm-none-linux-gnueabihf-[0m
+ echo

+ export 'UMAKE=./make.sh CROSS_COMPILE=/sdk/prebuilts/gcc/linux-x86/arm/gcc-arm-10.3-2021.07-x86_64-arm-none-linux-gnueabihf/bin/arm-none-linux-gnueabihf-'
+ UMAKE='./make.sh CROSS_COMPILE=/sdk/prebuilts/gcc/linux-x86/arm/gcc-arm-10.3-2021.07-x86_64-arm-none-linux-gnueabihf/bin/arm-none-linux-gnueabihf-'
+ '[' '' ']'
+ message ==========================================
+ rk_log 36 ==========================================
+ LOG_COLOR=36
+ shift
+ '[' ========================================== = -n ']'
+ LOG_FLAG=-e
+ echo -e '\e[36m==========================================\e[0m'
[36m==========================================[0m
+ message '          Start building loader'
+ rk_log 36 '          Start building loader'
+ LOG_COLOR=36
+ shift
+ '[' '          Start building loader' = -n ']'
+ LOG_FLAG=-e
+ echo -e '\e[36m          Start building loader\e[0m'
[36m          Start building loader[0m
+ message ==========================================
+ rk_log 36 ==========================================
+ LOG_COLOR=36
+ shift
+ '[' ========================================== = -n ']'
+ LOG_FLAG=-e
+ echo -e '\e[36m==========================================\e[0m'
[36m==========================================[0m
+ TARGET=loader
+ shift
+ case "$TARGET" in
+ build_uboot
+ check_config RK_LOADER RK_UBOOT_CFG
+ unset missing
+ for var in $@
+ eval '[' -z '"$RK_LOADER"' ']'
++ '[' -z y ']'
+ continue
+ for var in $@
+ eval '[' -z '"$RK_UBOOT_CFG"' ']'
++ '[' -z rk3506_luckfox ']'
+ continue
+ '[' '' ']'
+ return 0
+ '[' -z '' ']'
+ rm -f 'u-boot/*.bin' 'u-boot/*.img'
+ /sdk/device/rockchip/common/scripts/check-loader.sh
+ RK_SCRIPTS_DIR=/sdk/device/rockchip/common/scripts
+ which python2
+ UARGS_COMMON=' 		 		'
+ UARGS=' 		 		 --spl-new'
+ '[' '!' '' ']'
+ run_command cd u-boot
+ '[' '' ']'
+ notice '+ cd' u-boot
+ rk_log 35 '+ cd' u-boot
+ LOG_COLOR=35
+ shift
+ '[' '+ cd' = -n ']'
+ LOG_FLAG=-e
+ echo -e '\e[35m+ cd' 'u-boot\e[0m'
[35m+ cd u-boot[0m
+ cd u-boot
+ run_command ./make.sh CROSS_COMPILE=/sdk/prebuilts/gcc/linux-x86/arm/gcc-arm-10.3-2021.07-x86_64-arm-none-linux-gnueabihf/bin/arm-none-linux-gnueabihf- rk3506_luckfox rk-amp --spl-new
+ '[' '' ']'
+ notice '+ ./make.sh' CROSS_COMPILE=/sdk/prebuilts/gcc/linux-x86/arm/gcc-arm-10.3-2021.07-x86_64-arm-none-linux-gnueabihf/bin/arm-none-linux-gnueabihf- rk3506_luckfox rk-amp --spl-new
+ rk_log 35 '+ ./make.sh' CROSS_COMPILE=/sdk/prebuilts/gcc/linux-x86/arm/gcc-arm-10.3-2021.07-x86_64-arm-none-linux-gnueabihf/bin/arm-none-linux-gnueabihf- rk3506_luckfox rk-amp --spl-new
+ LOG_COLOR=35
+ shift
+ '[' '+ ./make.sh' = -n ']'
+ LOG_FLAG=-e
+ echo -e '\e[35m+ ./make.sh' CROSS_COMPILE=/sdk/prebuilts/gcc/linux-x86/arm/gcc-arm-10.3-2021.07-x86_64-arm-none-linux-gnueabihf/bin/arm-none-linux-gnueabihf- rk3506_luckfox rk-amp '--spl-new\e[0m'
[35m+ ./make.sh CROSS_COMPILE=/sdk/prebuilts/gcc/linux-x86/arm/gcc-arm-10.3-2021.07-x86_64-arm-none-linux-gnueabihf/bin/arm-none-linux-gnueabihf- rk3506_luckfox rk-amp --spl-new[0m
+ ./make.sh CROSS_COMPILE=/sdk/prebuilts/gcc/linux-x86/arm/gcc-arm-10.3-2021.07-x86_64-arm-none-linux-gnueabihf/bin/arm-none-linux-gnueabihf- rk3506_luckfox rk-amp --spl-new
+ set -e
++ sed -n 'N;/processor/p' /proc/cpuinfo
++ wc -l
+ JOB=16
++ ls configs/android6.0-rk3399_defconfig configs/dserve_dsrv9703c_defconfig configs/evb-aarch32-rk3308_defconfig configs/evb-px30_defconfig configs/evb-rk3036_defconfig configs/evb-rk3066_defconfig configs/evb-rk3128_defconfig configs/evb-rk3229_defconfig configs/evb-rk3288-rk1608_defconfig configs/evb-rk3288_defconfig configs/evb-rk3308_defconfig configs/evb-rk3326_defconfig configs/evb-rk3328_defconfig configs/evb-rk3399_defconfig configs/evb-rv1108_defconfig configs/fennec-rk3288_defconfig configs/firefly-rk3288_defconfig configs/firefly-rk3399_defconfig configs/gva-rk3229_defconfig configs/kylin-rk3036_defconfig configs/lion-rk3368_defconfig configs/miqi-rk3288_defconfig configs/nokia_rx51_defconfig configs/phycore-rk3288_defconfig configs/popmetal-rk3288_defconfig configs/puma-rk3399_defconfig configs/px30-tb_defconfig configs/px30_defconfig configs/rk1806_defconfig configs/rk1808_defconfig configs/rk3036_defconfig configs/rk3126_defconfig configs/rk3128_defconfig configs/rk3128x_defconfig configs/rk322x_defconfig configs/rk3288_defconfig configs/rk3308-aarch32-amp_defconfig configs/rk3308-aarch32_defconfig configs/rk3308_defconfig configs/rk3326-aarch32_defconfig configs/rk3326_defconfig configs/rk3328_defconfig configs/rk3368_defconfig configs/rk3399_defconfig configs/rk3399pro_defconfig configs/rk3506_defconfig configs/rk3506_luckfox_defconfig configs/rk3528_defconfig configs/rk3562_defconfig configs/rk3568-pcie-ep_defconfig configs/rk3568-spl-spi-nand_defconfig configs/rk3568_defconfig configs/rk3576_defconfig configs/rk3588-qnx_defconfig configs/rk3588_defconfig configs/rv1103b-spi-nor_defconfig configs/rv1103b_defconfig configs/rv1106-emmc-tb-nofastae_defconfig configs/rv1106-emmc-tb_defconfig configs/rv1106-spi-nand-tb-nofastae_defconfig configs/rv1106-spi-nand-tb_defconfig configs/rv1106-spi-nor-tb-nofastae_defconfig configs/rv1106-spi-nor-tb_defconfig configs/rv1106-spi-nor_defconfig configs/rv1106_defconfig configs/rv1106b-fastboot-emmc_defconfig configs/rv1106b-fastboot-spi-nand_defconfig configs/rv1106b-fastboot-spi-nor_defconfig configs/rv1106b-tb-emmc_defconfig configs/rv1106b-tb-spi-nand_defconfig configs/rv1106b_defconfig configs/rv1126-spi-nor-tiny_defconfig configs/rv1126-spl-slc-nand_defconfig configs/rv1126-spl-spi-nand_defconfig configs/rv1126_defconfig configs/sheep-rk3368_defconfig configs/tinker-rk3288_defconfig configs/vyasa-rk3288_defconfig
+ SUPPORT_LIST='configs/android6.0-rk3399_defconfig
configs/dserve_dsrv9703c_defconfig
configs/evb-aarch32-rk3308_defconfig
configs/evb-px30_defconfig
configs/evb-rk3036_defconfig
configs/evb-rk3066_defconfig
configs/evb-rk3128_defconfig
configs/evb-rk3229_defconfig
configs/evb-rk3288-rk1608_defconfig
configs/evb-rk3288_defconfig
configs/evb-rk3308_defconfig
configs/evb-rk3326_defconfig
configs/evb-rk3328_defconfig
configs/evb-rk3399_defconfig
configs/evb-rv1108_defconfig
configs/fennec-rk3288_defconfig
configs/firefly-rk3288_defconfig
configs/firefly-rk3399_defconfig
configs/gva-rk3229_defconfig
configs/kylin-rk3036_defconfig
configs/lion-rk3368_defconfig
configs/miqi-rk3288_defconfig
configs/nokia_rx51_defconfig
configs/phycore-rk3288_defconfig
configs/popmetal-rk3288_defconfig
configs/puma-rk3399_defconfig
configs/px30-tb_defconfig
configs/px30_defconfig
configs/rk1806_defconfig
configs/rk1808_defconfig
configs/rk3036_defconfig
configs/rk3126_defconfig
configs/rk3128_defconfig
configs/rk3128x_defconfig
configs/rk322x_defconfig
configs/rk3288_defconfig
configs/rk3308-aarch32-amp_defconfig
configs/rk3308-aarch32_defconfig
configs/rk3308_defconfig
configs/rk3326-aarch32_defconfig
configs/rk3326_defconfig
configs/rk3328_defconfig
configs/rk3368_defconfig
configs/rk3399_defconfig
configs/rk3399pro_defconfig
configs/rk3506_defconfig
configs/rk3506_luckfox_defconfig
configs/rk3528_defconfig
configs/rk3562_defconfig
configs/rk3568-pcie-ep_defconfig
configs/rk3568-spl-spi-nand_defconfig
configs/rk3568_defconfig
configs/rk3576_defconfig
configs/rk3588-qnx_defconfig
configs/rk3588_defconfig
configs/rv1103b-spi-nor_defconfig
configs/rv1103b_defconfig
configs/rv1106-emmc-tb-nofastae_defconfig
configs/rv1106-emmc-tb_defconfig
configs/rv1106-spi-nand-tb-nofastae_defconfig
configs/rv1106-spi-nand-tb_defconfig
configs/rv1106-spi-nor-tb-nofastae_defconfig
configs/rv1106-spi-nor-tb_defconfig
configs/rv1106-spi-nor_defconfig
configs/rv1106_defconfig
configs/rv1106b-fastboot-emmc_defconfig
configs/rv1106b-fastboot-spi-nand_defconfig
configs/rv1106b-fastboot-spi-nor_defconfig
configs/rv1106b-tb-emmc_defconfig
configs/rv1106b-tb-spi-nand_defconfig
configs/rv1106b_defconfig
configs/rv1126-spi-nor-tiny_defconfig
configs/rv1126-spl-slc-nand_defconfig
configs/rv1126-spl-spi-nand_defconfig
configs/rv1126_defconfig
configs/sheep-rk3368_defconfig
configs/tinker-rk3288_defconfig
configs/vyasa-rk3288_defconfig'
+ CMD_ARGS=CROSS_COMPILE=/sdk/prebuilts/gcc/linux-x86/arm/gcc-arm-10.3-2021.07-x86_64-arm-none-linux-gnueabihf/bin/arm-none-linux-gnueabihf-
+ RKBIN_TOOLS=../rkbin/tools
+ CROSS_COMPILE_ARM32=../prebuilts/gcc/linux-x86/arm/gcc-linaro-6.3.1-2017.05-x86_64_arm-linux-gnueabihf/bin/arm-linux-gnueabihf-
+ CROSS_COMPILE_ARM64=../prebuilts/gcc/linux-x86/aarch64/gcc-linaro-6.3.1-2017.05-x86_64_aarch64-linux-gnu/bin/aarch64-linux-gnu-
+ RKCHIP=
+ RKCHIP_LABEL=
+ RKCHIP_LOADER=
+ RKCHIP_TRUST=
+ INI_TRUST=
+ INI_LOADER=
+ RKBIN=
+ TOOLCHAIN=
+ TOOLCHAIN_NM=
+ TOOLCHAIN_OBJDUMP=
+ TOOLCHAIN_ADDR2LINE=
+ PLAT_RSA=
+ PLAT_SHA=
+ PLAT_UBOOT_SIZE=
+ PLAT_TRUST_SIZE=
+ PLAT_TYPE=RKFW
++ pwd
+ SRCTREE=/sdk/u-boot
+ SCRIPT_FIT=/sdk/u-boot/scripts/fit.sh
+ SCRIPT_ATF=/sdk/u-boot/scripts/atf.sh
+ SCRIPT_TOS=/sdk/u-boot/scripts/tos.sh
+ SCRIPT_SPL=/sdk/u-boot/scripts/spl.sh
+ SCRIPT_UBOOT=/sdk/u-boot/scripts/uboot.sh
+ SCRIPT_LOADER=/sdk/u-boot/scripts/loader.sh
+ SCRIPT_DECOMP=/sdk/u-boot/scripts/decomp.sh
+ SCRIPT_CHECKCONFIG=/sdk/u-boot/scripts/check-rkconfig.sh
+ CC_FILE=.cc
+ REP_DIR=./rep
+ process_args CROSS_COMPILE=/sdk/prebuilts/gcc/linux-x86/arm/gcc-arm-10.3-2021.07-x86_64-arm-none-linux-gnueabihf/bin/arm-none-linux-gnueabihf- rk3506_luckfox rk-amp --spl-new
+ '[' 4 -gt 0 ']'
+ case $1 in
+ ARG_COMPILE=y
+ CROSS_COMPILE_ARM32=/sdk/prebuilts/gcc/linux-x86/arm/gcc-arm-10.3-2021.07-x86_64-arm-none-linux-gnueabihf/bin/arm-none-linux-gnueabihf-
+ CROSS_COMPILE_ARM64=/sdk/prebuilts/gcc/linux-x86/arm/gcc-arm-10.3-2021.07-x86_64-arm-none-linux-gnueabihf/bin/arm-none-linux-gnueabihf-
+ '[' CROSS_COMPILE=/sdk/prebuilts/gcc/linux-x86/arm/gcc-arm-10.3-2021.07-x86_64-arm-none-linux-gnueabihf/bin/arm-none-linux-gnueabihf- == CROSS_COMPILE=/sdk/prebuilts/gcc/linux-x86/arm/gcc-arm-10.3-2021.07-x86_64-arm-none-linux-gnueabihf/bin/arm-none-linux-gnueabihf- ']'
+ shift 1
+ CMD_ARGS=rk3506_luckfox
+ '[' 3 -gt 0 ']'
+ case $1 in
++ /sdk/u-boot/scripts/fit.sh --args rk3506_luckfox
+ set -e
+ source ./scripts/fit-core.sh
++ set -e
++ FIT_DIR=fit
++ IMG_UBOOT=uboot.img
++ IMG_BOOT=boot.img
++ IMG_RECOVERY=recovery.img
++ ITB_UBOOT=fit/uboot.itb
++ ITB_BOOT=fit/boot.itb
++ ITB_RECOVERY=fit/recovery.itb
++ SIG_BIN=data2sign.bin
++ SIG_UBOOT=fit/uboot.data2sign
++ SIG_BOOT=fit/boot.data2sign
++ SIG_RECOVERY=fit/recovery.data2sign
++ OFFS_DATA=0x1200
++ FDT_ADDR_PLACEHOLDER=0xffffff00
++ KERNEL_ADDR_PLACEHOLDER=0xffffff01
++ RAMDISK_ADDR_PLACEHOLDER=0xffffff02
++ MKIMAGE=./tools/mkimage
++ RK_SIGN_TOOL=../rkbin/tools/rk_sign_tool
++ FIT_UNPACK=./scripts/fit-unpack.sh
++ CHECK_SIGN=./tools/fit_check_sign
++ KEY_DIR=keys/
++ RSA_PRI_KEY=keys/dev.key
++ RSA_PUB_KEY=keys/dev.pubkey
++ RSA_CRT_KEY=keys/dev.crt
++ SIGNATURE_KEY_NODE=/signature/key-dev
++ SPL_DTB=spl/u-boot-spl.dtb
++ UBOOT_DTB=u-boot.dtb
++ ITS_UBOOT=u-boot.its
++ ITS_BOOT=boot.its
++ ITS_RECOVERY=recovery.its
++ ARG_VER_UBOOT=0
++ ARG_VER_BOOT=0
++ ARG_VER_RECOVERY=0
+ fit_process_args --args rk3506_luckfox
+ '[' 2 -eq 0 ']'
+ '[' 2 -gt 0 ']'
+ case $1 in
+ ARG_VALIDATE=rk3506_luckfox
+ shift 2
+ '[' 0 -gt 0 ']'
+ grep -q '^CONFIG_FIT_SIGNATURE=y' .config
+ '[' '!' -z rk3506_luckfox ']'
+ validate_arg rk3506_luckfox
+ case $1 in
+ shift=0
+ echo 0
+ NUM=0
+ '[' 0 -ne 0 ']'
++ echo rk3506_luckfox
++ sed 's/[0-9,a-f,A-F,x,X,-]//g'
+ '[' -z rk_luko ']'
+ ARG_BOARD=rk3506_luckfox
+ '[' '!' -f configs/rk3506_luckfox_defconfig -a '!' -f configs/rk3506_luckfox.config ']'
+ '[' -f configs/rk3506_luckfox.config ']'
+ MAKE_CMD='make rk3506_luckfox_defconfig -j16'
+ echo '## make rk3506_luckfox_defconfig -j16'
## make rk3506_luckfox_defconfig -j16
+ make rk3506_luckfox_defconfig
+ tmp=.lxdialog.tmp
+ trap 'rm -f .lxdialog.tmp' 0 1 2 3 15
+ '[' 1 -eq 0 ']'
+ cc=
+ case "$1" in
+ ccflags
+ pkg-config --cflags ncursesw
+ pkg-config --cflags ncurses
+ '[' -f /usr/include/ncursesw/curses.h ']'
+ echo '-I/usr/include/ncursesw -DCURSES_LOC="<curses.h>"'
+ echo ' -DNCURSES_WIDECHAR=1'
+ rm -f .lxdialog.tmp
+ cc -Wall -Wstrict-prototypes -O2 -fomit-frame-pointer -x c -o /dev/null -
+ '[' '!' 0 -eq 0 ']'
+ tmp=.lxdialog.tmp
+ trap 'rm -f .lxdialog.tmp' 0 1 2 3 15
+ '[' 1 -eq 0 ']'
+ cc=
+ case "$1" in
+ ccflags
+ pkg-config --cflags ncursesw
+ pkg-config --cflags ncurses
+ '[' -f /usr/include/ncursesw/curses.h ']'
+ echo '-I/usr/include/ncursesw -DCURSES_LOC="<curses.h>"'
+ echo ' -DNCURSES_WIDECHAR=1'
+ rm -f .lxdialog.tmp
+ cc -Wall -Wstrict-prototypes -O2 -fomit-frame-pointer -x c -o /dev/null -
+ '[' '!' 0 -eq 0 ']'
+ tmp=.lxdialog.tmp
+ trap 'rm -f .lxdialog.tmp' 0 1 2 3 15
+ '[' 1 -eq 0 ']'
+ cc=
+ case "$1" in
+ ccflags
+ pkg-config --cflags ncursesw
+ pkg-config --cflags ncurses
+ '[' -f /usr/include/ncursesw/curses.h ']'
+ echo '-I/usr/include/ncursesw -DCURSES_LOC="<curses.h>"'
+ echo ' -DNCURSES_WIDECHAR=1'
+ rm -f .lxdialog.tmp
+ cc -Wall -Wstrict-prototypes -O2 -fomit-frame-pointer -x c -o /dev/null -
+ '[' '!' 0 -eq 0 ']'
+ tmp=.lxdialog.tmp
+ trap 'rm -f .lxdialog.tmp' 0 1 2 3 15
+ '[' 1 -eq 0 ']'
+ cc=
+ case "$1" in
+ ccflags
+ pkg-config --cflags ncursesw
+ pkg-config --cflags ncurses
+ '[' -f /usr/include/ncursesw/curses.h ']'
+ echo '-I/usr/include/ncursesw -DCURSES_LOC="<curses.h>"'
+ echo ' -DNCURSES_WIDECHAR=1'
+ rm -f .lxdialog.tmp
+ cc -Wall -Wstrict-prototypes -O2 -fomit-frame-pointer -x c -o /dev/null -
+ '[' '!' 0 -eq 0 ']'
#
# configuration written to .config
#
+ rm -f .cc
+ shift 1
+ '[' 2 -gt 0 ']'
+ case $1 in
++ /sdk/u-boot/scripts/fit.sh --args rk-amp
+ set -e
+ source ./scripts/fit-core.sh
++ set -e
++ FIT_DIR=fit
++ IMG_UBOOT=uboot.img
++ IMG_BOOT=boot.img
++ IMG_RECOVERY=recovery.img
++ ITB_UBOOT=fit/uboot.itb
++ ITB_BOOT=fit/boot.itb
++ ITB_RECOVERY=fit/recovery.itb
++ SIG_BIN=data2sign.bin
++ SIG_UBOOT=fit/uboot.data2sign
++ SIG_BOOT=fit/boot.data2sign
++ SIG_RECOVERY=fit/recovery.data2sign
++ OFFS_DATA=0x1200
++ FDT_ADDR_PLACEHOLDER=0xffffff00
++ KERNEL_ADDR_PLACEHOLDER=0xffffff01
++ RAMDISK_ADDR_PLACEHOLDER=0xffffff02
++ MKIMAGE=./tools/mkimage
++ RK_SIGN_TOOL=../rkbin/tools/rk_sign_tool
++ FIT_UNPACK=./scripts/fit-unpack.sh
++ CHECK_SIGN=./tools/fit_check_sign
++ KEY_DIR=keys/
++ RSA_PRI_KEY=keys/dev.key
++ RSA_PUB_KEY=keys/dev.pubkey
++ RSA_CRT_KEY=keys/dev.crt
++ SIGNATURE_KEY_NODE=/signature/key-dev
++ SPL_DTB=spl/u-boot-spl.dtb
++ UBOOT_DTB=u-boot.dtb
++ ITS_UBOOT=u-boot.its
++ ITS_BOOT=boot.its
++ ITS_RECOVERY=recovery.its
++ ARG_VER_UBOOT=0
++ ARG_VER_BOOT=0
++ ARG_VER_RECOVERY=0
+ fit_process_args --args rk-amp
+ '[' 2 -eq 0 ']'
+ '[' 2 -gt 0 ']'
+ case $1 in
+ ARG_VALIDATE=rk-amp
+ shift 2
+ '[' 0 -gt 0 ']'
+ grep -q '^CONFIG_FIT_SIGNATURE=y' .config
+ '[' '!' -z rk-amp ']'
+ validate_arg rk-amp
+ case $1 in
+ shift=0
+ echo 0
+ NUM=0
+ '[' 0 -ne 0 ']'
++ echo rk-amp
++ sed 's/[0-9,a-f,A-F,x,X,-]//g'
+ '[' -z rkmp ']'
+ ARG_BOARD=rk-amp
+ '[' '!' -f configs/rk-amp_defconfig -a '!' -f configs/rk-amp.config ']'
+ '[' -f configs/rk-amp.config ']'
++ filt_val CONFIG_BASE_DEFCONFIG configs/rk-amp.config
++ sed -n /CONFIG_BASE_DEFCONFIG=/s/CONFIG_BASE_DEFCONFIG=//p configs/rk-amp.config
++ tr -d '\r'
++ tr -d '"'
+ BASE1_DEFCONFIG=
++ filt_val CONFIG_BASE_DEFCONFIG configs/
++ sed -n /CONFIG_BASE_DEFCONFIG=/s/CONFIG_BASE_DEFCONFIG=//p configs/
++ tr -d '\r'
++ tr -d '"'
sed: read error on configs/: Is a directory
+ BASE0_DEFCONFIG=
+ MAKE_CMD='make   rk-amp.config -j16'
+ echo '## make   rk-amp.config -j16'
## make   rk-amp.config -j16
+ make rk-amp.config
+ tmp=.lxdialog.tmp
+ trap 'rm -f .lxdialog.tmp' 0 1 2 3 15
+ '[' 1 -eq 0 ']'
+ cc=
+ case "$1" in
+ ccflags
+ pkg-config --cflags ncursesw
+ pkg-config --cflags ncurses
+ '[' -f /usr/include/ncursesw/curses.h ']'
+ echo '-I/usr/include/ncursesw -DCURSES_LOC="<curses.h>"'
+ echo ' -DNCURSES_WIDECHAR=1'
+ rm -f .lxdialog.tmp
+ cc -Wall -Wstrict-prototypes -O2 -fomit-frame-pointer -x c -o /dev/null -
+ '[' '!' 0 -eq 0 ']'
+ tmp=.lxdialog.tmp
+ trap 'rm -f .lxdialog.tmp' 0 1 2 3 15
+ '[' 1 -eq 0 ']'
+ cc=
+ case "$1" in
+ ccflags
+ pkg-config --cflags ncursesw
+ pkg-config --cflags ncurses
+ '[' -f /usr/include/ncursesw/curses.h ']'
+ echo '-I/usr/include/ncursesw -DCURSES_LOC="<curses.h>"'
+ echo ' -DNCURSES_WIDECHAR=1'
+ rm -f .lxdialog.tmp
+ cc -Wall -Wstrict-prototypes -O2 -fomit-frame-pointer -x c -o /dev/null -
+ '[' '!' 0 -eq 0 ']'
+ tmp=.lxdialog.tmp
+ trap 'rm -f .lxdialog.tmp' 0 1 2 3 15
+ '[' 1 -eq 0 ']'
+ cc=
+ case "$1" in
+ ccflags
+ pkg-config --cflags ncursesw
+ pkg-config --cflags ncurses
+ '[' -f /usr/include/ncursesw/curses.h ']'
+ echo '-I/usr/include/ncursesw -DCURSES_LOC="<curses.h>"'
+ echo ' -DNCURSES_WIDECHAR=1'
+ rm -f .lxdialog.tmp
+ cc -Wall -Wstrict-prototypes -O2 -fomit-frame-pointer -x c -o /dev/null -
+ '[' '!' 0 -eq 0 ']'
+ tmp=.lxdialog.tmp
+ trap 'rm -f .lxdialog.tmp' 0 1 2 3 15
+ '[' 1 -eq 0 ']'
+ cc=
+ case "$1" in
+ ccflags
+ pkg-config --cflags ncursesw
+ pkg-config --cflags ncurses
+ '[' -f /usr/include/ncursesw/curses.h ']'
+ echo '-I/usr/include/ncursesw -DCURSES_LOC="<curses.h>"'
+ echo ' -DNCURSES_WIDECHAR=1'
+ rm -f .lxdialog.tmp
+ cc -Wall -Wstrict-prototypes -O2 -fomit-frame-pointer -x c -o /dev/null -
+ '[' '!' 0 -eq 0 ']'
+ trap clean_up HUP INT TERM
+ RUNMAKE=true
+ ALLTARGET=alldefconfig
+ WARNREDUN=false
+ OUTPUT=.
+ true
+ case $1 in
+ RUNMAKE=false
+ shift
+ continue
+ true
+ case $1 in
+ break
+ '[' 2 -lt 1 ']'
+ '[' -z .config ']'
+ INITFILE=.config
+ shift
+ '[' '!' -r .config ']'
+ MERGE_LIST=./arch/../configs/rk-amp.config
+ SED_CONFIG_EXP='s/^\(# \)\{0,1\}\(CONFIG_[a-zA-Z0-9_]*\)[= ].*/\2/p'
++ mktemp ./.tmp.config.XXXXXXXXXX
+ TMP_FILE=./.tmp.config.9ZtRAKf84R
+ echo 'Using .config as base'
Using .config as base
+ cat .config
+ for MERGE_FILE in $MERGE_LIST
+ echo 'Merging ./arch/../configs/rk-amp.config'
Merging ./arch/../configs/rk-amp.config
+ '[' '!' -r ./arch/../configs/rk-amp.config ']'
++ sed -n 's/^\(# \)\{0,1\}\(CONFIG_[a-zA-Z0-9_]*\)[= ].*/\2/p' ./arch/../configs/rk-amp.config
+ CFG_LIST='CONFIG_AMP
CONFIG_ROCKCHIP_AMP'
+ for CFG in $CFG_LIST
+ grep -q -w CONFIG_AMP ./.tmp.config.9ZtRAKf84R
++ grep -w CONFIG_AMP ./.tmp.config.9ZtRAKf84R
+ PREV_VAL='# CONFIG_AMP is not set'
++ grep -w CONFIG_AMP ./arch/../configs/rk-amp.config
+ NEW_VAL=CONFIG_AMP=y
+ '[' 'x# CONFIG_AMP is not set' '!=' xCONFIG_AMP=y ']'
+ echo Value of CONFIG_AMP is redefined by fragment ./arch/../configs/rk-amp.config:
Value of CONFIG_AMP is redefined by fragment ./arch/../configs/rk-amp.config:
+ echo Previous value: '#' CONFIG_AMP is not set
Previous value: # CONFIG_AMP is not set
+ echo New value: CONFIG_AMP=y
New value: CONFIG_AMP=y
+ echo

+ sed -i '/CONFIG_AMP[ =]/d' ./.tmp.config.9ZtRAKf84R
+ for CFG in $CFG_LIST
+ grep -q -w CONFIG_ROCKCHIP_AMP ./.tmp.config.9ZtRAKf84R
+ continue
+ cat ./arch/../configs/rk-amp.config
+ '[' false = false ']'
+ cp -T -- ./.tmp.config.9ZtRAKf84R .config
+ echo '#'
#
+ echo '# merged configuration written to .config (needs make)'
# merged configuration written to .config (needs make)
+ echo '#'
#
+ clean_up
+ rm -f ./.tmp.config.9ZtRAKf84R
+ exit
+ tmp=.lxdialog.tmp
+ trap 'rm -f .lxdialog.tmp' 0 1 2 3 15
+ '[' 1 -eq 0 ']'
+ cc=
+ case "$1" in
+ ccflags
+ pkg-config --cflags ncursesw
+ pkg-config --cflags ncurses
+ '[' -f /usr/include/ncursesw/curses.h ']'
+ echo '-I/usr/include/ncursesw -DCURSES_LOC="<curses.h>"'
+ echo ' -DNCURSES_WIDECHAR=1'
+ rm -f .lxdialog.tmp
+ cc -Wall -Wstrict-prototypes -O2 -fomit-frame-pointer -x c -o /dev/null -
+ '[' '!' 0 -eq 0 ']'
+ tmp=.lxdialog.tmp
+ trap 'rm -f .lxdialog.tmp' 0 1 2 3 15
+ '[' 1 -eq 0 ']'
+ cc=
+ case "$1" in
+ ccflags
+ pkg-config --cflags ncursesw
+ pkg-config --cflags ncurses
+ '[' -f /usr/include/ncursesw/curses.h ']'
+ echo '-I/usr/include/ncursesw -DCURSES_LOC="<curses.h>"'
+ echo ' -DNCURSES_WIDECHAR=1'
+ rm -f .lxdialog.tmp
+ cc -Wall -Wstrict-prototypes -O2 -fomit-frame-pointer -x c -o /dev/null -
+ '[' '!' 0 -eq 0 ']'
+ tmp=.lxdialog.tmp
+ trap 'rm -f .lxdialog.tmp' 0 1 2 3 15
+ '[' 1 -eq 0 ']'
+ cc=
+ case "$1" in
+ ccflags
+ pkg-config --cflags ncursesw
+ pkg-config --cflags ncurses
+ '[' -f /usr/include/ncursesw/curses.h ']'
+ echo '-I/usr/include/ncursesw -DCURSES_LOC="<curses.h>"'
+ echo ' -DNCURSES_WIDECHAR=1'
+ rm -f .lxdialog.tmp
+ cc -Wall -Wstrict-prototypes -O2 -fomit-frame-pointer -x c -o /dev/null -
+ '[' '!' 0 -eq 0 ']'
+ tmp=.lxdialog.tmp
+ trap 'rm -f .lxdialog.tmp' 0 1 2 3 15
+ '[' 1 -eq 0 ']'
+ cc=
+ case "$1" in
+ ccflags
+ pkg-config --cflags ncursesw
+ pkg-config --cflags ncurses
+ '[' -f /usr/include/ncursesw/curses.h ']'
+ echo '-I/usr/include/ncursesw -DCURSES_LOC="<curses.h>"'
+ echo ' -DNCURSES_WIDECHAR=1'
+ rm -f .lxdialog.tmp
+ cc -Wall -Wstrict-prototypes -O2 -fomit-frame-pointer -x c -o /dev/null -
+ '[' '!' 0 -eq 0 ']'
scripts/kconfig/conf  --oldconfig Kconfig
#
# configuration written to .config
#
+ rm -f .cc
+ shift 1
+ '[' 1 -gt 0 ']'
+ case $1 in
++ /sdk/u-boot/scripts/fit.sh --args --spl-new
+ set -e
+ source ./scripts/fit-core.sh
++ set -e
++ FIT_DIR=fit
++ IMG_UBOOT=uboot.img
++ IMG_BOOT=boot.img
++ IMG_RECOVERY=recovery.img
++ ITB_UBOOT=fit/uboot.itb
++ ITB_BOOT=fit/boot.itb
++ ITB_RECOVERY=fit/recovery.itb
++ SIG_BIN=data2sign.bin
++ SIG_UBOOT=fit/uboot.data2sign
++ SIG_BOOT=fit/boot.data2sign
++ SIG_RECOVERY=fit/recovery.data2sign
++ OFFS_DATA=0x1200
++ FDT_ADDR_PLACEHOLDER=0xffffff00
++ KERNEL_ADDR_PLACEHOLDER=0xffffff01
++ RAMDISK_ADDR_PLACEHOLDER=0xffffff02
++ MKIMAGE=./tools/mkimage
++ RK_SIGN_TOOL=../rkbin/tools/rk_sign_tool
++ FIT_UNPACK=./scripts/fit-unpack.sh
++ CHECK_SIGN=./tools/fit_check_sign
++ KEY_DIR=keys/
++ RSA_PRI_KEY=keys/dev.key
++ RSA_PUB_KEY=keys/dev.pubkey
++ RSA_CRT_KEY=keys/dev.crt
++ SIGNATURE_KEY_NODE=/signature/key-dev
++ SPL_DTB=spl/u-boot-spl.dtb
++ UBOOT_DTB=u-boot.dtb
++ ITS_UBOOT=u-boot.its
++ ITS_BOOT=boot.its
++ ITS_RECOVERY=recovery.its
++ ARG_VER_UBOOT=0
++ ARG_VER_BOOT=0
++ ARG_VER_RECOVERY=0
+ fit_process_args --args --spl-new
+ '[' 2 -eq 0 ']'
+ '[' 2 -gt 0 ']'
+ case $1 in
+ ARG_VALIDATE=--spl-new
+ shift 2
+ '[' 0 -gt 0 ']'
+ grep -q '^CONFIG_FIT_SIGNATURE=y' .config
+ '[' '!' -z --spl-new ']'
+ validate_arg --spl-new
+ case $1 in
+ shift=1
+ echo 1
+ NUM=1
+ '[' 1 -ne 0 ']'
+ '[' 1 -eq 1 ']'
+ ARG_LIST_FIT=' --spl-new'
+ '[' 1 -eq 2 ']'
+ shift 1
+ continue
+ '[' 0 -gt 0 ']'
+ '[' '!' -f .config ']'
+ prepare
+ '[' -d ../rkbin/tools ']'
+++ dirname ../rkbin/tools
++ cd ../rkbin
++ pwd
+ absolute_path=/sdk/rkbin
+ RKBIN=/sdk/rkbin
+ grep -Eq '^CONFIG_ARM64=y|^CONFIG_ARM64_BOOT_AARCH32=y' .config
+ grep -q '^CONFIG_ROCKCHIP_FIT_IMAGE_PACK=y' .config
+ PLAT_TYPE=FIT
+ select_toolchain
+ '[' y '!=' y ']'
+ grep -q '^CONFIG_ARM64=y' .config
+ TOOLCHAIN=/sdk/prebuilts/gcc/linux-x86/arm/gcc-arm-10.3-2021.07-x86_64-arm-none-linux-gnueabihf/bin/arm-none-linux-gnueabihf-
+ TOOLCHAIN_NM=/sdk/prebuilts/gcc/linux-x86/arm/gcc-arm-10.3-2021.07-x86_64-arm-none-linux-gnueabihf/bin/arm-none-linux-gnueabihf-nm
+ TOOLCHAIN_OBJDUMP=/sdk/prebuilts/gcc/linux-x86/arm/gcc-arm-10.3-2021.07-x86_64-arm-none-linux-gnueabihf/bin/arm-none-linux-gnueabihf-objdump
+ TOOLCHAIN_ADDR2LINE=/sdk/prebuilts/gcc/linux-x86/arm/gcc-arm-10.3-2021.07-x86_64-arm-none-linux-gnueabihf/bin/arm-none-linux-gnueabihf-addr2line
++ which /sdk/prebuilts/gcc/linux-x86/arm/gcc-arm-10.3-2021.07-x86_64-arm-none-linux-gnueabihf/bin/arm-none-linux-gnueabihf-gcc
+ '[' '!' /sdk/prebuilts/gcc/linux-x86/arm/gcc-arm-10.3-2021.07-x86_64-arm-none-linux-gnueabihf/bin/arm-none-linux-gnueabihf-gcc ']'
+ '[' y == y ']'
+ echo /sdk/prebuilts/gcc/linux-x86/arm/gcc-arm-10.3-2021.07-x86_64-arm-none-linux-gnueabihf/bin/arm-none-linux-gnueabihf-
+ select_chip_info
+ CHIP_PATTERN='^CONFIG_ROCKCHIP_[R,P][X,V,K][0-9ESXB]{1,5}'
++ egrep -o '^CONFIG_ROCKCHIP_[R,P][X,V,K][0-9ESXB]{1,5}' .config
+ RKCHIP=CONFIG_ROCKCHIP_RK3506
+ RKCHIP=RK3506
+ RKCHIP_LOADER=RK3506
+ RKCHIP_TRUST=RK3506
++ filt_val CONFIG_CHIP_NAME .config
++ sed -n /CONFIG_CHIP_NAME=/s/CONFIG_CHIP_NAME=//p .config
++ tr -d '\r'
++ tr -d '"'
+ RKCHIP_LABEL=
+ '[' -z '' ']'
+ RKCHIP_LABEL=RK3506
+ fixup_platform_configure
++ filt_val CONFIG_UBOOT_SIZE_KB .config
++ sed -n /CONFIG_UBOOT_SIZE_KB=/s/CONFIG_UBOOT_SIZE_KB=//p .config
++ tr -d '\r'
++ tr -d '"'
+ U_KB=
++ filt_val CONFIG_UBOOT_NUM .config
++ sed -n /CONFIG_UBOOT_NUM=/s/CONFIG_UBOOT_NUM=//p .config
++ tr -d '\r'
++ tr -d '"'
+ U_NUM=
++ filt_val CONFIG_TRUST_SIZE_KB .config
++ sed -n /CONFIG_TRUST_SIZE_KB=/s/CONFIG_TRUST_SIZE_KB=//p .config
++ tr -d '\r'
++ tr -d '"'
+ T_KB=
++ filt_val CONFIG_TRUST_NUM .config
++ sed -n /CONFIG_TRUST_NUM=/s/CONFIG_TRUST_NUM=//p .config
++ tr -d '\r'
++ tr -d '"'
+ T_NUM=
++ filt_val CONFIG_TRUST_SHA_MODE .config
++ sed -n /CONFIG_TRUST_SHA_MODE=/s/CONFIG_TRUST_SHA_MODE=//p .config
++ tr -d '\r'
++ tr -d '"'
+ SHA=
++ filt_val CONFIG_TRUST_RSA_MODE .config
++ sed -n /CONFIG_TRUST_RSA_MODE=/s/CONFIG_TRUST_RSA_MODE=//p .config
++ tr -d '\r'
++ tr -d '"'
+ RSA=
+ PLAT_UBOOT_SIZE='--size  '
+ PLAT_TRUST_SIZE='--size  '
+ PLAT_SHA='--sha '
+ PLAT_RSA='--rsa '
+ '[' '!' -z '' ']'
+ '[' '!' -z '' ']'
+ select_ini_file
+ INI_LOADER=/sdk/rkbin/RKBOOT/RK3506MINIALL.ini
+ '[' '' == y ']'
+ INI_TRUST=/sdk/rkbin/RKTRUST/RK3506TOS.ini
++ filt_val CONFIG_LOADER_INI .config
++ sed -n /CONFIG_LOADER_INI=/s/CONFIG_LOADER_INI=//p .config
++ tr -d '\r'
++ tr -d '"'
+ NAME=
+ '[' '!' -z '' ']'
++ filt_val CONFIG_TRUST_INI .config
++ sed -n /CONFIG_TRUST_INI=/s/CONFIG_TRUST_INI=//p .config
++ tr -d '\r'
++ tr -d '"'
+ NAME=
+ '[' '!' -z '' ']'
+ '[' '!' -z '' ']'
+ '[' '!' -z '' ']'
+ handle_args_late
+ ARG_LIST_FIT=' --spl-new --ini-trust /sdk/rkbin/RKTRUST/RK3506TOS.ini --ini-loader /sdk/rkbin/RKBOOT/RK3506MINIALL.ini'
+ sub_commands
+ [[ rk3506_luckfox != --* ]]
+ CMD=rk3506_luckfox
+ ARG=rk3506_luckfox
+ '[' '' == tpl -o '' == spl ']'
+ ELF=u-boot
+ MAP=u-boot.map
+ SYM=u-boot.sym
+ case ${CMD} in
+ unwind_addr_or_continue
+ FUNCADDR=
+ RELOCOFF=
+ FUNCADDR=
++ echo
++ sed 's/[0-9,a-f,A-F,x,X,-]//g'
+ '[' -z ']'
+ '[' ']'
+ clean_files
+ rm spl/u-boot-spl.dtb tpl/u-boot-tpl.dtb u-boot.dtb -f
+ rm spl/u-boot-spl tpl/u-boot-tpl u-boot -f
+ make PYTHON=python2 CROSS_COMPILE=/sdk/prebuilts/gcc/linux-x86/arm/gcc-arm-10.3-2021.07-x86_64-arm-none-linux-gnueabihf/bin/arm-none-linux-gnueabihf- all --jobs=16
+ TMP=1231
+ cat
+ /sdk/prebuilts/gcc/linux-x86/arm/gcc-arm-10.3-2021.07-x86_64-arm-none-linux-gnueabihf/bin/arm-none-linux-gnueabihf-gcc -Werror -fstack-usage -x c - -c -o 1231
+ echo y
+ rm -f 1231 1231.su
+ tmp=.lxdialog.tmp
+ trap 'rm -f .lxdialog.tmp' 0 1 2 3 15
+ '[' 1 -eq 0 ']'
+ cc=
+ case "$1" in
+ ccflags
+ pkg-config --cflags ncursesw
+ pkg-config --cflags ncurses
+ '[' -f /usr/include/ncursesw/curses.h ']'
+ echo '-I/usr/include/ncursesw -DCURSES_LOC="<curses.h>"'
+ echo ' -DNCURSES_WIDECHAR=1'
+ rm -f .lxdialog.tmp
+ cc -Wall -Wstrict-prototypes -O2 -fomit-frame-pointer -x c -o /dev/null -
+ '[' '!' 0 -eq 0 ']'
+ tmp=.lxdialog.tmp
+ trap 'rm -f .lxdialog.tmp' 0 1 2 3 15
+ '[' 1 -eq 0 ']'
+ cc=
+ case "$1" in
+ ccflags
+ pkg-config --cflags ncursesw
+ pkg-config --cflags ncurses
+ '[' -f /usr/include/ncursesw/curses.h ']'
+ echo '-I/usr/include/ncursesw -DCURSES_LOC="<curses.h>"'
+ echo ' -DNCURSES_WIDECHAR=1'
+ rm -f .lxdialog.tmp
+ cc -Wall -Wstrict-prototypes -O2 -fomit-frame-pointer -x c -o /dev/null -
+ '[' '!' 0 -eq 0 ']'
+ tmp=.lxdialog.tmp
+ trap 'rm -f .lxdialog.tmp' 0 1 2 3 15
+ '[' 1 -eq 0 ']'
+ cc=
+ case "$1" in
+ ccflags
+ pkg-config --cflags ncursesw
+ pkg-config --cflags ncurses
+ '[' -f /usr/include/ncursesw/curses.h ']'
+ echo '-I/usr/include/ncursesw -DCURSES_LOC="<curses.h>"'
+ echo ' -DNCURSES_WIDECHAR=1'
+ rm -f .lxdialog.tmp
+ cc -Wall -Wstrict-prototypes -O2 -fomit-frame-pointer -x c -o /dev/null -
+ '[' '!' 0 -eq 0 ']'
+ tmp=.lxdialog.tmp
+ trap 'rm -f .lxdialog.tmp' 0 1 2 3 15
+ '[' 1 -eq 0 ']'
+ cc=
+ case "$1" in
+ ccflags
+ pkg-config --cflags ncursesw
+ pkg-config --cflags ncurses
+ '[' -f /usr/include/ncursesw/curses.h ']'
+ echo '-I/usr/include/ncursesw -DCURSES_LOC="<curses.h>"'
+ echo ' -DNCURSES_WIDECHAR=1'
+ rm -f .lxdialog.tmp
+ cc -Wall -Wstrict-prototypes -O2 -fomit-frame-pointer -x c -o /dev/null -
+ '[' '!' 0 -eq 0 ']'
scripts/kconfig/conf  --silentoldconfig Kconfig
+ gas=/sdk/prebuilts/gcc/linux-x86/arm/gcc-arm-10.3-2021.07-x86_64-arm-none-linux-gnueabihf/bin/arm-none-linux-gnueabihf-as
+ '[' 117 -eq 0 ']'
++ /sdk/prebuilts/gcc/linux-x86/arm/gcc-arm-10.3-2021.07-x86_64-arm-none-linux-gnueabihf/bin/arm-none-linux-gnueabihf-as --version
++ head -1
++ sed -e 's/(.*)//; s/[^0-9.]*\([0-9.]*\).*/\1/'
+ version_string=2.36.1.20210621
++ echo 2.36.1.20210621
++ cut -d . -f 1
+ MAJOR=2
++ echo 2.36.1.20210621
++ cut -d . -f 2
+ MINOR=36
+ printf '%02d%02d\n' 2 36
  CHK     include/config.h
  CFG     u-boot.cfg
  GEN     include/autoconf.mk.dep
  CFG     spl/u-boot.cfg
  CFG     tpl/u-boot.cfg
  GEN     include/autoconf.mk
  GEN     tpl/include/autoconf.mk
  GEN     spl/include/autoconf.mk
+ gas=/sdk/prebuilts/gcc/linux-x86/arm/gcc-arm-10.3-2021.07-x86_64-arm-none-linux-gnueabihf/bin/arm-none-linux-gnueabihf-as
+ '[' 117 -eq 0 ']'
++ /sdk/prebuilts/gcc/linux-x86/arm/gcc-arm-10.3-2021.07-x86_64-arm-none-linux-gnueabihf/bin/arm-none-linux-gnueabihf-as --version
++ head -1
++ sed -e 's/(.*)//; s/[^0-9.]*\([0-9.]*\).*/\1/'
+ version_string=2.36.1.20210621
++ echo 2.36.1.20210621
++ cut -d . -f 1
+ MAJOR=2
++ echo 2.36.1.20210621
++ cut -d . -f 2
+ MINOR=36
+ printf '%02d%02d\n' 2 36
+ TMP=2969
+ cat
+ /sdk/prebuilts/gcc/linux-x86/arm/gcc-arm-10.3-2021.07-x86_64-arm-none-linux-gnueabihf/bin/arm-none-linux-gnueabihf-gcc -Werror -fstack-usage -x c - -c -o 2969
+ echo y
+ rm -f 2969 2969.su
+ '[' /sdk/prebuilts/gcc/linux-x86/arm/gcc-arm-10.3-2021.07-x86_64-arm-none-linux-gnueabihf/bin/arm-none-linux-gnueabihf-gcc = -p ']'
+ compiler=/sdk/prebuilts/gcc/linux-x86/arm/gcc-arm-10.3-2021.07-x86_64-arm-none-linux-gnueabihf/bin/arm-none-linux-gnueabihf-gcc
+ '[' 118 -eq 0 ']'
++ echo __GNUC__
++ /sdk/prebuilts/gcc/linux-x86/arm/gcc-arm-10.3-2021.07-x86_64-arm-none-linux-gnueabihf/bin/arm-none-linux-gnueabihf-gcc -E -xc -
++ tail -n 1
+ MAJOR=10
++ echo __GNUC_MINOR__
++ /sdk/prebuilts/gcc/linux-x86/arm/gcc-arm-10.3-2021.07-x86_64-arm-none-linux-gnueabihf/bin/arm-none-linux-gnueabihf-gcc -E -xc -
++ tail -n 1
+ MINOR=3
+ '[' x '!=' x ']'
+ printf '%02d%02d\n' 10 3
+ '[' /sdk/prebuilts/gcc/linux-x86/arm/gcc-arm-10.3-2021.07-x86_64-arm-none-linux-gnueabihf/bin/arm-none-linux-gnueabihf-gcc = -p ']'
+ compiler=/sdk/prebuilts/gcc/linux-x86/arm/gcc-arm-10.3-2021.07-x86_64-arm-none-linux-gnueabihf/bin/arm-none-linux-gnueabihf-gcc
+ '[' 118 -eq 0 ']'
++ echo __GNUC__
++ /sdk/prebuilts/gcc/linux-x86/arm/gcc-arm-10.3-2021.07-x86_64-arm-none-linux-gnueabihf/bin/arm-none-linux-gnueabihf-gcc -E -xc -
++ tail -n 1
+ MAJOR=10
++ echo __GNUC_MINOR__
++ /sdk/prebuilts/gcc/linux-x86/arm/gcc-arm-10.3-2021.07-x86_64-arm-none-linux-gnueabihf/bin/arm-none-linux-gnueabihf-gcc -E -xc -
++ tail -n 1
+ MINOR=3
+ '[' x '!=' x ']'
+ printf '%02d%02d\n' 10 3
  CHK     include/config/uboot.release
  CHK     include/generated/timestamp_autogenerated.h
+ scm_only=false
+ srctree=.
+ test . = --save-scmversion
+ test 1 -gt 0
+ srctree=.
+ shift
+ test 0 -gt 0 -o '!' -d .
+ false
+ test -e include/config/auto.conf
++ cat include/config/auto.conf
++ awk -F = '/^CONFIG_LOCALVERSION=/ {print $2}'
+ CONFIG_LOCALVERSION='""'
++ cat include/config/auto.conf
++ awk -F = '/^CONFIG_LOCALVERSION_AUTO=/ {print $2}'
  UPD     include/generated/timestamp_autogenerated.h
+ CONFIG_LOCALVERSION_AUTO=y
++ collect_files 'localversion*'
++ local file res
++ for file in "$@"
++ case "$file" in
++ test -e 'localversion*'
++ echo ''
+ res=
+ test '!' . -ef .
+ res='""'
+ test y = y
++ scm_version
++ local short
++ short=false
++ cd .
++ test -e .scmversion
++ test '' = --short
+++ git rev-parse --show-cdup
++ test -z ''
+++ git rev-parse --verify --short HEAD
++ head=4d88b0a
+++ git describe --exact-match
++ '[' -z '' ']'
++ false
+++ git describe
++ atag=
++ printf %s%s -g 4d88b0a
++ git config --get svn-remote.svn.url
+++ git log -1 --author=@rock-chips --date=format:%y%m%d
+++ sed -n /Date:/p
+++ awk '{ print "-"$2 }'
++ date=
++ printf %s
++ git diff-index --name-only HEAD
++ grep -qv '^scripts/package'
++ printf ' \#%s'
++ return
+ res='""-g4d88b0a \#'
+ echo '""-g4d88b0a \#'
  CHK     include/generated/version_autogenerated.h
  CC      lib/asm-offsets.s
  CC      arch/arm/lib/asm-offsets.s
  CHK     include/generated/generic-asm-offsets.h
  CHK     include/generated/asm-offsets.h
  LDS     u-boot.lds
  HOSTCC  tools/mkenvimage.o
  HOSTCC  tools/fit_image.o
  HOSTCC  tools/image-host.o
  HOSTCC  tools/dumpimage.o
  HOSTCC  tools/mkimage.o
  CHK     include/config.h
  CFG     u-boot.cfg
  HOSTLD  tools/mkenvimage
  HOSTLD  tools/dumpimage
  HOSTLD  tools/mkimage
  LD      arch/arm/cpu/built-in.o
  CC      board/rockchip/evb_rk3506/evb_rk3506.o
  LD      drivers/dma/built-in.o
  CC      arch/arm/cpu/armv7/cache_v7.o
  AS      arch/arm/cpu/armv7/cache_v7_asm.o
  CC      arch/arm/cpu/armv7/cpu.o
  CC      drivers/cpu/rockchip_amp.o
  CC      arch/arm/cpu/armv7/cp15.o
  CC      arch/arm/cpu/armv7/syslib.o
  CC      drivers/gpio/gpio-uclass.o
  CC      disk/part.o
  CC      drivers/i2c/i2c-uclass.o
  AS      arch/arm/cpu/armv7/lowlevel_init.o
  CC      arch/arm/mach-rockchip/fit_misc.o
  AS      arch/arm/lib/vectors.o
  CC      drivers/mtd/mtdcore.o
  AS      arch/arm/lib/crt0.o
  CC      drivers/adc/adc-uclass.o
  AS      arch/arm/cpu/armv7/smccc-call.o
  AS      arch/arm/lib/setjmp.o
  CC      drivers/gpio/rk_gpio.o
  CC      arch/arm/cpu/armv7/arch_timer.o
  CC      drivers/mtd/mtd_uboot.o
  AS      arch/arm/lib/relocate.o
  LD      drivers/mtd/onenand/built-in.o
  CC      drivers/i2c/rk_i2c.o
  CC      arch/arm/lib/bootm-fdt.o
  CC      cmd/boot.o
  CC      common/init/board_init.o
  LD      board/rockchip/evb_rk3506/built-in.o
  CC      drivers/mtd/spi/sf-uclass.o
  CC      drivers/net/eth-phy-uclass.o
  CC      arch/arm/mach-rockchip/chip_info.o
  CC      drivers/adc/rockchip-saradc-v2.o
  CC      drivers/net/phy/phy.o
  CC      arch/arm/lib/bootm.o
  LD      drivers/cpu/built-in.o
  CC      disk/part_dos.o
  LD      common/init/built-in.o
  CC      common/main.o
  CC      drivers/mtd/mtd-uclass.o
  AS      arch/arm/cpu/armv7/start.o
  CC      cmd/bootm.o
  CC      drivers/net/gmac_rockchip.o
  AS      arch/arm/mach-rockchip/lowlevel_init.o
  CC      drivers/mtd/spi/sf_probe.o
  CC      arch/arm/mach-rockchip/boot_mode.o
  LD      arch/arm/cpu/armv7/built-in.o
  LD      drivers/pci/built-in.o
  CC      arch/arm/lib/zimage.o
  CC      common/exports.o
  CC      common/cli_hush.o
  LD      drivers/gpio/built-in.o
  CC      drivers/mtd/spi/spi-nor-ids.o
  LD      drivers/adc/built-in.o
  CC      disk/part_iso.o
  LD      drivers/ata/built-in.o
  CC      drivers/net/dwc_eth_qos.o
  LD      drivers/i2c/built-in.o
  CC      arch/arm/mach-rockchip/boot_rkimg.o
  CC      drivers/mtd/mtd_blk.o
  CC      cmd/help.o
  CC      drivers/block/blk-uclass.o
  CC      common/autoboot.o
  AS      arch/arm/lib/memset.o
  CC      drivers/mtd/spi/spi-nor-core.o
  AS      arch/arm/lib/memcpy.o
  CC      disk/part_efi.o
  CC      drivers/clk/clk-uclass.o
  CC      arch/arm/lib/sections.o
  LD      drivers/power/built-in.o
  CC      arch/arm/mach-rockchip/board.o
  CC      cmd/version.o
  CC      arch/arm/lib/stack.o
  LD      drivers/power/battery/built-in.o
  CC      drivers/clk/clk_fixed_rate.o
  CC      drivers/clk/rockchip/clk_pll.o
  LD      drivers/net/phy/built-in.o
  CC      arch/arm/lib/interrupts.o
  LD      drivers/power/charge/built-in.o
  CC      common/board_f.o
  LD      drivers/power/domain/built-in.o
  CC      cmd/blk_common.o
  CC      drivers/mtd/spi/sf_mtd.o
  CC      arch/arm/lib/stacktrace.o
  CC      drivers/core/device.o
  CC      arch/arm/mach-rockchip/iomem.o
  LD      drivers/block/built-in.o
  CC      drivers/crypto/crypto-uclass.o
  CC      cmd/blk.o
  CC      drivers/crypto/fsl/sec.o
  CC      drivers/clk/rockchip/clk_rk3506.o
  LD      drivers/mtd/spi/spi-nor.o
  LD      drivers/power/dvfs/built-in.o
  LD      drivers/mtd/spi/built-in.o
  CC      arch/arm/lib/cache.o
  CC      arch/arm/mach-rockchip/memblk.o
  CC      drivers/core/fdtaddr.o
  CC      cmd/boot_android.o
  LD      disk/built-in.o
  LD      drivers/crypto/fsl/built-in.o
  CC      drivers/mtd/mtdpart.o
  LD      drivers/dfu/built-in.o
  LD      drivers/net/built-in.o
  CC      arch/arm/lib/cache-cp15.o
  CC      drivers/crypto/rockchip/crypto_v2.o
  LD      drivers/clk/tegra/built-in.o
  CC      drivers/core/lists.o
  CC      arch/arm/mach-rockchip/hotkey.o
  CC      common/board_r.o
  CC      arch/arm/mach-rockchip/kernel_dtb.o
  CC      drivers/firmware/firmware-uclass.o
  CC      drivers/core/root.o
  CC      cmd/android.o
  CC      common/board_info.o
  CC      arch/arm/mach-rockchip/fit.o
  CC      drivers/crypto/rsa_mod_exp/mod_exp_uclass.o
  CC      arch/arm/lib/psci-dt.o
  CC      drivers/crypto/rockchip/crypto_hash_cache.o
  CC      drivers/firmware/psci.o
  AS      arch/arm/lib/ashldi3.o
  AS      arch/arm/lib/ashrdi3.o
  CC      cmd/bootfit.o
  CC      common/bootm.o
  CC      drivers/core/uclass.o
  CC      drivers/input/key-uclass.o
  CC      drivers/mtd/nand/core.o
  CC      drivers/crypto/rsa_mod_exp/mod_exp_sw.o
  CC      arch/arm/lib/div0.o
  LD      drivers/power/fuel_gauge/built-in.o
  CC      drivers/crypto/rockchip/crypto_v2_pka.o
  CC      cmd/bootz.o
  AS      arch/arm/lib/div64.o
  LD      drivers/firmware/built-in.o
  CC      drivers/core/util.o
  CC      drivers/irq/irq-gic.o
  LD      drivers/power/io-domain/built-in.o
  LD      drivers/crypto/rsa_mod_exp/built-in.o
  AS      arch/arm/lib/lib1funcs.o
  CC      common/bootm_os.o
  CC      drivers/mtd/nand/bbt.o
  CC      drivers/core/device-remove.o
  AS      arch/arm/lib/lshrdi3.o
  CC      cmd/crypto_sum.o
  CC      drivers/irq/irq-gpio-v2.o
  CC      arch/arm/mach-rockchip/rockchip_smccc.o
  CC      drivers/crypto/rockchip/crypto_v2_util.o
  LD      drivers/clk/rockchip/built-in.o
  LD      drivers/clk/built-in.o
  AS      arch/arm/lib/muldi3.o
  LD      drivers/mailbox/built-in.o
  CC      common/fdt_support.o
  AS      arch/arm/lib/uldivmod.o
  CC      arch/arm/lib/eabi_compat.o
  CC      drivers/input/input.o
  CC      arch/arm/mach-rockchip/vendor.o
  LD      drivers/power/mfd/built-in.o
  LD      drivers/power/pmic/built-in.o
  CC      cmd/echo.o
  CC      drivers/power/regulator/regulator-uclass.o
  LD      arch/arm/lib/built-in.o
  AR      arch/arm/lib/lib.a
  CC      common/miiphyutil.o
  CC      drivers/core/simple-bus.o
  CC      drivers/input/key_matrix.o
  LD      drivers/memory/built-in.o
  CC      drivers/irq/irq-generic.o
  CC      drivers/mtd/nand/spi/gigadevice.o
  CC      arch/arm/mach-rockchip/vendor_misc.o
  CC      cmd/exit.o
  CC      drivers/misc/misc-uclass.o
  LD      drivers/crypto/rockchip/built-in.o
  CC      common/usb.o
  LD      drivers/crypto/built-in.o
  CC      drivers/core/dump.o
  CC      drivers/serial/serial-uclass.o
  CC      drivers/power/regulator/pwm_regulator.o
  CC      arch/arm/mach-rockchip/resource_img.o
  CC      drivers/core/regmap.o
  CC      cmd/ext4.o
  CC      drivers/mtd/nand/spi/macronix.o
  CC      drivers/input/adc_key.o
  CC      drivers/misc/misc_otp.o
  CC      drivers/irq/irq-gpio-switch.o
  CC      cmd/ext2.o
  CC      common/usb_hub.o
  CC      drivers/power/regulator/fixed.o
  CC      drivers/mmc/mmc.o
  CC      drivers/mmc/mmc-uclass.o
  CC      drivers/serial/ns16550.o
  CC      arch/arm/mach-rockchip/param.o
  CC      drivers/spi/spi-uclass.o
  CC      drivers/mtd/nand/spi/micron.o
  CC      cmd/fat.o
  CC      drivers/misc/rockchip-otp.o
  CC      drivers/core/syscon-uclass.o
  CC      drivers/mmc/mmc_write.o
  CC      arch/arm/mach-rockchip/sdram.o
  LD      drivers/input/built-in.o
  CC      drivers/power/regulator/gpio-regulator.o
  CC      drivers/mtd/nand/spi/toshiba.o
  LD      drivers/usb/cdns3/built-in.o
  CC      drivers/irq/virq.o
  CC      drivers/mtd/nand/spi/winbond.o
  CC      cmd/fdt.o
  CC      drivers/core/of_access.o
  CC      drivers/spi/spi-mem.o
  LD      drivers/power/regulator/built-in.o
  CC      drivers/mmc/dw_mmc.o
  CC      arch/arm/mach-rockchip/rk3506/syscon_rk3506.o
  CC      drivers/usb/common/common.o
  LD      drivers/mtd/nand/nandcore.o
  CC      drivers/core/of_addr.o
  CC      drivers/mtd/nand/spi/dosilicon.o
  CC      drivers/spi/rockchip_sfc.o
  CC      cmd/fs.o
  CC      common/splash.o
  CC      arch/arm/mach-rockchip/rk3506/rk3506.o
  LD      drivers/usb/common/built-in.o
  CC      arch/arm/mach-rockchip/rk_atags.o
  LD      drivers/usb/dwc3/built-in.o
  CC      common/menu.o
  CC      drivers/mmc/rockchip_dw_mmc.o
  LD      drivers/pcmcia/built-in.o
  CC      drivers/core/read.o
  LD      drivers/serial/built-in.o
  CC      drivers/core/of_extra.o
  CC      common/cli_readline.o
  LD      drivers/usb/emul/built-in.o
  CC      cmd/i2c.o
  CC      drivers/mtd/nand/spi/esmt.o
  LD      arch/arm/mach-rockchip/rk3506/built-in.o
  CC      cmd/load.o
  LD      arch/arm/mach-rockchip/built-in.o
  LD      drivers/irq/built-in.o
  LD      drivers/phy/marvell/built-in.o
  CC      drivers/phy/phy-uclass.o
  CC      drivers/core/ofnode.o
  CC      drivers/mtd/nand/spi/xincun.o
  LD      drivers/misc/built-in.o
  CC      drivers/pinctrl/pinctrl-uclass.o
  CC      common/cli_simple.o
  CC      drivers/pinctrl/pinctrl-generic.o
  CC      cmd/download.o
  LD      drivers/usb/eth/built-in.o
  CC      common/edid.o
  CC      drivers/pwm/pwm-uclass.o
  LD      drivers/spi/built-in.o
  CC      drivers/ram/ram-uclass.o
  LD      drivers/pinctrl/nxp/built-in.o
  CC      drivers/mtd/nand/spi/xtx.o
  CC      common/bouncebuf.o
  CC      drivers/phy/phy-rockchip-inno-usb2.o
  CC      drivers/pinctrl/rockchip/pinctrl-rockchip-core.o
  CC      drivers/pwm/rk_pwm.o
  CC      cmd/mem.o
  CC      drivers/reset/reset-uclass.o
  CC      drivers/core/read_extra.o
  CC      drivers/pinctrl/rockchip/pinctrl-rk3506.o
  CC      drivers/ram/rockchip/sdram_common.o
  CC      common/console.o
  CC      drivers/pinctrl/pinctrl-rockchip.o
  CC      drivers/usb/gadget/epautoconf.o
  CC      drivers/reset/reset-rockchip.o
  LD      drivers/mmc/built-in.o
  CC      cmd/mii.o
  CC      drivers/ram/rockchip/sdram_rk3506.o
  LD      drivers/pwm/built-in.o
  CC      drivers/rng/rng-uclass.o
  CC      cmd/mdio.o
  CC      common/dlmalloc.o
  CC      drivers/rng/rockchip_rng.o
  CC      drivers/mtd/nand/spi/hyf.o
  CC      drivers/usb/gadget/config.o
  CC      drivers/rng/rockchip_rand.o
  CC      cmd/mmc.o
  LD      drivers/pinctrl/rockchip/built-in.o
  LD      drivers/reset/built-in.o
  CC      common/malloc_simple.o
  CC      drivers/rtc/date.o
  CC      drivers/usb/gadget/usbstring.o
  CC      cmd/mtd.o
  LD      drivers/rtc/built-in.o
  CC      common/image.o
  LD      drivers/ram/rockchip/built-in.o
  LD      drivers/phy/built-in.o
  CC      drivers/usb/gadget/dwc2_udc_otg.o
  CC      drivers/mtd/nand/spi/fmsh.o
  LD      drivers/ram/built-in.o
  CC      cmd/mtd_blk.o
  CC      common/image-android.o
  CC      drivers/usb/gadget/udc/udc-uclass.o
  LD      drivers/scsi/built-in.o
  LD      drivers/soc/built-in.o
  CC      drivers/usb/gadget/g_dnl.o
  LD      drivers/sound/built-in.o
  CC      drivers/mtd/nand/spi/foresee.o
  CC      cmd/net.o
  LD      drivers/core/built-in.o
  LD      drivers/rng/built-in.o
  LD      drivers/spmi/built-in.o
  CC      drivers/mtd/nand/spi/biwin.o
  CC      common/android_bootloader.o
  CC      drivers/usb/host/usb-uclass.o
  LD      drivers/usb/gadget/udc/built-in.o
  CC      common/image-fdt.o
  CC      cmd/part.o
  CC      drivers/mtd/nand/spi/etron.o
  CC      drivers/mtd/nand/spi/jsc.o
  CC      drivers/usb/gadget/f_mass_storage.o
  LD      drivers/usb/musb-new/built-in.o
  CC      common/image-fit.o
  CC      drivers/sysreset/sysreset-uclass.o
  CC      cmd/pcmcia.o
  CC      common/memsize.o
  CC      cmd/pinmux.o
  CC      drivers/sysreset/sysreset-syscon-reboot.o
  LD      drivers/pinctrl/built-in.o
  LD      drivers/thermal/built-in.o
  CC      common/stdio.o
  LD      drivers/usb/musb/built-in.o
  CC      drivers/mtd/nand/spi/silicongo.o
  LD      drivers/tpm/built-in.o
  CC      drivers/sysreset/sysreset_psci.o
  CC      common/cli.o
  CC      drivers/sysreset/sysreset_rockchip.o
  CC      drivers/mtd/nand/spi/unim.o
  LD      drivers/usb/host/built-in.o
  CC      drivers/mtd/nand/spi/skyhigh.o
  CC      common/command.o
  CC      cmd/pxe.o
  LD      drivers/usb/phy/built-in.o
  LD      drivers/ufs/built-in.o
  LD      drivers/usb/ulpi/built-in.o
  CC      cmd/rockusb.o
  CC      common/s_record.o
  CC      drivers/mtd/nand/spi/gsto.o
  CC      drivers/video/display-uclass.o
  LD      drivers/sysreset/built-in.o
  LD      drivers/watchdog/built-in.o
  CC      drivers/video/backlight-uclass.o
  CC      env/common.o
  CC      cmd/test.o
  CC      drivers/mtd/nand/spi/zbit.o
  CC      drivers/video/panel-uclass.o
  CC      drivers/mtd/nand/spi/hiksemi.o
  CC      env/env.o
  CC      drivers/mtd/nand/spi/core.o
  CC      fs/fs.o
  CC      drivers/video/simple_panel.o
  CC      fs/ext4/ext4fs.o
  CC      cmd/script_update.o
  CC      fs/ext4/ext4_common.o
  CC      env/attr.o
  CC      cmd/rkimgtest.o
  CC      drivers/video/video-uclass.o
  CC      fs/fat/fat.o
  CC      drivers/video/vidconsole-uclass.o
  CC      net/checksum.o
  CC      cmd/atags.o
  CC      cmd/nvedit.o
  CC      env/callback.o
  CC      drivers/video/video_bmp.o
  CC      fs/ext4/dev.o
  CC      drivers/video/pwm_backlight.o
  CC      net/arp.o
  LD      lib/avb/rk_avb_user/built-in.o
  CC      env/flags.o
  CC      lib/libfdt/fdt.o
  CC      lib/lzma/LzmaDec.o
  CC      drivers/video/waveshare_backlight.o
  CC      fs/fs_internal.o
  CC      env/nowhere.o
  LD      common/built-in.o
  CC      net/bootp.o
  LD      fs/ext4/built-in.o
  CC      lib/libfdt/fdt_wip.o
  CC      drivers/video/console_normal.o
  CC      lib/rsa/rsa-mod-exp.o
  LD      test/built-in.o
  CC      net/eth-uclass.o
  CC      net/eth_common.o
  CC      lib/lzma/LzmaTools.o
  CC      lib/libfdt/fdt_strerror.o
  CC      test/dm/cmd_dm.o
  LD      drivers/mtd/nand/spi/spinand.o
  LD      env/built-in.o
  LD      drivers/mtd/nand/spi/built-in.o
  LD      cmd/built-in.o
  CC      net/net.o
  CC      net/ping.o
  LD      drivers/mtd/nand/built-in.o
  CC      lib/libfdt/fdt_sw.o
  CC      lib/libfdt/fdt_rw.o
  LD      drivers/mtd/built-in.o
  CC      lib/libfdt/fdt_empty_tree.o
  LD      fs/fat/built-in.o
  LD      fs/built-in.o
  CC      drivers/video/bridge/video-bridge-uclass.o
  CC      lib/libfdt/fdt_addresses.o
  CC      lib/zlib/zlib.o
  CC      net/tftp.o
  LD      test/dm/built-in.o
  CC      lib/of_live.o
  CC      lib/libfdt/fdt_ro.o
  CC      lib/libfdt/fdt_region.o
  CC      lib/charset.o
  LD      drivers/video/sunxi/built-in.o
  CC      drivers/video/drm/drm_modes.o
  LD      drivers/video/bridge/built-in.o
  CC      lib/crc7.o
  CC      lib/crc8.o
  LD      lib/lzma/built-in.o
  CC      lib/crc16.o
  CC      drivers/video/drm/rockchip_display.o
  CC      lib/errno_str.o
  CC      lib/fdtdec_common.o
  LD      lib/rsa/built-in.o
  CC      lib/initcall.o
  CC      drivers/video/drm/rockchip_display_helper.o
  CC      lib/lmb.o
  CC      lib/sysmem.o
  CC      lib/bidram.o
  CC      drivers/video/drm/rockchip_crtc.o
  LD      drivers/usb/gadget/built-in.o
  CC      lib/ldiv.o
  CC      drivers/video/drm/rockchip_phy.o
  CC      drivers/video/drm/rockchip_bridge.o
  CC      lib/lz4_wrapper.o
  CC      lib/net_utils.o
  CC      drivers/video/drm/rockchip_vop.o
  CC      lib/qsort.o
  CC      lib/rc4.o
  CC      drivers/video/drm/rockchip_vop_reg.o
  LD      net/built-in.o
  CC      drivers/video/drm/rockchip_vop2.o
  CC      drivers/video/drm/bmp_helper.o
  CC      lib/list_sort.o
  CC      lib/sha1.o
  CC      lib/sha256.o
  CC      drivers/video/drm/rockchip_connector.o
  LD      lib/libfdt/built-in.o
  CC      lib/gunzip.o
  CC      drivers/video/drm/rockchip_post_csc.o
  CC      lib/fdtdec.o
  CC      drivers/video/drm/libnsbmp.o
  CC      drivers/video/drm/drm_mipi_dsi.o
  CC      lib/abuf.o
  CC      lib/hashtable.o
  CC      drivers/video/drm/dw_mipi_dsi.o
  CC      drivers/video/drm/inno_mipi_phy.o
  CC      lib/errno.o
  CC      drivers/video/drm/rockchip_rgb.o
  CC      lib/display_options.o
  CC      lib/crc32.o
  CC      lib/ctype.o
  CC      drivers/video/drm/rockchip_panel.o
  CC      lib/div64.o
  LD      lib/zlib/built-in.o
  CC      lib/hang.o
  CC      lib/linux_compat.o
  CC      lib/linux_string.o
  CC      lib/membuff.o
  CC      lib/string.o
  CC      lib/tables_csum.o
  CC      lib/stdlib.o
  CC      lib/time.o
  CC      lib/hexdump.o
  CC      lib/uuid.o
  CC      lib/vsprintf.o
  CC      lib/panic.o
  CC      lib/strto.o
  CC      lib/strmhz.o
  LD      lib/built-in.o
  LD      drivers/video/drm/built-in.o
  LD      drivers/video/built-in.o
  LD      drivers/built-in.o
  LD      u-boot
  OBJCOPY u-boot.srec
  OBJCOPY u-boot-nodtb.bin
  SYM     u-boot.sym
  DTC     arch/arm/dts/rk3036-sdk.dtb
  DTC     arch/arm/dts/rk3066a-mk808.dtb
  DTC     arch/arm/dts/rk3126-evb.dtb
  DTC     arch/arm/dts/rk3128-evb.dtb
  DTC     arch/arm/dts/rk3188-radxarock.dtb
  DTC     arch/arm/dts/rk3288-evb.dtb
  DTC     arch/arm/dts/rk3288-fennec.dtb
  DTC     arch/arm/dts/rk3288-firefly.dtb
  DTC     arch/arm/dts/rk3288-miqi.dtb
  DTC     arch/arm/dts/rk3288-phycore-rdk.dtb
  DTC     arch/arm/dts/rk3288-popmetal.dtb
  DTC     arch/arm/dts/rk3288-rock2-square.dtb
  DTC     arch/arm/dts/rk3288-tinker.dtb
  DTC     arch/arm/dts/rk3288-veyron-jerry.dtb
  DTC     arch/arm/dts/rk3288-veyron-mickey.dtb
  DTC     arch/arm/dts/rk3288-veyron-minnie.dtb
  DTC     arch/arm/dts/rk3288-vyasa.dtb
  DTC     arch/arm/dts/rk3308-evb.dtb
  DTC     arch/arm/dts/rk3328-evb.dtb
  DTC     arch/arm/dts/rk3368-sheep.dtb
  DTC     arch/arm/dts/rk3368-lion.dtb
  DTC     arch/arm/dts/rk3368-geekbox.dtb
  DTC     arch/arm/dts/rk3368-px5-evb.dtb
  DTC     arch/arm/dts/rk3399-evb.dtb
  DTC     arch/arm/dts/rk3399-firefly.dtb
  DTC     arch/arm/dts/rk3399-puma-ddr1333.dtb
  DTC     arch/arm/dts/rk3399-puma-ddr1600.dtb
  DTC     arch/arm/dts/rk3399-puma-ddr1866.dtb
  DTC     arch/arm/dts/rv1103b-evb1.dtb
  DTC     arch/arm/dts/rv1106-evb.dtb
  DTC     arch/arm/dts/rv1106-evb2.dtb
  DTC     arch/arm/dts/rv1106b-evb2.dtb
  DTC     arch/arm/dts/rv1106b-evb2-spi-nand.dtb
  DTC     arch/arm/dts/rv1108-evb.dtb
  DTC     arch/arm/dts/rk3506-luckfox.dtb
  FDTGREP dts/dt.dtb
  FDTGREP dts/dt-spl.dtb
  FDTGREP dts/dt-tpl.dtb
  CAT     u-boot-dtb.bin
  MKIMAGE u-boot.img
  COPY    u-boot.dtb
  MKIMAGE u-boot-dtb.img
  COPY    u-boot.bin
  ALIGN   u-boot.bin
  LD      spl/arch/arm/cpu/built-in.o
  CC      spl/board/rockchip/evb_rk3506/evb_rk3506.o
  CC      spl/common/init/board_init.o
  CC      spl/cmd/nvedit.o
  LD      spl/dts/built-in.o
  CC      spl/env/common.o
  CC      spl/disk/part.o
  CC      spl/arch/arm/cpu/armv7/cache_v7.o
  AS      spl/arch/arm/cpu/armv7/cache_v7_asm.o
  CC      spl/fs/fs_internal.o
  CC      spl/arch/arm/mach-rockchip/fit_misc.o
  CC      spl/common/spl/spl.o
  CC      tpl/arch/arm/mach-rockchip/param.o
  LD      spl/board/rockchip/evb_rk3506/built-in.o
  CC      spl/common/hash.o
  CC      spl/arch/arm/mach-rockchip/spl_boot_mode.o
  LD      tpl/arch/arm/cpu/built-in.o
  CC      tpl/arch/arm/cpu/armv7/cache_v7.o
  CC      spl/disk/part_iso.o
  CC      spl/drivers/block/blk-uclass.o
  AS      spl/arch/arm/lib/vectors.o
  AS      spl/arch/arm/lib/crt0.o
  LD      spl/common/init/built-in.o
  CC      spl/common/common_fit.o
  LD      spl/lib/avb/rk_avb_user/built-in.o
  CC      spl/env/env.o
  CC      tpl/arch/arm/mach-rockchip/sdram.o
  AS      spl/arch/arm/lib/setjmp.o
  AS      tpl/arch/arm/cpu/armv7/cache_v7_asm.o
  LD      spl/fs/built-in.o
  AS      spl/arch/arm/lib/relocate.o
  LDS     spl/u-boot-spl.lds
  CC      spl/arch/arm/mach-rockchip/param.o
  CC      tpl/arch/arm/cpu/armv7/cpu.o
  CC      spl/lib/libfdt/fdt.o
  CC      spl/common/fdt_support.o
  CC      spl/arch/arm/lib/bootm-fdt.o
  COPY    spl/u-boot-spl.dtb
  CC      spl/arch/arm/cpu/armv7/cpu.o
  CC      spl/disk/part_efi.o
  CC      spl/arch/arm/mach-rockchip/sdram.o
  CC      spl/common/spl/spl_fit.o
  CC      spl/lib/libfdt/fdt_wip.o
  LD      spl/env/built-in.o
  CC      spl/arch/arm/cpu/armv7/cp15.o
  CC      spl/common/bouncebuf.o
  LD      spl/cmd/built-in.o
  CC      tpl/arch/arm/cpu/armv7/cp15.o
  CC      spl/drivers/clk/clk-uclass.o
  CC      tpl/arch/arm/mach-rockchip/rk3506/rk3506.o
  CC      spl/arch/arm/cpu/armv7/syslib.o
  AS      tpl/arch/arm/lib/vectors.o
  CC      tpl/board/rockchip/evb_rk3506/evb_rk3506.o
  CC      spl/arch/arm/lib/bootm.o
  AS      tpl/arch/arm/lib/crt0.o
  CC      tpl/arch/arm/cpu/armv7/syslib.o
  CC      spl/common/console.o
  CC      spl/arch/arm/mach-rockchip/rk3506/syscon_rk3506.o
  AS      tpl/arch/arm/lib/setjmp.o
  CC      tpl/common/init/board_init.o
  CC      spl/drivers/core/device.o
  AS      spl/arch/arm/cpu/armv7/lowlevel_init.o
  LD      tpl/board/rockchip/evb_rk3506/built-in.o
  CC      spl/drivers/clk/clk_fixed_rate.o
  CC      tpl/arch/arm/lib/spl.o
  CC      spl/lib/libfdt/fdt_strerror.o
  AS      spl/arch/arm/cpu/armv7/smccc-call.o
  CC      spl/common/spl/spl_mmc.o
  CC      spl/arch/arm/cpu/armv7/arch_timer.o
  AS      tpl/arch/arm/cpu/armv7/lowlevel_init.o
  CC      spl/common/spl/spl_mtd_blk.o
  LD      spl/drivers/block/built-in.o
  LD      tpl/common/init/built-in.o
  CC      spl/lib/libfdt/fdt_sw.o
  AS      tpl/arch/arm/cpu/armv7/smccc-call.o
  CC      spl/arch/arm/lib/zimage.o
  CC      spl/arch/arm/mach-rockchip/rk3506/rk3506.o
  CC      tpl/arch/arm/lib/zimage.o
  AS      tpl/arch/arm/cpu/armv7/start.o
  LD      tpl/arch/arm/mach-rockchip/rk3506/built-in.o
  CC      spl/lib/lzma/LzmaDec.o
  CC      tpl/arch/arm/mach-rockchip/bootrom.o
  AS      spl/common/spl/spl_optee.o
  LD      spl/disk/built-in.o
  LD      tpl/arch/arm/cpu/armv7/built-in.o
  CC      spl/common/dlmalloc.o
  AS      spl/arch/arm/cpu/armv7/start.o
  CC      spl/drivers/clk/rockchip/clk_pll.o
  CC      tpl/disk/part.o
  CC      spl/lib/lzma/LzmaTools.o
  CC      tpl/arch/arm/mach-rockchip/tpl.o
  CC      tpl/arch/arm/lib/bootm-fdt.o
  AS      spl/arch/arm/lib/memset.o
  CC      tpl/arch/arm/mach-rockchip/rk_atags.o
  LD      spl/arch/arm/cpu/armv7/built-in.o
  AS      spl/arch/arm/lib/memcpy.o
  CC      spl/drivers/core/fdtaddr.o
  CC      spl/lib/libfdt/fdt_rw.o
  CC      spl/common/spl/spl_ab.o
  CC      spl/arch/arm/lib/sections.o
  CC      spl/lib/rsa/rsa-mod-exp.o
  LD      spl/arch/arm/mach-rockchip/rk3506/built-in.o
  CC      spl/arch/arm/mach-rockchip/bootrom.o
  AS      tpl/arch/arm/lib/memset.o
  CC      spl/arch/arm/lib/stack.o
  AS      tpl/arch/arm/lib/memcpy.o
  CC      tpl/arch/arm/lib/sections.o
  CC      tpl/arch/arm/lib/stack.o
  LD      tpl/disk/built-in.o
  CC      tpl/arch/arm/lib/interrupts.o
  CC      spl/drivers/crypto/crypto-uclass.o
  CC      spl/drivers/clk/rockchip/clk_rk3506.o
  CC      spl/drivers/core/lists.o
  CC      tpl/arch/arm/lib/stacktrace.o
  CC      spl/arch/arm/lib/interrupts.o
  LD      tpl/arch/arm/mach-rockchip/built-in.o
  CC      spl/arch/arm/mach-rockchip/spl.o
  CC      spl/lib/libfdt/fdt_empty_tree.o
  CC      tpl/arch/arm/lib/cache.o
  CC      tpl/drivers/ram/rockchip/sdram_common.o
  CC      spl/arch/arm/lib/stacktrace.o
  CC      spl/lib/libfdt/fdt_addresses.o
  CC      spl/drivers/crypto/fsl/sec.o
  LD      spl/drivers/clk/tegra/built-in.o
  CC      spl/lib/libfdt/fdt_ro.o
  CC      spl/arch/arm/mach-rockchip/spl-boot-order.o
  LD      spl/common/spl/built-in.o
  CC      tpl/drivers/serial/serial-uclass.o
  LD      tpl/dts/built-in.o
  CC      tpl/arch/arm/lib/cache-cp15.o
  CC      spl/drivers/core/root.o
  CC      tpl/fs/fs_internal.o
  LD      spl/lib/rsa/built-in.o
  LD      spl/drivers/crypto/fsl/built-in.o
  CC      spl/lib/zlib/zlib.o
  CC      spl/drivers/crypto/rockchip/crypto_v2.o
  CC      spl/drivers/crypto/rsa_mod_exp/mod_exp_uclass.o
  CC      spl/lib/libfdt/fdt_region.o
  CC      spl/common/malloc_simple.o
  CC      tpl/drivers/ram/rockchip/sdram_rk3506.o
  CC      spl/arch/arm/lib/cache.o
  CC      tpl/arch/arm/lib/psci-dt.o
  LD      tpl/fs/built-in.o
  AS      tpl/arch/arm/lib/ashldi3.o
  CC      spl/arch/arm/mach-rockchip/rk_atags.o
  CC      spl/common/image.o
  LD      tpl/drivers/ram/rockchip/built-in.o
  CC      spl/drivers/core/uclass.o
  LDS     tpl/u-boot-spl.lds
  CC      spl/drivers/crypto/rsa_mod_exp/mod_exp_sw.o
  LD      tpl/drivers/ram/built-in.o
  LD      spl/drivers/clk/rockchip/built-in.o
  CC      tpl/drivers/serial/ns16550.o
  CC      spl/lib/sha1.o
  CC      spl/arch/arm/lib/cache-cp15.o
  AS      tpl/arch/arm/lib/ashrdi3.o
  LD      spl/drivers/clk/built-in.o
  CC      spl/common/image-fdt.o
  CC      tpl/arch/arm/lib/div0.o
  CC      spl/drivers/core/util.o
  CC      spl/arch/arm/lib/psci-dt.o
  AS      tpl/arch/arm/lib/div64.o
  AS      tpl/arch/arm/lib/lib1funcs.o
  LD      spl/lib/lzma/built-in.o
  CC      spl/lib/sha256.o
  AS      tpl/arch/arm/lib/lshrdi3.o
  LD      spl/arch/arm/mach-rockchip/built-in.o
  LD      spl/drivers/crypto/rsa_mod_exp/built-in.o
  CC      spl/drivers/crypto/rockchip/crypto_hash_cache.o
  CC      spl/drivers/core/simple-bus.o
  CC      spl/common/image-fit.o
  AS      spl/arch/arm/lib/ashldi3.o
  AS      tpl/arch/arm/lib/muldi3.o
  LD      spl/lib/libfdt/built-in.o
  CC      spl/drivers/firmware/firmware-uclass.o
  CC      spl/drivers/gpio/gpio-uclass.o
  AS      spl/arch/arm/lib/ashrdi3.o
  AS      tpl/arch/arm/lib/uldivmod.o
  CC      spl/lib/gunzip.o
  CC      spl/common/memsize.o
  CC      tpl/arch/arm/lib/eabi_compat.o
  CC      spl/arch/arm/lib/div0.o
  CC      spl/drivers/core/dump.o
  LD      tpl/drivers/serial/built-in.o
  LD      tpl/drivers/built-in.o
  CC      spl/drivers/crypto/rockchip/crypto_v2_pka.o
  CC      spl/lib/fdtdec_common.o
  AS      spl/arch/arm/lib/div64.o
  CC      spl/common/stdio.o
  CC      spl/common/cli.o
  AS      spl/arch/arm/lib/lib1funcs.o
  CC      spl/drivers/core/regmap.o
  CC      spl/drivers/misc/misc-uclass.o
  LD      tpl/arch/arm/lib/built-in.o
  CC      spl/drivers/firmware/psci.o
  AR      tpl/arch/arm/lib/lib.a
  AS      spl/arch/arm/lib/lshrdi3.o
  CC      spl/drivers/gpio/rk_gpio.o
  CC      spl/lib/fdtdec.o
  AS      spl/arch/arm/lib/muldi3.o
  CC      spl/common/command.o
  AS      spl/arch/arm/lib/uldivmod.o
  CC      spl/lib/abuf.o
  CC      spl/arch/arm/lib/eabi_compat.o
  CC      spl/drivers/crypto/rockchip/crypto_v2_util.o
  CC      spl/drivers/core/syscon-uclass.o
  LD      spl/drivers/firmware/built-in.o
  CC      spl/drivers/misc/misc_otp.o
  CC      spl/drivers/mmc/mmc.o
  CC      spl/drivers/mtd/mtdcore.o
  LD      tpl/u-boot-tpl
  CC      spl/lib/hashtable.o
  LD      spl/arch/arm/lib/built-in.o
  AR      spl/arch/arm/lib/lib.a
  OBJCOPY tpl/u-boot-tpl-nodtb.bin
  CC      spl/drivers/core/of_access.o
  COPY    tpl/u-boot-tpl.bin
  CC      spl/common/s_record.o
  CC      spl/drivers/misc/rockchip-otp.o
  LD      spl/drivers/gpio/built-in.o
  CC      spl/drivers/mmc/mmc-uclass.o
  CC      spl/drivers/mtd/mtd_uboot.o
  CC      spl/drivers/mtd/spi/sf-uclass.o
  CC      spl/lib/errno.o
  CC      spl/drivers/core/of_addr.o
  LD      spl/common/built-in.o
  CC      spl/drivers/pinctrl/pinctrl-uclass.o
  CC      spl/drivers/mmc/mmc_write.o
  CC      spl/drivers/mtd/spi/sf_probe.o
  LD      spl/drivers/crypto/rockchip/built-in.o
  LD      spl/drivers/crypto/built-in.o
  CC      spl/drivers/core/read.o
  CC      spl/drivers/ram/ram-uclass.o
  CC      spl/drivers/mtd/mtd-uclass.o
  CC      spl/lib/display_options.o
  CC      spl/drivers/mtd/spi/spi-nor-ids.o
  LD      spl/drivers/misc/built-in.o
  CC      spl/drivers/core/of_extra.o
  CC      spl/drivers/pinctrl/pinctrl-generic.o
  CC      spl/lib/crc32.o
  CC      spl/drivers/mmc/dw_mmc.o
  CC      spl/drivers/serial/serial-uclass.o
  CC      spl/drivers/mtd/mtd_blk.o
  CC      spl/drivers/ram/rockchip/sdram_common.o
  CC      spl/drivers/ram/rockchip/sdram_rk3506.o
  LD      spl/drivers/pinctrl/nxp/built-in.o
  CC      spl/drivers/mmc/rockchip_dw_mmc.o
  CC      spl/drivers/serial/ns16550.o
  CC      spl/drivers/mtd/spi/spi-nor-core.o
  CC      spl/drivers/spi/spi-uclass.o
  CC      spl/lib/ctype.o
  CC      spl/drivers/pinctrl/rockchip/pinctrl-rockchip-core.o
  CC      spl/drivers/spi/spi-mem.o
  CC      spl/drivers/mtd/spi/sf_mtd.o
  CC      spl/drivers/pinctrl/rockchip/pinctrl-rk3506.o
  CC      spl/drivers/mtd/mtdpart.o
  CC      spl/lib/div64.o
  CC      spl/drivers/core/ofnode.o
  CC      spl/drivers/spi/rockchip_sfc.o
  CC      spl/drivers/sysreset/sysreset-uclass.o
  CC      spl/drivers/core/read_extra.o
  LD      spl/lib/zlib/built-in.o
  CC      spl/drivers/pinctrl/pinctrl-rockchip.o
  CC      spl/drivers/mtd/nand/core.o
  CC      spl/drivers/sysreset/sysreset_rockchip.o
  CC      spl/lib/hang.o
  CC      spl/drivers/mtd/nand/bbt.o
  CC      spl/lib/linux_compat.o
  CC      spl/lib/linux_string.o
  LD      spl/drivers/sysreset/built-in.o
  CC      spl/lib/membuff.o
  CC      spl/lib/string.o
  LD      spl/drivers/pinctrl/rockchip/built-in.o
  LD      spl/drivers/ram/rockchip/built-in.o
  LD      spl/drivers/serial/built-in.o
  CC      spl/lib/stdlib.o
  LD      spl/drivers/ram/built-in.o
  CC      spl/lib/tables_csum.o
  CC      spl/lib/time.o
  LD      spl/drivers/mmc/built-in.o
  CC      spl/lib/hexdump.o
  CC      spl/lib/uuid.o
  CC      spl/lib/rand.o
  LD      spl/drivers/mtd/spi/spi-nor.o
  LD      spl/drivers/mtd/spi/built-in.o
  CC      spl/lib/tiny-printf.o
  CC      spl/lib/panic.o
  CC      spl/drivers/mtd/nand/spi/gigadevice.o
  CC      spl/lib/strto.o
  CC      spl/drivers/mtd/nand/spi/macronix.o
  CC      spl/drivers/mtd/nand/spi/micron.o
  CC      spl/drivers/mtd/nand/spi/toshiba.o
  LD      spl/drivers/spi/built-in.o
  CC      spl/drivers/mtd/nand/spi/winbond.o
  CC      spl/drivers/mtd/nand/spi/dosilicon.o
  CC      spl/drivers/mtd/nand/spi/esmt.o
  CC      spl/drivers/mtd/nand/spi/xincun.o
  CC      spl/drivers/mtd/nand/spi/xtx.o
  CC      spl/drivers/mtd/nand/spi/hyf.o
  CC      spl/drivers/mtd/nand/spi/fmsh.o
  CC      spl/drivers/mtd/nand/spi/foresee.o
  CC      spl/drivers/mtd/nand/spi/biwin.o
  CC      spl/drivers/mtd/nand/spi/etron.o
  CC      spl/drivers/mtd/nand/spi/jsc.o
  CC      spl/drivers/mtd/nand/spi/silicongo.o
  LD      spl/drivers/core/built-in.o
  LD      spl/lib/built-in.o
  CC      spl/drivers/mtd/nand/spi/unim.o
  CC      spl/drivers/mtd/nand/spi/skyhigh.o
  CC      spl/drivers/mtd/nand/spi/gsto.o
  CC      spl/drivers/mtd/nand/spi/zbit.o
  CC      spl/drivers/mtd/nand/spi/hiksemi.o
  CC      spl/drivers/mtd/nand/spi/core.o
  LD      spl/drivers/pinctrl/built-in.o
  LD      spl/drivers/mtd/nand/nandcore.o
  LD      spl/drivers/mtd/nand/spi/spinand.o
  LD      spl/drivers/mtd/nand/spi/built-in.o
  LD      spl/drivers/mtd/nand/built-in.o
  LD      spl/drivers/mtd/built-in.o
  LD      spl/drivers/built-in.o
  LD      spl/u-boot-spl
  OBJCOPY spl/u-boot-spl-nodtb.bin
  CAT     spl/u-boot-spl-dtb.bin
  COPY    spl/u-boot-spl.bin
  CFGCHK  u-boot.cfg
+ pack_images
+ '[' '' '!=' y ']'
+ '[' FIT == FIT ']'
+ pack_fit_image --spl-new --ini-trust /sdk/rkbin/RKTRUST/RK3506TOS.ini --ini-loader /sdk/rkbin/RKBOOT/RK3506MINIALL.ini
+ which dtc
+ '[' '' == y ']'
+ '[' '' == y ']'
+ rm uboot.img 'trust*.img' -rf
+ /sdk/u-boot/scripts/fit.sh --spl-new --ini-trust /sdk/rkbin/RKTRUST/RK3506TOS.ini --ini-loader /sdk/rkbin/RKBOOT/RK3506MINIALL.ini --chip RK3506
+ set -e
+ source ./scripts/fit-core.sh
++ set -e
++ FIT_DIR=fit
++ IMG_UBOOT=uboot.img
++ IMG_BOOT=boot.img
++ IMG_RECOVERY=recovery.img
++ ITB_UBOOT=fit/uboot.itb
++ ITB_BOOT=fit/boot.itb
++ ITB_RECOVERY=fit/recovery.itb
++ SIG_BIN=data2sign.bin
++ SIG_UBOOT=fit/uboot.data2sign
++ SIG_BOOT=fit/boot.data2sign
++ SIG_RECOVERY=fit/recovery.data2sign
++ OFFS_DATA=0x1200
++ FDT_ADDR_PLACEHOLDER=0xffffff00
++ KERNEL_ADDR_PLACEHOLDER=0xffffff01
++ RAMDISK_ADDR_PLACEHOLDER=0xffffff02
++ MKIMAGE=./tools/mkimage
++ RK_SIGN_TOOL=../rkbin/tools/rk_sign_tool
++ FIT_UNPACK=./scripts/fit-unpack.sh
++ CHECK_SIGN=./tools/fit_check_sign
++ KEY_DIR=keys/
++ RSA_PRI_KEY=keys/dev.key
++ RSA_PUB_KEY=keys/dev.pubkey
++ RSA_CRT_KEY=keys/dev.crt
++ SIGNATURE_KEY_NODE=/signature/key-dev
++ SPL_DTB=spl/u-boot-spl.dtb
++ UBOOT_DTB=u-boot.dtb
++ ITS_UBOOT=u-boot.its
++ ITS_BOOT=boot.its
++ ITS_RECOVERY=recovery.its
++ ARG_VER_UBOOT=0
++ ARG_VER_BOOT=0
++ ARG_VER_RECOVERY=0
+ fit_process_args --spl-new --ini-trust /sdk/rkbin/RKTRUST/RK3506TOS.ini --ini-loader /sdk/rkbin/RKBOOT/RK3506MINIALL.ini --chip RK3506
+ '[' 7 -eq 0 ']'
+ '[' 7 -gt 0 ']'
+ case $1 in
+ ARG_SPL_NEW=y
+ shift 1
+ '[' 6 -gt 0 ']'
+ case $1 in
+ ARG_INI_TRUST=/sdk/rkbin/RKTRUST/RK3506TOS.ini
+ shift 2
+ '[' 4 -gt 0 ']'
+ case $1 in
+ ARG_INI_LOADER=/sdk/rkbin/RKBOOT/RK3506MINIALL.ini
+ shift 2
+ '[' 2 -gt 0 ']'
+ case $1 in
+ ARG_CHIP=RK3506
+ shift 2
+ '[' 0 -gt 0 ']'
+ grep -q '^CONFIG_FIT_SIGNATURE=y' .config
+ '[' '!' -z '' ']'
+ fit_raw_compile
+ '[' '' == y ']'
+ rm fit -rf
+ mkdir -p fit
+ '[' '!' -z '' ']'
+ '[' '!' -z '' -o '!' -z '' ']'
+ '[' '!' -z /sdk/rkbin/RKTRUST/RK3506TOS.ini ']'
+ fit_gen_uboot_itb
+ ./make.sh itb /sdk/rkbin/RKTRUST/RK3506TOS.ini
+ set -e
++ sed -n 'N;/processor/p' /proc/cpuinfo
++ wc -l
+ JOB=16
++ ls configs/android6.0-rk3399_defconfig configs/dserve_dsrv9703c_defconfig configs/evb-aarch32-rk3308_defconfig configs/evb-px30_defconfig configs/evb-rk3036_defconfig configs/evb-rk3066_defconfig configs/evb-rk3128_defconfig configs/evb-rk3229_defconfig configs/evb-rk3288-rk1608_defconfig configs/evb-rk3288_defconfig configs/evb-rk3308_defconfig configs/evb-rk3326_defconfig configs/evb-rk3328_defconfig configs/evb-rk3399_defconfig configs/evb-rv1108_defconfig configs/fennec-rk3288_defconfig configs/firefly-rk3288_defconfig configs/firefly-rk3399_defconfig configs/gva-rk3229_defconfig configs/kylin-rk3036_defconfig configs/lion-rk3368_defconfig configs/miqi-rk3288_defconfig configs/nokia_rx51_defconfig configs/phycore-rk3288_defconfig configs/popmetal-rk3288_defconfig configs/puma-rk3399_defconfig configs/px30-tb_defconfig configs/px30_defconfig configs/rk1806_defconfig configs/rk1808_defconfig configs/rk3036_defconfig configs/rk3126_defconfig configs/rk3128_defconfig configs/rk3128x_defconfig configs/rk322x_defconfig configs/rk3288_defconfig configs/rk3308-aarch32-amp_defconfig configs/rk3308-aarch32_defconfig configs/rk3308_defconfig configs/rk3326-aarch32_defconfig configs/rk3326_defconfig configs/rk3328_defconfig configs/rk3368_defconfig configs/rk3399_defconfig configs/rk3399pro_defconfig configs/rk3506_defconfig configs/rk3506_luckfox_defconfig configs/rk3528_defconfig configs/rk3562_defconfig configs/rk3568-pcie-ep_defconfig configs/rk3568-spl-spi-nand_defconfig configs/rk3568_defconfig configs/rk3576_defconfig configs/rk3588-qnx_defconfig configs/rk3588_defconfig configs/rv1103b-spi-nor_defconfig configs/rv1103b_defconfig configs/rv1106-emmc-tb-nofastae_defconfig configs/rv1106-emmc-tb_defconfig configs/rv1106-spi-nand-tb-nofastae_defconfig configs/rv1106-spi-nand-tb_defconfig configs/rv1106-spi-nor-tb-nofastae_defconfig configs/rv1106-spi-nor-tb_defconfig configs/rv1106-spi-nor_defconfig configs/rv1106_defconfig configs/rv1106b-fastboot-emmc_defconfig configs/rv1106b-fastboot-spi-nand_defconfig configs/rv1106b-fastboot-spi-nor_defconfig configs/rv1106b-tb-emmc_defconfig configs/rv1106b-tb-spi-nand_defconfig configs/rv1106b_defconfig configs/rv1126-spi-nor-tiny_defconfig configs/rv1126-spl-slc-nand_defconfig configs/rv1126-spl-spi-nand_defconfig configs/rv1126_defconfig configs/sheep-rk3368_defconfig configs/tinker-rk3288_defconfig configs/vyasa-rk3288_defconfig
+ SUPPORT_LIST='configs/android6.0-rk3399_defconfig
configs/dserve_dsrv9703c_defconfig
configs/evb-aarch32-rk3308_defconfig
configs/evb-px30_defconfig
configs/evb-rk3036_defconfig
configs/evb-rk3066_defconfig
configs/evb-rk3128_defconfig
configs/evb-rk3229_defconfig
configs/evb-rk3288-rk1608_defconfig
configs/evb-rk3288_defconfig
configs/evb-rk3308_defconfig
configs/evb-rk3326_defconfig
configs/evb-rk3328_defconfig
configs/evb-rk3399_defconfig
configs/evb-rv1108_defconfig
configs/fennec-rk3288_defconfig
configs/firefly-rk3288_defconfig
configs/firefly-rk3399_defconfig
configs/gva-rk3229_defconfig
configs/kylin-rk3036_defconfig
configs/lion-rk3368_defconfig
configs/miqi-rk3288_defconfig
configs/nokia_rx51_defconfig
configs/phycore-rk3288_defconfig
configs/popmetal-rk3288_defconfig
configs/puma-rk3399_defconfig
configs/px30-tb_defconfig
configs/px30_defconfig
configs/rk1806_defconfig
configs/rk1808_defconfig
configs/rk3036_defconfig
configs/rk3126_defconfig
configs/rk3128_defconfig
configs/rk3128x_defconfig
configs/rk322x_defconfig
configs/rk3288_defconfig
configs/rk3308-aarch32-amp_defconfig
configs/rk3308-aarch32_defconfig
configs/rk3308_defconfig
configs/rk3326-aarch32_defconfig
configs/rk3326_defconfig
configs/rk3328_defconfig
configs/rk3368_defconfig
configs/rk3399_defconfig
configs/rk3399pro_defconfig
configs/rk3506_defconfig
configs/rk3506_luckfox_defconfig
configs/rk3528_defconfig
configs/rk3562_defconfig
configs/rk3568-pcie-ep_defconfig
configs/rk3568-spl-spi-nand_defconfig
configs/rk3568_defconfig
configs/rk3576_defconfig
configs/rk3588-qnx_defconfig
configs/rk3588_defconfig
configs/rv1103b-spi-nor_defconfig
configs/rv1103b_defconfig
configs/rv1106-emmc-tb-nofastae_defconfig
configs/rv1106-emmc-tb_defconfig
configs/rv1106-spi-nand-tb-nofastae_defconfig
configs/rv1106-spi-nand-tb_defconfig
configs/rv1106-spi-nor-tb-nofastae_defconfig
configs/rv1106-spi-nor-tb_defconfig
configs/rv1106-spi-nor_defconfig
configs/rv1106_defconfig
configs/rv1106b-fastboot-emmc_defconfig
configs/rv1106b-fastboot-spi-nand_defconfig
configs/rv1106b-fastboot-spi-nor_defconfig
configs/rv1106b-tb-emmc_defconfig
configs/rv1106b-tb-spi-nand_defconfig
configs/rv1106b_defconfig
configs/rv1126-spi-nor-tiny_defconfig
configs/rv1126-spl-slc-nand_defconfig
configs/rv1126-spl-spi-nand_defconfig
configs/rv1126_defconfig
configs/sheep-rk3368_defconfig
configs/tinker-rk3288_defconfig
configs/vyasa-rk3288_defconfig'
+ CMD_ARGS=itb
+ RKBIN_TOOLS=../rkbin/tools
+ CROSS_COMPILE_ARM32=../prebuilts/gcc/linux-x86/arm/gcc-linaro-6.3.1-2017.05-x86_64_arm-linux-gnueabihf/bin/arm-linux-gnueabihf-
+ CROSS_COMPILE_ARM64=../prebuilts/gcc/linux-x86/aarch64/gcc-linaro-6.3.1-2017.05-x86_64_aarch64-linux-gnu/bin/aarch64-linux-gnu-
+ RKCHIP=
+ RKCHIP_LABEL=
+ RKCHIP_LOADER=
+ RKCHIP_TRUST=
+ INI_TRUST=
+ INI_LOADER=
+ RKBIN=
+ TOOLCHAIN=
+ TOOLCHAIN_NM=
+ TOOLCHAIN_OBJDUMP=
+ TOOLCHAIN_ADDR2LINE=
+ PLAT_RSA=
+ PLAT_SHA=
+ PLAT_UBOOT_SIZE=
+ PLAT_TRUST_SIZE=
+ PLAT_TYPE=RKFW
++ pwd
+ SRCTREE=/sdk/u-boot
+ SCRIPT_FIT=/sdk/u-boot/scripts/fit.sh
+ SCRIPT_ATF=/sdk/u-boot/scripts/atf.sh
+ SCRIPT_TOS=/sdk/u-boot/scripts/tos.sh
+ SCRIPT_SPL=/sdk/u-boot/scripts/spl.sh
+ SCRIPT_UBOOT=/sdk/u-boot/scripts/uboot.sh
+ SCRIPT_LOADER=/sdk/u-boot/scripts/loader.sh
+ SCRIPT_DECOMP=/sdk/u-boot/scripts/decomp.sh
+ SCRIPT_CHECKCONFIG=/sdk/u-boot/scripts/check-rkconfig.sh
+ CC_FILE=.cc
+ REP_DIR=./rep
+ process_args itb /sdk/rkbin/RKTRUST/RK3506TOS.ini
+ '[' 2 -gt 0 ']'
+ case $1 in
+ '[' /sdk/rkbin/RKTRUST/RK3506TOS.ini == spl -o /sdk/rkbin/RKTRUST/RK3506TOS.ini == tpl ']'
+ shift 1
+ '[' 1 -gt 0 ']'
+ case $1 in
+ '[' '!' -f /sdk/rkbin/RKTRUST/RK3506TOS.ini ']'
+ grep -q CODE471_OPTION /sdk/rkbin/RKTRUST/RK3506TOS.ini
+ grep -Eq 'BL31_OPTION|TOS' /sdk/rkbin/RKTRUST/RK3506TOS.ini
+ ARG_INI_TRUST=/sdk/rkbin/RKTRUST/RK3506TOS.ini
+ shift 1
+ '[' 0 -gt 0 ']'
+ '[' '!' -f .config ']'
+ prepare
+ '[' -d ../rkbin/tools ']'
+++ dirname ../rkbin/tools
++ cd ../rkbin
++ pwd
+ absolute_path=/sdk/rkbin
+ RKBIN=/sdk/rkbin
+ grep -Eq '^CONFIG_ARM64=y|^CONFIG_ARM64_BOOT_AARCH32=y' .config
+ grep -q '^CONFIG_ROCKCHIP_FIT_IMAGE_PACK=y' .config
+ PLAT_TYPE=FIT
+ select_toolchain
+ '[' '' '!=' y ']'
+ '[' -f .cc ']'
++ cat .cc
+ CROSS_COMPILE_ARM32=/sdk/prebuilts/gcc/linux-x86/arm/gcc-arm-10.3-2021.07-x86_64-arm-none-linux-gnueabihf/bin/arm-none-linux-gnueabihf-
++ cat .cc
+ CROSS_COMPILE_ARM64=/sdk/prebuilts/gcc/linux-x86/arm/gcc-arm-10.3-2021.07-x86_64-arm-none-linux-gnueabihf/bin/arm-none-linux-gnueabihf-
+ grep -q '^CONFIG_ARM64=y' .config
+ TOOLCHAIN=/sdk/prebuilts/gcc/linux-x86/arm/gcc-arm-10.3-2021.07-x86_64-arm-none-linux-gnueabihf/bin/arm-none-linux-gnueabihf-
+ TOOLCHAIN_NM=/sdk/prebuilts/gcc/linux-x86/arm/gcc-arm-10.3-2021.07-x86_64-arm-none-linux-gnueabihf/bin/arm-none-linux-gnueabihf-nm
+ TOOLCHAIN_OBJDUMP=/sdk/prebuilts/gcc/linux-x86/arm/gcc-arm-10.3-2021.07-x86_64-arm-none-linux-gnueabihf/bin/arm-none-linux-gnueabihf-objdump
+ TOOLCHAIN_ADDR2LINE=/sdk/prebuilts/gcc/linux-x86/arm/gcc-arm-10.3-2021.07-x86_64-arm-none-linux-gnueabihf/bin/arm-none-linux-gnueabihf-addr2line
++ which /sdk/prebuilts/gcc/linux-x86/arm/gcc-arm-10.3-2021.07-x86_64-arm-none-linux-gnueabihf/bin/arm-none-linux-gnueabihf-gcc
+ '[' '!' /sdk/prebuilts/gcc/linux-x86/arm/gcc-arm-10.3-2021.07-x86_64-arm-none-linux-gnueabihf/bin/arm-none-linux-gnueabihf-gcc ']'
+ '[' '' == y ']'
+ select_chip_info
+ CHIP_PATTERN='^CONFIG_ROCKCHIP_[R,P][X,V,K][0-9ESXB]{1,5}'
++ egrep -o '^CONFIG_ROCKCHIP_[R,P][X,V,K][0-9ESXB]{1,5}' .config
+ RKCHIP=CONFIG_ROCKCHIP_RK3506
+ RKCHIP=RK3506
+ RKCHIP_LOADER=RK3506
+ RKCHIP_TRUST=RK3506
++ filt_val CONFIG_CHIP_NAME .config
++ sed -n /CONFIG_CHIP_NAME=/s/CONFIG_CHIP_NAME=//p .config
++ tr -d '\r'
++ tr -d '"'
+ RKCHIP_LABEL=
+ '[' -z '' ']'
+ RKCHIP_LABEL=RK3506
+ fixup_platform_configure
++ filt_val CONFIG_UBOOT_SIZE_KB .config
++ sed -n /CONFIG_UBOOT_SIZE_KB=/s/CONFIG_UBOOT_SIZE_KB=//p .config
++ tr -d '\r'
++ tr -d '"'
+ U_KB=
++ filt_val CONFIG_UBOOT_NUM .config
++ sed -n /CONFIG_UBOOT_NUM=/s/CONFIG_UBOOT_NUM=//p .config
++ tr -d '\r'
++ tr -d '"'
+ U_NUM=
++ filt_val CONFIG_TRUST_SIZE_KB .config
++ sed -n /CONFIG_TRUST_SIZE_KB=/s/CONFIG_TRUST_SIZE_KB=//p .config
++ tr -d '\r'
++ tr -d '"'
+ T_KB=
++ filt_val CONFIG_TRUST_NUM .config
++ sed -n /CONFIG_TRUST_NUM=/s/CONFIG_TRUST_NUM=//p .config
++ tr -d '\r'
++ tr -d '"'
+ T_NUM=
++ filt_val CONFIG_TRUST_SHA_MODE .config
++ sed -n /CONFIG_TRUST_SHA_MODE=/s/CONFIG_TRUST_SHA_MODE=//p .config
++ tr -d '\r'
++ tr -d '"'
+ SHA=
++ filt_val CONFIG_TRUST_RSA_MODE .config
++ sed -n /CONFIG_TRUST_RSA_MODE=/s/CONFIG_TRUST_RSA_MODE=//p .config
++ tr -d '\r'
++ tr -d '"'
+ RSA=
+ PLAT_UBOOT_SIZE='--size  '
+ PLAT_TRUST_SIZE='--size  '
+ PLAT_SHA='--sha '
+ PLAT_RSA='--rsa '
+ '[' '!' -z '' ']'
+ '[' '!' -z '' ']'
+ select_ini_file
+ INI_LOADER=/sdk/rkbin/RKBOOT/RK3506MINIALL.ini
+ '[' '' == y ']'
+ INI_TRUST=/sdk/rkbin/RKTRUST/RK3506TOS.ini
++ filt_val CONFIG_LOADER_INI .config
++ sed -n /CONFIG_LOADER_INI=/s/CONFIG_LOADER_INI=//p .config
++ tr -d '\r'
++ tr -d '"'
+ NAME=
+ '[' '!' -z '' ']'
++ filt_val CONFIG_TRUST_INI .config
++ sed -n /CONFIG_TRUST_INI=/s/CONFIG_TRUST_INI=//p .config
++ tr -d '\r'
++ tr -d '"'
+ NAME=
+ '[' '!' -z '' ']'
+ '[' '!' -z /sdk/rkbin/RKTRUST/RK3506TOS.ini ']'
+ INI_TRUST=/sdk/rkbin/RKTRUST/RK3506TOS.ini
+ '[' '!' -z '' ']'
+ handle_args_late
+ ARG_LIST_FIT=' --ini-trust /sdk/rkbin/RKTRUST/RK3506TOS.ini --ini-loader /sdk/rkbin/RKBOOT/RK3506MINIALL.ini'
+ sub_commands
+ [[ itb != --* ]]
+ CMD=itb
+ ARG=itb
+ '[' '' == tpl -o '' == spl ']'
+ ELF=u-boot
+ MAP=u-boot.map
+ SYM=u-boot.sym
+ case ${CMD} in
+ pack_uboot_itb_image
+ INI=/sdk/rkbin/RKTRUST/RK3506TOS.ini
+ '[' '!' -f /sdk/rkbin/RKTRUST/RK3506TOS.ini ']'
+ '[' '' == y ']'
++ filt_val TOS /sdk/rkbin/RKTRUST/RK3506TOS.ini
++ sed -n /TOS=/s/TOS=//p /sdk/rkbin/RKTRUST/RK3506TOS.ini
++ tr -d '\r'
++ tr -d '"'
+ TOS=
++ filt_val TOSTA /sdk/rkbin/RKTRUST/RK3506TOS.ini
++ sed -n /TOSTA=/s/TOSTA=//p /sdk/rkbin/RKTRUST/RK3506TOS.ini
++ tr -d '\r'
++ tr -d '"'
+ TOSTA=bin/rk35/rk3506_tee_v1.25.bin
+ '[' '!' -z bin/rk35/rk3506_tee_v1.25.bin ']'
+ cp /sdk/rkbin/bin/rk35/rk3506_tee_v1.25.bin tee.bin
+ '[' '!' -z bin/rk35/rk3506_tee_v1.25.bin -o '!' -z '' ']'
++ filt_val ADDR /sdk/rkbin/RKTRUST/RK3506TOS.ini
++ sed -n /ADDR=/s/ADDR=//p /sdk/rkbin/RKTRUST/RK3506TOS.ini
++ tr -d '\r'
++ tr -d '"'
+ TEE_OFFSET=0x1000
+ '[' 0x1000 == '' ']'
+ TEE_ARG='-t 0x1000'
+ (( i=0 ))
+ (( i<5 ))
+ MCU_BIN=mcu0.bin
+ MCU_IDX=MCU0
++ awk -F, '/MCU=/  { printf $3 }' /sdk/rkbin/RKTRUST/RK3506TOS.ini
++ tr -d ' '
+ ENABLED=
+ '[' 0 -eq 0 ']'
++ awk -F, '/MCU=/  { printf $3 }' /sdk/rkbin/RKTRUST/RK3506TOS.ini
++ tr -d ' '
+ ENABLED=
+ '[' '!' -z ']'
++ awk -F , '/MCU0=/  { printf $3 }' /sdk/rkbin/RKTRUST/RK3506TOS.ini
++ tr -d ' '
+ ENABLED=
+ '[' '' == enabled -o '' == okay ']'
+ (( i++ ))
+ (( i<5 ))
+ MCU_BIN=mcu1.bin
+ MCU_IDX=MCU1
++ awk -F, '/MCU=/  { printf $3 }' /sdk/rkbin/RKTRUST/RK3506TOS.ini
++ tr -d ' '
+ ENABLED=
+ '[' 1 -eq 0 ']'
++ awk -F , '/MCU1=/  { printf $3 }' /sdk/rkbin/RKTRUST/RK3506TOS.ini
++ tr -d ' '
+ ENABLED=
+ '[' '' == enabled -o '' == okay ']'
+ (( i++ ))
+ (( i<5 ))
+ MCU_BIN=mcu2.bin
+ MCU_IDX=MCU2
++ awk -F, '/MCU=/  { printf $3 }' /sdk/rkbin/RKTRUST/RK3506TOS.ini
++ tr -d ' '
+ ENABLED=
+ '[' 2 -eq 0 ']'
++ awk -F , '/MCU2=/  { printf $3 }' /sdk/rkbin/RKTRUST/RK3506TOS.ini
++ tr -d ' '
+ ENABLED=
+ '[' '' == enabled -o '' == okay ']'
+ (( i++ ))
+ (( i<5 ))
+ MCU_BIN=mcu3.bin
+ MCU_IDX=MCU3
++ awk -F, '/MCU=/  { printf $3 }' /sdk/rkbin/RKTRUST/RK3506TOS.ini
++ tr -d ' '
+ ENABLED=
+ '[' 3 -eq 0 ']'
++ awk -F , '/MCU3=/  { printf $3 }' /sdk/rkbin/RKTRUST/RK3506TOS.ini
++ tr -d ' '
+ ENABLED=
+ '[' '' == enabled -o '' == okay ']'
+ (( i++ ))
+ (( i<5 ))
+ MCU_BIN=mcu4.bin
+ MCU_IDX=MCU4
++ awk -F, '/MCU=/  { printf $3 }' /sdk/rkbin/RKTRUST/RK3506TOS.ini
++ tr -d ' '
+ ENABLED=
+ '[' 4 -eq 0 ']'
++ awk -F , '/MCU4=/  { printf $3 }' /sdk/rkbin/RKTRUST/RK3506TOS.ini
++ tr -d ' '
+ ENABLED=
+ '[' '' == enabled -o '' == okay ']'
+ (( i++ ))
+ (( i<5 ))
+ (( i=0 ))
+ (( i<5 ))
+ LOAD_BIN=load0.bin
+ LOAD_IDX=LOAD0
++ awk -F , '/LOAD0=/  { printf $3 }' /sdk/rkbin/RKTRUST/RK3506TOS.ini
++ tr -d ' '
+ ENABLED=
+ '[' '' == enabled -o '' == okay ']'
+ (( i++ ))
+ (( i<5 ))
+ LOAD_BIN=load1.bin
+ LOAD_IDX=LOAD1
++ awk -F , '/LOAD1=/  { printf $3 }' /sdk/rkbin/RKTRUST/RK3506TOS.ini
++ tr -d ' '
+ ENABLED=
+ '[' '' == enabled -o '' == okay ']'
+ (( i++ ))
+ (( i<5 ))
+ LOAD_BIN=load2.bin
+ LOAD_IDX=LOAD2
++ awk -F , '/LOAD2=/  { printf $3 }' /sdk/rkbin/RKTRUST/RK3506TOS.ini
++ tr -d ' '
+ ENABLED=
+ '[' '' == enabled -o '' == okay ']'
+ (( i++ ))
+ (( i<5 ))
+ LOAD_BIN=load3.bin
+ LOAD_IDX=LOAD3
++ awk -F , '/LOAD3=/  { printf $3 }' /sdk/rkbin/RKTRUST/RK3506TOS.ini
++ tr -d ' '
+ ENABLED=
+ '[' '' == enabled -o '' == okay ']'
+ (( i++ ))
+ (( i<5 ))
+ LOAD_BIN=load4.bin
+ LOAD_IDX=LOAD4
++ awk -F , '/LOAD4=/  { printf $3 }' /sdk/rkbin/RKTRUST/RK3506TOS.ini
++ tr -d ' '
+ ENABLED=
+ '[' '' == enabled -o '' == okay ']'
+ (( i++ ))
+ (( i<5 ))
+ grep -q '^CONFIG_IMAGE_GZIP=y' .config
++ awk -F, '/COMPRESSION=/  { printf $1 }' /sdk/rkbin/RKTRUST/RK3506TOS.ini
++ tr -d ' '
++ cut -c 13-
+ COMPRESSION=
+ '[' '!' -z '' -a '' '!=' none ']'
+ '[' -d ./rep ']'
++ filt_val CONFIG_SPL_FIT_SOURCE .config
++ sed -n /CONFIG_SPL_FIT_SOURCE=/s/CONFIG_SPL_FIT_SOURCE=//p .config
++ tr -d '\r'
++ tr -d '"'
+ SPL_FIT_SOURCE=
+ '[' '!' -z ']'
++ filt_val CONFIG_SPL_FIT_GENERATOR .config
++ sed -n /CONFIG_SPL_FIT_GENERATOR=/s/CONFIG_SPL_FIT_GENERATOR=//p .config
++ tr -d '\r'
++ tr -d '"'
+ SPL_FIT_GENERATOR=arch/arm/mach-rockchip/make_fit_optee.sh
+ [[ arch/arm/mach-rockchip/make_fit_optee.sh == *.py ]]
+ arch/arm/mach-rockchip/make_fit_optee.sh -t 0x1000
+ source .//arch/arm/mach-rockchip/fit_nodes.sh
++ source .//arch/arm/mach-rockchip/fit_args.sh
+++ srctree=/sdk/u-boot
+++ '[' 2 -eq 1 ']'
+++ '[' 2 -gt 0 ']'
+++ case $1 in
+++ TEE_OFFSET=0x1000
+++ shift 2
+++ '[' 0 -gt 0 ']'
++++ sed -n /CONFIG_SYS_SDRAM_BASE=/s/CONFIG_SYS_SDRAM_BASE=//p /sdk/u-boot/include/autoconf.mk
++++ tr -d '\r'
+++ DARM_BASE=0
+++ grep -q '^CONFIG_FIT_OMIT_UBOOT=y' .config
++++ sed -n /CONFIG_SYS_TEXT_BASE=/s/CONFIG_SYS_TEXT_BASE=//p /sdk/u-boot/include/autoconf.mk
++++ tr -d '\r'
+++ UBOOT_LOAD_ADDR=0x00200000
+++ U_ARCH=arm
+++ grep -q '^CONFIG_ARM64=y' .config
+++ grep -q '^CONFIG_ARM64_BOOT_AARCH32=y' .config
+++ ARCH=arm
+++ '[' '!' -z 0x1000 ']'
++++ echo 'obase=16;4096'
++++ bc
+++ TEE_LOAD_ADDR=0x1000
+++ '[' '!' -z '' ']'
+++ '[' '!' -z '' ']'
+++ '[' '!' -z '' ']'
+++ '[' '!' -z '' ']'
+++ '[' '!' -z '' ']'
+++ '[' '!' -z '' ']'
+++ '[' '!' -z '' ']'
+++ '[' '!' -z '' ']'
+++ '[' '!' -z '' ']'
+++ '[' '!' -z '' ']'
++ rm -f '/sdk/u-boot/*.digest' '/sdk/u-boot/*.bin.gz' '/sdk/u-boot/bl31_0x*.bin'
++ grep -q '^CONFIG_ROCKCHIP_RK3576=y' .config
++ grep -q '^CONFIG_ROCKCHIP_RV1103B=y' .config
++ MAX_ADDR_VAL=4026531840
++ DRAM_BASE_VAL=0
++ '[' '' == gzip ']'
++ '[' '' == lzma ']'
++ COMPRESSION=none
++ SUFFIX=
+ gen_header
+ echo '
/*
 * Copyright (C) 2020 Rockchip Electronic Co.,Ltd
 *
 * Simple U-boot fit source file containing ATF/OP-TEE/U-Boot/dtb/MCU
 */

/dts-v1/;

/ {
	description = "FIT Image with ATF/OP-TEE/U-Boot/MCU";
	#address-cells = <1>;

	images {
'
+ gen_uboot_node
+ '[' -z 0x00200000 ']'
+ UBOOT=u-boot-nodtb.bin
+ echo '		uboot {
			description = "U-Boot";
			data = /incbin/("u-boot-nodtb.bin");
			type = "standalone";
			arch = "arm";
			os = "U-Boot";
			compression = "none";
			load = <0x00200000>;'
+ '[' none '!=' none ']'
+ echo '			hash {
				algo = "sha256";
			};
		};'
+ LOADABLE_UBOOT='"uboot", '
+ gen_bl32_node
+ '[' -z 0x1000 ']'
+ '[' arm == arm ']'
+ grep -q '^CONFIG_ARM64_BOOT_AARCH32=y' .config
+ ENTRY='entry = <0x1000>;'
+ grep -q '^CONFIG_SPL_OPTEE=y' .config
+ TEE=tee.bin
+ echo '		optee {
			description = "OP-TEE";
			data = /incbin/("tee.bin");
			type = "firmware";
			arch = "arm";
			os = "op-tee";
			compression = "none";
			entry = <0x1000>;
			load = <0x1000>;'
+ '[' none '!=' none ']'
+ echo '			hash {
				algo = "sha256";
			};
		};'
+ LOADABLE_OPTEE=', "optee"'
+ FIRMWARE_OPTEE='firmware = "optee";'
+ FIRMWARE_SIGN='"firmware"'
+ gen_mcu_node
+ (( i=0, n=0 ))
+ (( i<5 ))
+ '[' 0 -eq 0 ']'
+ MCU_ADDR=
+ '[' -z ']'
+ continue
+ (( i++ ))
+ (( i<5 ))
+ '[' 1 -eq 0 ']'
+ '[' 1 -eq 1 ']'
+ MCU_ADDR=
+ '[' -z ']'
+ continue
+ (( i++ ))
+ (( i<5 ))
+ '[' 2 -eq 0 ']'
+ '[' 2 -eq 1 ']'
+ '[' 2 -eq 2 ']'
+ MCU_ADDR=
+ '[' -z ']'
+ continue
+ (( i++ ))
+ (( i<5 ))
+ '[' 3 -eq 0 ']'
+ '[' 3 -eq 1 ']'
+ '[' 3 -eq 2 ']'
+ '[' 3 -eq 3 ']'
+ MCU_ADDR=
+ '[' -z ']'
+ continue
+ (( i++ ))
+ (( i<5 ))
+ '[' 4 -eq 0 ']'
+ '[' 4 -eq 1 ']'
+ '[' 4 -eq 2 ']'
+ '[' 4 -eq 3 ']'
+ '[' 4 -eq 4 ']'
+ MCU_ADDR=
+ '[' -z ']'
+ continue
+ (( i++ ))
+ (( i<5 ))
+ gen_loadable_node
+ (( i=0 ))
+ (( i<5 ))
+ '[' 0 -eq 0 ']'
+ LOAD_ADDR=
+ '[' -z ']'
+ continue
+ (( i++ ))
+ (( i<5 ))
+ '[' 1 -eq 0 ']'
+ '[' 1 -eq 1 ']'
+ LOAD_ADDR=
+ '[' -z ']'
+ continue
+ (( i++ ))
+ (( i<5 ))
+ '[' 2 -eq 0 ']'
+ '[' 2 -eq 1 ']'
+ '[' 2 -eq 2 ']'
+ LOAD_ADDR=
+ '[' -z ']'
+ continue
+ (( i++ ))
+ (( i<5 ))
+ '[' 3 -eq 0 ']'
+ '[' 3 -eq 1 ']'
+ '[' 3 -eq 2 ']'
+ '[' 3 -eq 3 ']'
+ LOAD_ADDR=
+ '[' -z ']'
+ continue
+ (( i++ ))
+ (( i<5 ))
+ '[' 4 -eq 0 ']'
+ '[' 4 -eq 1 ']'
+ '[' 4 -eq 2 ']'
+ '[' 4 -eq 3 ']'
+ '[' 4 -eq 4 ']'
+ LOAD_ADDR=
+ '[' -z ']'
+ continue
+ (( i++ ))
+ (( i<5 ))
+ gen_kfdt_node
+ '[' -z 0x00200000 ']'
++ sed -n /CONFIG_EMBED_KERNEL_DTB_PATH=/s/CONFIG_EMBED_KERNEL_DTB_PATH=//p .config
++ tr -d '"'
+ KERN_DTB=
+ '[' -z ']'
+ return
+ gen_fdt_node
+ '[' -z 0x00200000 ']'
+ echo '		fdt {
			description = "U-Boot dtb";
			data = /incbin/("./u-boot.dtb");
			type = "flat_dt";
			arch = "arm";
			compression = "none";
			hash {
				algo = "sha256";
			};
		};'
+ FDT_SIGN=', "fdt"'
+ FDT='fdt = "fdt";'
+ gen_arm_configurations
++ sed -n /CONFIG_DEFAULT_DEVICE_TREE/p .config
++ awk -F = '{ print $2 }'
++ tr -d '"'
+ PLATFORM=rk3506-luckfox
+ grep -q '^CONFIG_FIT_ENABLE_RSASSA_PSS_SUPPORT=y' .config
+ grep -q '^CONFIG_FIT_ENABLE_RSA4096_SUPPORT=y' .config
+ ALGO_NAME='				algo = "sha256,rsa2048";'
+ '[' '!' -z '"uboot", ' ']'
+ LOADABLE_UBOOT='"uboot"'
+ LOADABLES='loadables = "uboot";'
+ '[' -z '"firmware"' ']'
+ LOADABLES_SIGN=', "loadables"'
+ echo '	};

	configurations {
		default = "conf";
		conf {
			description = "rk3506-luckfox";
			rollback-index = <0x0>;
			firmware = "optee";
			loadables = "uboot";
			
			fdt = "fdt";
			signature {
								algo = "sha256,rsa2048";
				
				key-name-hint = "dev";
				sign-images = "firmware", "loadables", "fdt";
			};
		};
	};
};
'
+ ./tools/mkimage -f u-boot.its -E u-boot.itb
+ echo 'pack u-boot.itb okay! Input: /sdk/rkbin/RKTRUST/RK3506TOS.ini'
pack u-boot.itb okay! Input: /sdk/rkbin/RKTRUST/RK3506TOS.ini
+ echo

+ exit 0
+ check_its u-boot.its
+ cat u-boot.its
+ read line
++ echo
++ sed -n /incbin/p
++ awk -F '"' '{ printf $2 }'
++ tr -d ' '
+ file=
+ '[' '!' -f ']'
+ read line
++ sed -n /incbin/p
++ echo /bin /boot /dev /etc /home /lib /lib32 /lib64 /libx32 /media /mnt /opt /proc /root /run /sbin /sdk /srv /sys /tmp /usr /var /work
++ awk -F '"' '{ printf $2 }'
++ tr -d ' '
+ file=
+ '[' '!' -f ']'
+ read line
++ echo Documentation Kbuild Kconfig Licenses MAINTAINERS Makefile PREUPLOAD.cfg README System.map api arch board cmd common config.mk configs disk doc drivers dts env examples fit fs include lib make.sh net post scripts snapshot.commit spl tee.bin test tools tpl u-boot u-boot-dtb.bin u-boot-dtb.img u-boot-nodtb.bin u-boot.bin u-boot.cfg u-boot.cfg.configs u-boot.dtb u-boot.img u-boot.itb u-boot.its u-boot.lds u-boot.map u-boot.srec u-boot.sym usb_update.txt Copyright '(C)' 2020 Rockchip Electronic Co.,Ltd
++ sed -n /incbin/p
++ awk -F '"' '{ printf $2 }'
++ tr -d ' '
+ file=
+ '[' '!' -f ']'
+ read line
++ echo Documentation Kbuild Kconfig Licenses MAINTAINERS Makefile PREUPLOAD.cfg README System.map api arch board cmd common config.mk configs disk doc drivers dts env examples fit fs include lib make.sh net post scripts snapshot.commit spl tee.bin test tools tpl u-boot u-boot-dtb.bin u-boot-dtb.img u-boot-nodtb.bin u-boot.bin u-boot.cfg u-boot.cfg.configs u-boot.dtb u-boot.img u-boot.itb u-boot.its u-boot.lds u-boot.map u-boot.srec u-boot.sym usb_update.txt
++ sed -n /incbin/p
++ awk -F '"' '{ printf $2 }'
++ tr -d ' '
+ file=
+ '[' '!' -f ']'
+ read line
++ sed -n /incbin/p
++ echo Documentation Kbuild Kconfig Licenses MAINTAINERS Makefile PREUPLOAD.cfg README System.map api arch board cmd common config.mk configs disk doc drivers dts env examples fit fs include lib make.sh net post scripts snapshot.commit spl tee.bin test tools tpl u-boot u-boot-dtb.bin u-boot-dtb.img u-boot-nodtb.bin u-boot.bin u-boot.cfg u-boot.cfg.configs u-boot.dtb u-boot.img u-boot.itb u-boot.its u-boot.lds u-boot.map u-boot.srec u-boot.sym usb_update.txt Simple U-boot fit source file containing ATF/OP-TEE/U-Boot/dtb/MCU
++ awk -F '"' '{ printf $2 }'
++ tr -d ' '
+ file=
+ '[' '!' -f ']'
+ read line
++ sed -n /incbin/p
++ echo Documentation/ Licenses/ api/ arch/ board/ cmd/ common/ configs/ disk/ doc/ drivers/ dts/ env/ examples/ fit/ fs/ include/ lib/ net/ post/ scripts/ spl/ test/ tools/ tpl/
++ awk -F '"' '{ printf $2 }'
++ tr -d ' '
+ file=
+ '[' '!' -f ']'
+ read line
++ echo
++ sed -n /incbin/p
++ awk -F '"' '{ printf $2 }'
++ tr -d ' '
+ file=
+ '[' '!' -f ']'
+ read line
++ echo '/dts-v1/;'
++ sed -n /incbin/p
++ awk -F '"' '{ printf $2 }'
++ tr -d ' '
+ file=
+ '[' '!' -f ']'
+ read line
++ echo
++ sed -n /incbin/p
++ awk -F '"' '{ printf $2 }'
++ tr -d ' '
+ file=
+ '[' '!' -f ']'
+ read line
++ echo / '{'
++ sed -n /incbin/p
++ awk -F '"' '{ printf $2 }'
++ tr -d ' '
+ file=
+ '[' '!' -f ']'
+ read line
++ echo description = '"FIT' Image with 'ATF/OP-TEE/U-Boot/MCU";'
++ sed -n /incbin/p
++ awk -F '"' '{ printf $2 }'
++ tr -d ' '
+ file=
+ '[' '!' -f ']'
+ read line
++ echo '#address-cells' = '<1>;'
++ sed -n /incbin/p
++ awk -F '"' '{ printf $2 }'
++ tr -d ' '
+ file=
+ '[' '!' -f ']'
+ read line
++ echo
++ sed -n /incbin/p
++ awk -F '"' '{ printf $2 }'
++ tr -d ' '
+ file=
+ '[' '!' -f ']'
+ read line
++ echo images '{'
++ sed -n /incbin/p
++ awk -F '"' '{ printf $2 }'
++ tr -d ' '
+ file=
+ '[' '!' -f ']'
+ read line
++ echo
++ sed -n /incbin/p
++ awk -F '"' '{ printf $2 }'
++ tr -d ' '
+ file=
+ '[' '!' -f ']'
+ read line
++ echo uboot '{'
++ sed -n /incbin/p
++ awk -F '"' '{ printf $2 }'
++ tr -d ' '
+ file=
+ '[' '!' -f ']'
+ read line
++ echo description = '"U-Boot";'
++ sed -n /incbin/p
++ awk -F '"' '{ printf $2 }'
++ tr -d ' '
+ file=
+ '[' '!' -f ']'
+ read line
++ echo data = '/incbin/("u-boot-nodtb.bin");'
++ sed -n /incbin/p
++ awk -F '"' '{ printf $2 }'
++ tr -d ' '
+ file=u-boot-nodtb.bin
+ '[' '!' -f u-boot-nodtb.bin ']'
+ read line
++ echo type = '"standalone";'
++ sed -n /incbin/p
++ awk -F '"' '{ printf $2 }'
++ tr -d ' '
+ file=
+ '[' '!' -f ']'
+ read line
++ echo arch = '"arm";'
++ sed -n /incbin/p
++ awk -F '"' '{ printf $2 }'
++ tr -d ' '
+ file=
+ '[' '!' -f ']'
+ read line
++ echo os = '"U-Boot";'
++ sed -n /incbin/p
++ awk -F '"' '{ printf $2 }'
++ tr -d ' '
+ file=
+ '[' '!' -f ']'
+ read line
++ echo compression = '"none";'
++ sed -n /incbin/p
++ awk -F '"' '{ printf $2 }'
++ tr -d ' '
+ file=
+ '[' '!' -f ']'
+ read line
++ echo load = '<0x00200000>;'
++ sed -n /incbin/p
++ awk -F '"' '{ printf $2 }'
++ tr -d ' '
+ file=
+ '[' '!' -f ']'
+ read line
++ echo hash '{'
++ sed -n /incbin/p
++ awk -F '"' '{ printf $2 }'
++ tr -d ' '
+ file=
+ '[' '!' -f ']'
+ read line
++ echo algo = '"sha256";'
++ sed -n /incbin/p
++ awk -F '"' '{ printf $2 }'
++ tr -d ' '
+ file=
+ '[' '!' -f ']'
+ read line
++ echo '};'
++ sed -n /incbin/p
++ awk -F '"' '{ printf $2 }'
++ tr -d ' '
+ file=
+ '[' '!' -f ']'
+ read line
++ echo '};'
++ sed -n /incbin/p
++ tr -d ' '
++ awk -F '"' '{ printf $2 }'
+ file=
+ '[' '!' -f ']'
+ read line
++ echo optee '{'
++ sed -n /incbin/p
++ awk -F '"' '{ printf $2 }'
++ tr -d ' '
+ file=
+ '[' '!' -f ']'
+ read line
++ echo description = '"OP-TEE";'
++ sed -n /incbin/p
++ awk -F '"' '{ printf $2 }'
++ tr -d ' '
+ file=
+ '[' '!' -f ']'
+ read line
++ echo data = '/incbin/("tee.bin");'
++ sed -n /incbin/p
++ awk -F '"' '{ printf $2 }'
++ tr -d ' '
+ file=tee.bin
+ '[' '!' -f tee.bin ']'
+ read line
++ echo type = '"firmware";'
++ sed -n /incbin/p
++ awk -F '"' '{ printf $2 }'
++ tr -d ' '
+ file=
+ '[' '!' -f ']'
+ read line
++ echo arch = '"arm";'
++ sed -n /incbin/p
++ awk -F '"' '{ printf $2 }'
++ tr -d ' '
+ file=
+ '[' '!' -f ']'
+ read line
++ echo os = '"op-tee";'
++ sed -n /incbin/p
++ awk -F '"' '{ printf $2 }'
++ tr -d ' '
+ file=
+ '[' '!' -f ']'
+ read line
++ echo compression = '"none";'
++ sed -n /incbin/p
++ awk -F '"' '{ printf $2 }'
++ tr -d ' '
+ file=
+ '[' '!' -f ']'
+ read line
++ echo entry = '<0x1000>;'
++ sed -n /incbin/p
++ awk -F '"' '{ printf $2 }'
++ tr -d ' '
+ file=
+ '[' '!' -f ']'
+ read line
++ echo load = '<0x1000>;'
++ sed -n /incbin/p
++ awk -F '"' '{ printf $2 }'
++ tr -d ' '
+ file=
+ '[' '!' -f ']'
+ read line
++ echo hash '{'
++ sed -n /incbin/p
++ awk -F '"' '{ printf $2 }'
++ tr -d ' '
+ file=
+ '[' '!' -f ']'
+ read line
++ echo algo = '"sha256";'
++ sed -n /incbin/p
++ awk -F '"' '{ printf $2 }'
++ tr -d ' '
+ file=
+ '[' '!' -f ']'
+ read line
++ echo '};'
++ sed -n /incbin/p
++ awk -F '"' '{ printf $2 }'
++ tr -d ' '
+ file=
+ '[' '!' -f ']'
+ read line
++ echo '};'
++ sed -n /incbin/p
++ awk -F '"' '{ printf $2 }'
++ tr -d ' '
+ file=
+ '[' '!' -f ']'
+ read line
++ echo fdt '{'
++ sed -n /incbin/p
++ awk -F '"' '{ printf $2 }'
++ tr -d ' '
+ file=
+ '[' '!' -f ']'
+ read line
++ echo description = '"U-Boot' 'dtb";'
++ sed -n /incbin/p
++ awk -F '"' '{ printf $2 }'
++ tr -d ' '
+ file=
+ '[' '!' -f ']'
+ read line
++ echo data = '/incbin/("./u-boot.dtb");'
++ sed -n /incbin/p
++ awk -F '"' '{ printf $2 }'
++ tr -d ' '
+ file=./u-boot.dtb
+ '[' '!' -f ./u-boot.dtb ']'
+ read line
++ echo type = '"flat_dt";'
++ sed -n /incbin/p
++ awk -F '"' '{ printf $2 }'
++ tr -d ' '
+ file=
+ '[' '!' -f ']'
+ read line
++ echo arch = '"arm";'
++ sed -n /incbin/p
++ awk -F '"' '{ printf $2 }'
++ tr -d ' '
+ file=
+ '[' '!' -f ']'
+ read line
++ echo compression = '"none";'
++ sed -n /incbin/p
++ awk -F '"' '{ printf $2 }'
++ tr -d ' '
+ file=
+ '[' '!' -f ']'
+ read line
++ echo hash '{'
++ sed -n /incbin/p
++ awk -F '"' '{ printf $2 }'
++ tr -d ' '
+ file=
+ '[' '!' -f ']'
+ read line
++ echo algo = '"sha256";'
++ sed -n /incbin/p
++ awk -F '"' '{ printf $2 }'
++ tr -d ' '
+ file=
+ '[' '!' -f ']'
+ read line
++ echo '};'
++ sed -n /incbin/p
++ awk -F '"' '{ printf $2 }'
++ tr -d ' '
+ file=
+ '[' '!' -f ']'
+ read line
++ echo '};'
++ sed -n /incbin/p
++ awk -F '"' '{ printf $2 }'
++ tr -d ' '
+ file=
+ '[' '!' -f ']'
+ read line
++ echo '};'
++ sed -n /incbin/p
++ tr -d ' '
++ awk -F '"' '{ printf $2 }'
+ file=
+ '[' '!' -f ']'
+ read line
++ echo
++ sed -n /incbin/p
++ awk -F '"' '{ printf $2 }'
++ tr -d ' '
+ file=
+ '[' '!' -f ']'
+ read line
++ echo configurations '{'
++ sed -n /incbin/p
++ awk -F '"' '{ printf $2 }'
++ tr -d ' '
+ file=
+ '[' '!' -f ']'
+ read line
++ echo default = '"conf";'
++ sed -n /incbin/p
++ awk -F '"' '{ printf $2 }'
++ tr -d ' '
+ file=
+ '[' '!' -f ']'
+ read line
++ echo conf '{'
++ sed -n /incbin/p
++ awk -F '"' '{ printf $2 }'
++ tr -d ' '
+ file=
+ '[' '!' -f ']'
+ read line
++ echo description = '"rk3506-luckfox";'
++ sed -n /incbin/p
++ awk -F '"' '{ printf $2 }'
++ tr -d ' '
+ file=
+ '[' '!' -f ']'
+ read line
++ echo rollback-index = '<0x0>;'
++ sed -n /incbin/p
++ awk -F '"' '{ printf $2 }'
++ tr -d ' '
+ file=
+ '[' '!' -f ']'
+ read line
++ echo firmware = '"optee";'
++ sed -n /incbin/p
++ tr -d ' '
++ awk -F '"' '{ printf $2 }'
+ file=
+ '[' '!' -f ']'
+ read line
++ echo loadables = '"uboot";'
++ sed -n /incbin/p
++ awk -F '"' '{ printf $2 }'
++ tr -d ' '
+ file=
+ '[' '!' -f ']'
+ read line
++ echo
++ sed -n /incbin/p
++ awk -F '"' '{ printf $2 }'
++ tr -d ' '
+ file=
+ '[' '!' -f ']'
+ read line
++ echo fdt = '"fdt";'
++ sed -n /incbin/p
++ awk -F '"' '{ printf $2 }'
++ tr -d ' '
+ file=
+ '[' '!' -f ']'
+ read line
++ echo signature '{'
++ sed -n /incbin/p
++ awk -F '"' '{ printf $2 }'
++ tr -d ' '
+ file=
+ '[' '!' -f ']'
+ read line
++ echo algo = '"sha256,rsa2048";'
++ sed -n /incbin/p
++ awk -F '"' '{ printf $2 }'
++ tr -d ' '
+ file=
+ '[' '!' -f ']'
+ read line
++ echo
++ sed -n /incbin/p
++ awk -F '"' '{ printf $2 }'
++ tr -d ' '
+ file=
+ '[' '!' -f ']'
+ read line
++ echo key-name-hint = '"dev";'
++ sed -n /incbin/p
++ awk -F '"' '{ printf $2 }'
++ tr -d ' '
+ file=
+ '[' '!' -f ']'
+ read line
++ echo sign-images = '"firmware",' '"loadables",' '"fdt";'
++ sed -n /incbin/p
++ awk -F '"' '{ printf $2 }'
++ tr -d ' '
+ file=
+ '[' '!' -f ']'
+ read line
++ echo '};'
++ sed -n /incbin/p
++ awk -F '"' '{ printf $2 }'
++ tr -d ' '
+ file=
+ '[' '!' -f ']'
+ read line
++ echo '};'
++ sed -n /incbin/p
++ awk -F '"' '{ printf $2 }'
++ tr -d ' '
+ file=
+ '[' '!' -f ']'
+ read line
++ echo '};'
++ sed -n /incbin/p
++ awk -F '"' '{ printf $2 }'
++ tr -d ' '
+ file=
+ '[' '!' -f ']'
+ read line
++ echo '};'
++ sed -n /incbin/p
++ awk -F '"' '{ printf $2 }'
++ tr -d ' '
+ file=
+ '[' '!' -f ']'
+ read line
++ echo
++ sed -n /incbin/p
++ awk -F '"' '{ printf $2 }'
++ tr -d ' '
+ file=
+ '[' '!' -f ']'
+ read line
+ '[' '' '!=' y ']'
+ ./tools/mkimage -f u-boot.its -E -p 0x1200 fit/uboot.itb -v 0
FIT description: FIT Image with ATF/OP-TEE/U-Boot/MCU
Created:         Mon Aug 24 08:45:10 2026
 Image 0 (uboot)
  Description:  U-Boot
  Created:      Mon Aug 24 08:45:10 2026
  Type:         Standalone Program
  Compression:  uncompressed
  Data Size:    671712 Bytes = 655.97 KiB = 0.64 MiB
  Architecture: ARM
  Load Address: 0x00200000
  Entry Point:  unavailable
  Hash algo:    sha256
  Hash value:   2a62f49a71677562d241272f68f21648d14bccf6c73c2179f2d29a52cf281ecb
 Image 1 (optee)
  Description:  OP-TEE
  Created:      Mon Aug 24 08:45:10 2026
  Type:         Firmware
  Compression:  uncompressed
  Data Size:    117448 Bytes = 114.70 KiB = 0.11 MiB
  Architecture: ARM
  Load Address: 0x00001000
  Hash algo:    sha256
  Hash value:   690eb8a14d96ae00576d82c1c5a82bb2771cc7f1227af8f75f58038ee2fe9965
 Image 2 (fdt)
  Description:  U-Boot dtb
  Created:      Mon Aug 24 08:45:10 2026
  Type:         Flat Device Tree
  Compression:  uncompressed
  Data Size:    6170 Bytes = 6.03 KiB = 0.01 MiB
  Architecture: ARM
  Hash algo:    sha256
  Hash value:   4c7bf9a02f6d3c710a3917ab6059a8ee8212cc4ee2122e2c65d17857fab38594
 Default Configuration: 'conf'
 Configuration 0 (conf)
  Description:  rk3506-luckfox
  Kernel:       unavailable
  Firmware:     optee
  FDT:          fdt
  Loadables:    uboot
+ '[' y == y ']'
+ ./make.sh --spl /sdk/rkbin/RKBOOT/RK3506MINIALL.ini
+ set -e
++ sed -n 'N;/processor/p' /proc/cpuinfo
++ wc -l
+ JOB=16
++ ls configs/android6.0-rk3399_defconfig configs/dserve_dsrv9703c_defconfig configs/evb-aarch32-rk3308_defconfig configs/evb-px30_defconfig configs/evb-rk3036_defconfig configs/evb-rk3066_defconfig configs/evb-rk3128_defconfig configs/evb-rk3229_defconfig configs/evb-rk3288-rk1608_defconfig configs/evb-rk3288_defconfig configs/evb-rk3308_defconfig configs/evb-rk3326_defconfig configs/evb-rk3328_defconfig configs/evb-rk3399_defconfig configs/evb-rv1108_defconfig configs/fennec-rk3288_defconfig configs/firefly-rk3288_defconfig configs/firefly-rk3399_defconfig configs/gva-rk3229_defconfig configs/kylin-rk3036_defconfig configs/lion-rk3368_defconfig configs/miqi-rk3288_defconfig configs/nokia_rx51_defconfig configs/phycore-rk3288_defconfig configs/popmetal-rk3288_defconfig configs/puma-rk3399_defconfig configs/px30-tb_defconfig configs/px30_defconfig configs/rk1806_defconfig configs/rk1808_defconfig configs/rk3036_defconfig configs/rk3126_defconfig configs/rk3128_defconfig configs/rk3128x_defconfig configs/rk322x_defconfig configs/rk3288_defconfig configs/rk3308-aarch32-amp_defconfig configs/rk3308-aarch32_defconfig configs/rk3308_defconfig configs/rk3326-aarch32_defconfig configs/rk3326_defconfig configs/rk3328_defconfig configs/rk3368_defconfig configs/rk3399_defconfig configs/rk3399pro_defconfig configs/rk3506_defconfig configs/rk3506_luckfox_defconfig configs/rk3528_defconfig configs/rk3562_defconfig configs/rk3568-pcie-ep_defconfig configs/rk3568-spl-spi-nand_defconfig configs/rk3568_defconfig configs/rk3576_defconfig configs/rk3588-qnx_defconfig configs/rk3588_defconfig configs/rv1103b-spi-nor_defconfig configs/rv1103b_defconfig configs/rv1106-emmc-tb-nofastae_defconfig configs/rv1106-emmc-tb_defconfig configs/rv1106-spi-nand-tb-nofastae_defconfig configs/rv1106-spi-nand-tb_defconfig configs/rv1106-spi-nor-tb-nofastae_defconfig configs/rv1106-spi-nor-tb_defconfig configs/rv1106-spi-nor_defconfig configs/rv1106_defconfig configs/rv1106b-fastboot-emmc_defconfig configs/rv1106b-fastboot-spi-nand_defconfig configs/rv1106b-fastboot-spi-nor_defconfig configs/rv1106b-tb-emmc_defconfig configs/rv1106b-tb-spi-nand_defconfig configs/rv1106b_defconfig configs/rv1126-spi-nor-tiny_defconfig configs/rv1126-spl-slc-nand_defconfig configs/rv1126-spl-spi-nand_defconfig configs/rv1126_defconfig configs/sheep-rk3368_defconfig configs/tinker-rk3288_defconfig configs/vyasa-rk3288_defconfig
+ SUPPORT_LIST='configs/android6.0-rk3399_defconfig
configs/dserve_dsrv9703c_defconfig
configs/evb-aarch32-rk3308_defconfig
configs/evb-px30_defconfig
configs/evb-rk3036_defconfig
configs/evb-rk3066_defconfig
configs/evb-rk3128_defconfig
configs/evb-rk3229_defconfig
configs/evb-rk3288-rk1608_defconfig
configs/evb-rk3288_defconfig
configs/evb-rk3308_defconfig
configs/evb-rk3326_defconfig
configs/evb-rk3328_defconfig
configs/evb-rk3399_defconfig
configs/evb-rv1108_defconfig
configs/fennec-rk3288_defconfig
configs/firefly-rk3288_defconfig
configs/firefly-rk3399_defconfig
configs/gva-rk3229_defconfig
configs/kylin-rk3036_defconfig
configs/lion-rk3368_defconfig
configs/miqi-rk3288_defconfig
configs/nokia_rx51_defconfig
configs/phycore-rk3288_defconfig
configs/popmetal-rk3288_defconfig
configs/puma-rk3399_defconfig
configs/px30-tb_defconfig
configs/px30_defconfig
configs/rk1806_defconfig
configs/rk1808_defconfig
configs/rk3036_defconfig
configs/rk3126_defconfig
configs/rk3128_defconfig
configs/rk3128x_defconfig
configs/rk322x_defconfig
configs/rk3288_defconfig
configs/rk3308-aarch32-amp_defconfig
configs/rk3308-aarch32_defconfig
configs/rk3308_defconfig
configs/rk3326-aarch32_defconfig
configs/rk3326_defconfig
configs/rk3328_defconfig
configs/rk3368_defconfig
configs/rk3399_defconfig
configs/rk3399pro_defconfig
configs/rk3506_defconfig
configs/rk3506_luckfox_defconfig
configs/rk3528_defconfig
configs/rk3562_defconfig
configs/rk3568-pcie-ep_defconfig
configs/rk3568-spl-spi-nand_defconfig
configs/rk3568_defconfig
configs/rk3576_defconfig
configs/rk3588-qnx_defconfig
configs/rk3588_defconfig
configs/rv1103b-spi-nor_defconfig
configs/rv1103b_defconfig
configs/rv1106-emmc-tb-nofastae_defconfig
configs/rv1106-emmc-tb_defconfig
configs/rv1106-spi-nand-tb-nofastae_defconfig
configs/rv1106-spi-nand-tb_defconfig
configs/rv1106-spi-nor-tb-nofastae_defconfig
configs/rv1106-spi-nor-tb_defconfig
configs/rv1106-spi-nor_defconfig
configs/rv1106_defconfig
configs/rv1106b-fastboot-emmc_defconfig
configs/rv1106b-fastboot-spi-nand_defconfig
configs/rv1106b-fastboot-spi-nor_defconfig
configs/rv1106b-tb-emmc_defconfig
configs/rv1106b-tb-spi-nand_defconfig
configs/rv1106b_defconfig
configs/rv1126-spi-nor-tiny_defconfig
configs/rv1126-spl-slc-nand_defconfig
configs/rv1126-spl-spi-nand_defconfig
configs/rv1126_defconfig
configs/sheep-rk3368_defconfig
configs/tinker-rk3288_defconfig
configs/vyasa-rk3288_defconfig'
+ CMD_ARGS=--spl
+ RKBIN_TOOLS=../rkbin/tools
+ CROSS_COMPILE_ARM32=../prebuilts/gcc/linux-x86/arm/gcc-linaro-6.3.1-2017.05-x86_64_arm-linux-gnueabihf/bin/arm-linux-gnueabihf-
+ CROSS_COMPILE_ARM64=../prebuilts/gcc/linux-x86/aarch64/gcc-linaro-6.3.1-2017.05-x86_64_aarch64-linux-gnu/bin/aarch64-linux-gnu-
+ RKCHIP=
+ RKCHIP_LABEL=
+ RKCHIP_LOADER=
+ RKCHIP_TRUST=
+ INI_TRUST=
+ INI_LOADER=
+ RKBIN=
+ TOOLCHAIN=
+ TOOLCHAIN_NM=
+ TOOLCHAIN_OBJDUMP=
+ TOOLCHAIN_ADDR2LINE=
+ PLAT_RSA=
+ PLAT_SHA=
+ PLAT_UBOOT_SIZE=
+ PLAT_TRUST_SIZE=
+ PLAT_TYPE=RKFW
++ pwd
+ SRCTREE=/sdk/u-boot
+ SCRIPT_FIT=/sdk/u-boot/scripts/fit.sh
+ SCRIPT_ATF=/sdk/u-boot/scripts/atf.sh
+ SCRIPT_TOS=/sdk/u-boot/scripts/tos.sh
+ SCRIPT_SPL=/sdk/u-boot/scripts/spl.sh
+ SCRIPT_UBOOT=/sdk/u-boot/scripts/uboot.sh
+ SCRIPT_LOADER=/sdk/u-boot/scripts/loader.sh
+ SCRIPT_DECOMP=/sdk/u-boot/scripts/decomp.sh
+ SCRIPT_CHECKCONFIG=/sdk/u-boot/scripts/check-rkconfig.sh
+ CC_FILE=.cc
+ REP_DIR=./rep
+ process_args --spl /sdk/rkbin/RKBOOT/RK3506MINIALL.ini
+ '[' 2 -gt 0 ']'
+ case $1 in
+ ARG_SPL_BIN=spl/u-boot-spl.bin
+ shift 1
+ '[' 1 -gt 0 ']'
+ case $1 in
+ '[' '!' -f /sdk/rkbin/RKBOOT/RK3506MINIALL.ini ']'
+ grep -q CODE471_OPTION /sdk/rkbin/RKBOOT/RK3506MINIALL.ini
+ ARG_INI_LOADER=/sdk/rkbin/RKBOOT/RK3506MINIALL.ini
+ shift 1
+ '[' 0 -gt 0 ']'
+ '[' '!' -f .config ']'
+ prepare
+ '[' -d ../rkbin/tools ']'
+++ dirname ../rkbin/tools
++ cd ../rkbin
++ pwd
+ absolute_path=/sdk/rkbin
+ RKBIN=/sdk/rkbin
+ grep -Eq '^CONFIG_ARM64=y|^CONFIG_ARM64_BOOT_AARCH32=y' .config
+ grep -q '^CONFIG_ROCKCHIP_FIT_IMAGE_PACK=y' .config
+ PLAT_TYPE=FIT
+ select_toolchain
+ '[' '' '!=' y ']'
+ '[' -f .cc ']'
++ cat .cc
+ CROSS_COMPILE_ARM32=/sdk/prebuilts/gcc/linux-x86/arm/gcc-arm-10.3-2021.07-x86_64-arm-none-linux-gnueabihf/bin/arm-none-linux-gnueabihf-
++ cat .cc
+ CROSS_COMPILE_ARM64=/sdk/prebuilts/gcc/linux-x86/arm/gcc-arm-10.3-2021.07-x86_64-arm-none-linux-gnueabihf/bin/arm-none-linux-gnueabihf-
+ grep -q '^CONFIG_ARM64=y' .config
+ TOOLCHAIN=/sdk/prebuilts/gcc/linux-x86/arm/gcc-arm-10.3-2021.07-x86_64-arm-none-linux-gnueabihf/bin/arm-none-linux-gnueabihf-
+ TOOLCHAIN_NM=/sdk/prebuilts/gcc/linux-x86/arm/gcc-arm-10.3-2021.07-x86_64-arm-none-linux-gnueabihf/bin/arm-none-linux-gnueabihf-nm
+ TOOLCHAIN_OBJDUMP=/sdk/prebuilts/gcc/linux-x86/arm/gcc-arm-10.3-2021.07-x86_64-arm-none-linux-gnueabihf/bin/arm-none-linux-gnueabihf-objdump
+ TOOLCHAIN_ADDR2LINE=/sdk/prebuilts/gcc/linux-x86/arm/gcc-arm-10.3-2021.07-x86_64-arm-none-linux-gnueabihf/bin/arm-none-linux-gnueabihf-addr2line
++ which /sdk/prebuilts/gcc/linux-x86/arm/gcc-arm-10.3-2021.07-x86_64-arm-none-linux-gnueabihf/bin/arm-none-linux-gnueabihf-gcc
+ '[' '!' /sdk/prebuilts/gcc/linux-x86/arm/gcc-arm-10.3-2021.07-x86_64-arm-none-linux-gnueabihf/bin/arm-none-linux-gnueabihf-gcc ']'
+ '[' '' == y ']'
+ select_chip_info
+ CHIP_PATTERN='^CONFIG_ROCKCHIP_[R,P][X,V,K][0-9ESXB]{1,5}'
++ egrep -o '^CONFIG_ROCKCHIP_[R,P][X,V,K][0-9ESXB]{1,5}' .config
+ RKCHIP=CONFIG_ROCKCHIP_RK3506
+ RKCHIP=RK3506
+ RKCHIP_LOADER=RK3506
+ RKCHIP_TRUST=RK3506
++ filt_val CONFIG_CHIP_NAME .config
++ sed -n /CONFIG_CHIP_NAME=/s/CONFIG_CHIP_NAME=//p .config
++ tr -d '\r'
++ tr -d '"'
+ RKCHIP_LABEL=
+ '[' -z '' ']'
+ RKCHIP_LABEL=RK3506
+ fixup_platform_configure
++ filt_val CONFIG_UBOOT_SIZE_KB .config
++ sed -n /CONFIG_UBOOT_SIZE_KB=/s/CONFIG_UBOOT_SIZE_KB=//p .config
++ tr -d '\r'
++ tr -d '"'
+ U_KB=
++ filt_val CONFIG_UBOOT_NUM .config
++ sed -n /CONFIG_UBOOT_NUM=/s/CONFIG_UBOOT_NUM=//p .config
++ tr -d '\r'
++ tr -d '"'
+ U_NUM=
++ filt_val CONFIG_TRUST_SIZE_KB .config
++ sed -n /CONFIG_TRUST_SIZE_KB=/s/CONFIG_TRUST_SIZE_KB=//p .config
++ tr -d '"'
++ tr -d '\r'
+ T_KB=
++ filt_val CONFIG_TRUST_NUM .config
++ sed -n /CONFIG_TRUST_NUM=/s/CONFIG_TRUST_NUM=//p .config
++ tr -d '\r'
++ tr -d '"'
+ T_NUM=
++ filt_val CONFIG_TRUST_SHA_MODE .config
++ sed -n /CONFIG_TRUST_SHA_MODE=/s/CONFIG_TRUST_SHA_MODE=//p .config
++ tr -d '\r'
++ tr -d '"'
+ SHA=
++ filt_val CONFIG_TRUST_RSA_MODE .config
++ sed -n /CONFIG_TRUST_RSA_MODE=/s/CONFIG_TRUST_RSA_MODE=//p .config
++ tr -d '\r'
++ tr -d '"'
+ RSA=
+ PLAT_UBOOT_SIZE='--size  '
+ PLAT_TRUST_SIZE='--size  '
+ PLAT_SHA='--sha '
+ PLAT_RSA='--rsa '
+ '[' '!' -z '' ']'
+ '[' '!' -z '' ']'
+ select_ini_file
+ INI_LOADER=/sdk/rkbin/RKBOOT/RK3506MINIALL.ini
+ '[' '' == y ']'
+ INI_TRUST=/sdk/rkbin/RKTRUST/RK3506TOS.ini
++ filt_val CONFIG_LOADER_INI .config
++ tr -d '\r'
++ tr -d '"'
++ sed -n /CONFIG_LOADER_INI=/s/CONFIG_LOADER_INI=//p .config
+ NAME=
+ '[' '!' -z '' ']'
++ filt_val CONFIG_TRUST_INI .config
++ sed -n /CONFIG_TRUST_INI=/s/CONFIG_TRUST_INI=//p .config
++ tr -d '\r'
++ tr -d '"'
+ NAME=
+ '[' '!' -z '' ']'
+ '[' '!' -z '' ']'
+ '[' '!' -z /sdk/rkbin/RKBOOT/RK3506MINIALL.ini ']'
+ INI_LOADER=/sdk/rkbin/RKBOOT/RK3506MINIALL.ini
+ handle_args_late
+ ARG_LIST_FIT=' --ini-trust /sdk/rkbin/RKTRUST/RK3506TOS.ini --ini-loader /sdk/rkbin/RKBOOT/RK3506MINIALL.ini'
+ sub_commands
+ [[ --spl != --* ]]
+ CMD=--spl
+ '[' '' == tpl -o '' == spl ']'
+ ELF=u-boot
+ MAP=u-boot.map
+ SYM=u-boot.sym
+ case ${CMD} in
+ pack_spl_loader_image
+ rm -f '*loader*.bin' '*download*.bin' '*idblock*.img'
+ cd /sdk/rkbin
++ filt_val '^PATH' /sdk/rkbin/RKBOOT/RK3506MINIALL.ini
++ sed -n '/^PATH=/s/^PATH=//p' /sdk/rkbin/RKBOOT/RK3506MINIALL.ini
++ tr -d '\r'
++ tr -d '"'
+ DEF_PATH=/sdk/rkbin/rk3506_spl_loader_v1.04.110.bin
++ filt_val IDB_PATH /sdk/rkbin/RKBOOT/RK3506MINIALL.ini
++ sed -n /IDB_PATH=/s/IDB_PATH=//p /sdk/rkbin/RKBOOT/RK3506MINIALL.ini
++ tr -d '\r'
++ tr -d '"'
+ IDB_PATH=/sdk/rkbin/rk3506_idblock_v1.04.110.img
+ '[' '!' -z spl/u-boot-spl.bin -a '!' -z '' ']'
+ '[' '!' -z '' ']'
+ /sdk/u-boot/scripts/spl.sh --ini /sdk/rkbin/RKBOOT/RK3506MINIALL.ini --spl /sdk/u-boot/spl/u-boot-spl.bin
+ set -e
+ '[' 4 -eq 0 ']'
+ '[' 4 -gt 0 ']'
+ case $1 in
+ INI=/sdk/rkbin/RKBOOT/RK3506MINIALL.ini
+ shift 2
+ '[' 2 -gt 0 ']'
+ case $1 in
+ SPL_BIN=/sdk/u-boot/spl/u-boot-spl.bin
+ '[' '!' -f /sdk/u-boot/spl/u-boot-spl.bin ']'
+ shift 2
+ '[' 0 -gt 0 ']'
+ '[' '!' -f /sdk/rkbin/RKBOOT/RK3506MINIALL.ini ']'
+ '[' '' == '' -a /sdk/u-boot/spl/u-boot-spl.bin == '' ']'
+ rm tmp -rf
+ mkdir tmp -p
+ TMP_INI=tmp/MINIALL.ini
+ cp /sdk/rkbin/RKBOOT/RK3506MINIALL.ini tmp/MINIALL.ini
++ sed -n /NAME=/s/NAME=//p /sdk/rkbin/RKBOOT/RK3506MINIALL.ini
+ MAGIC=RK350F
+ '[' RK350F == RV1126 ']'
+ '[' RK350F == RKPX30 ']'
+ grep -q '^NEWIDB=true' /sdk/rkbin/RKBOOT/RK3506MINIALL.ini
+ ARG_NEWIDB=y
+ '[' '' '!=' '' -a /sdk/u-boot/spl/u-boot-spl.bin '!=' '' ']'
+ '[' '' '!=' '' ']'
+ cp /sdk/u-boot/spl/u-boot-spl.bin tmp/u-boot-spl.bin
+ sed -i 's/FlashBoot=.*$/FlashBoot=.\/tmp\/u-boot-spl.bin/' tmp/MINIALL.ini
+ LABEL=SPL
+ ./tools/boot_merger tmp/MINIALL.ini
********boot_merger ver 1.35********
Info:Pack loader ok.
creating new idblock from loader...
idblock binary saving at rk3506_idblock_v1.04.110.img
+ rm tmp/ -rf
+ echo 'pack loader(SPL) okay! Input: /sdk/rkbin/RKBOOT/RK3506MINIALL.ini'
pack loader(SPL) okay! Input: /sdk/rkbin/RKBOOT/RK3506MINIALL.ini
+ echo

+ cd -
/sdk/u-boot
+ '[' -f /sdk/rkbin/rk3506_spl_loader_v1.04.110.bin ']'
+ mv /sdk/rkbin/rk3506_spl_loader_v1.04.110.bin ./
+ '[' -f /sdk/rkbin/rk3506_idblock_v1.04.110.img ']'
+ mv /sdk/rkbin/rk3506_idblock_v1.04.110.img ./
+ exit 0
+ echo 'pack loader with new: spl/u-boot-spl.bin'
pack loader with new: spl/u-boot-spl.bin
+ rm -f u-boot.itb u-boot.img u-boot-dtb.img
+ mv u-boot.its fit
+ fit_gen_uboot_img
+ ITB=
+ '[' -z ']'
+ ITB=fit/uboot.itb
++ sed -n /SPL_FIT_IMAGE_MULTIPLE/p .config
++ awk -F = '{ print $2 }'
+ ITB_MAX_NUM=2
++ sed -n /SPL_FIT_IMAGE_KB/p .config
++ awk -F = '{ print $2 }'
+ ITB_MAX_KB=2048
+ ITB_MAX_BS=2097152
++ ls -l fit/uboot.itb
++ awk '{ print $5 }'
+ ITB_BS=801792
+ '[' 801792 -gt 2097152 ']'
+ rm -f uboot.img
+ (( i = 0 ))
+ (( i < 2 ))
+ cat fit/uboot.itb
+ truncate -s %2048K uboot.img
+ (( i++ ))
+ (( i < 2 ))
+ cat fit/uboot.itb
+ truncate -s %2048K uboot.img
+ (( i++ ))
+ (( i < 2 ))
+ '[' '!' -z /sdk/rkbin/RKBOOT/RK3506MINIALL.ini ']'
+ fit_gen_loader
+ grep -Eq '^CONFIG_FIT_SIGNATURE=y' .config
+ echo

+ '[' '!' -z /sdk/rkbin/RKTRUST/RK3506TOS.ini ']'
+ fit_msg_uboot
+ '[' '' '!=' y ']'
+ MSG_SIGN=no-signed
++ fdtget -ti fit/uboot.itb / version
+ VERSION=0
+ '[' 0 '!=' '' ']'
+ MSG_VER=', version=0'
+ '[' '' == y ']'
+ echo 'Image(no-signed, version=0): uboot.img (FIT with uboot, trust...) is ready'
Image(no-signed, version=0): uboot.img (FIT with uboot, trust...) is ready
+ fit_msg_recovery
+ '[' -z '' ']'
+ return
+ fit_msg_boot
+ '[' -z '' ']'
+ return
+ '[' '!' -z /sdk/rkbin/RKBOOT/RK3506MINIALL.ini ']'
+ fit_msg_loader
+ ls rk3506_spl_loader_v1.04.110.bin
++ ls rk3506_spl_loader_v1.04.110.bin
+ LOADER=rk3506_spl_loader_v1.04.110.bin
+ ls rk3506_idblock_v1.04.110.img
++ ls rk3506_idblock_v1.04.110.img
+ LOADER=rk3506_idblock_v1.04.110.img
+ grep -q '^CONFIG_FIT_SIGNATURE=y' .config
+ echo 'Image(no-signed): rk3506_idblock_v1.04.110.img (with spl, ddr...) is ready'
Image(no-signed): rk3506_idblock_v1.04.110.img (with spl, ddr...) is ready
+ rm ./rep -rf
+ echo 'pack uboot.img okay! Input: /sdk/rkbin/RKTRUST/RK3506TOS.ini'
pack uboot.img okay! Input: /sdk/rkbin/RKTRUST/RK3506TOS.ini
+ finish
+ /sdk/u-boot/scripts/check-rkconfig.sh
+ set -e
+ '[' -f dts/kern.dtb ']'
+ grep -Eq CONFIG_EMBED_KERNEL_DTB=y .config
+ echo

+ '[' rk-amp == '' ']'
+ echo 'Platform RK3506 is build OK, with new .config(make   rk-amp.config -j16)'
Platform RK3506 is build OK, with new .config(make   rk-amp.config -j16)
+ echo /sdk/prebuilts/gcc/linux-x86/arm/gcc-arm-10.3-2021.07-x86_64-arm-none-linux-gnueabihf/bin/arm-none-linux-gnueabihf-
/sdk/prebuilts/gcc/linux-x86/arm/gcc-arm-10.3-2021.07-x86_64-arm-none-linux-gnueabihf/bin/arm-none-linux-gnueabihf-
+ date
Mon Aug 24 08:45:10 UTC 2026
+ '[' '!' -z '' ']'
+ /sdk/device/rockchip/common/scripts/check-security.sh uboot
+ RK_SCRIPTS_DIR=/sdk/device/rockchip/common/scripts
+ RK_SDK_DIR=/sdk
+ UBOOT=/sdk/u-boot
+ KERNEL=/sdk/kernel
+ BUILDROOT=/sdk/buildroot
+ RK_SIGN_TOOL=/sdk/rkbin/tools/rk_sign_tool
+ ROOTFS_UPDATE_ENGINEBIN_CONFIGS=' 	BR2_PACKAGE_RECOVERY 	BR2_PACKAGE_RECOVERY_UPDATEENGINEBIN'
+ ROOTFS_AB_FIXED_CONFIGS=' 	 	BR2_PACKAGE_RECOVERY 	BR2_PACKAGE_RECOVERY_UPDATEENGINEBIN 	BR2_PACKAGE_RECOVERY_BOOTCONTROL'
+ UBOOT_FIT_FIXED_CONFIGS=' 	CONFIG_FIT_SIGNATURE 	CONFIG_SPL_FIT_SIGNATURE'
+ UBOOT_AVB_FIXED_CONFIGS=' 	CONFIG_ANDROID_AVB 	CONFIG_AVB_LIBAVB 	CONFIG_AVB_LIBAVB_AB 	CONFIG_AVB_LIBAVB_ATX 	CONFIG_AVB_LIBAVB_USER 	CONFIG_RK_AVB_LIBAVB_USER 	CONFIG_OPTEE_CLIENT 	CONFIG_AVB_VBMETA_PUBLIC_KEY_VALIDATE 	CONFIG_RK_AVB_LIBAVB_ENABLE_ATH_UNLOCK 	CONFIG_OPTEE_V.'
+ RAMBOOT_FIXED_CONFIG=' 	BR2_PACKAGE_TEE_USER_APP 	BR2_PACKAGE_LUKSMETA'
+ BOOT_FIXED_CONFIGS=' 	CONFIG_BLK_DEV_DM 	CONFIG_DM_CRYPT 	CONFIG_DM_VERITY'
+ BOOT_FIXED_UNDER_6_1_CONFIG='
	CONFIG_BLK_DEV_CRYPTOLOOP'
+ BOOT_OPTEE_FIXED_CONFIGS=' 	CONFIG_TEE 	CONFIG_OPTEE'
+ '[' 2026-08-24_08-44-52 ']'
+ rk_security_check_sdk uboot
+ '[' '!' -z '' ']'
+ return 0
+ '[' '' ']'
+ '[' '' ']'
+ '[' y ']'
+ '[' '' ']'
+ grep -q ROCKCHIP_FIT_IMAGE_PACK=y .config
+ '[' '' ']'
+ run_command cd ..
+ '[' '' ']'
+ notice '+ cd' ..
+ rk_log 35 '+ cd' ..
+ LOG_COLOR=35
+ shift
+ '[' '+ cd' = -n ']'
+ LOG_FLAG=-e
+ echo -e '\e[35m+ cd' '..\e[0m'
[35m+ cd ..[0m
+ cd ..
+ '[' '' ']'
++ echo u-boot/rk3506_spl_loader_v1.04.110.bin
++ head -1
+ LOADER=u-boot/rk3506_spl_loader_v1.04.110.bin
+ '[' '' ']'
+ ln -rsf u-boot/rk3506_spl_loader_v1.04.110.bin /sdk/output/firmware/MiniLoaderAll.bin
+ ln -rsf u-boot/uboot.img /sdk/output/firmware
+ '[' '!' -e u-boot/trust.img ']'
+ '[' -z '' ']'
+ finish_build build_loader
++ basename /sdk/device/rockchip/common/scripts/mk-loader.sh
+ notice 'Running mk-loader.sh - build_loader succeeded.'
+ rk_log 35 'Running mk-loader.sh - build_loader succeeded.'
+ LOG_COLOR=35
+ shift
+ '[' 'Running mk-loader.sh - build_loader succeeded.' = -n ']'
+ LOG_FLAG=-e
+ echo -e '\e[35mRunning mk-loader.sh - build_loader succeeded.\e[0m'
[35mRunning mk-loader.sh - build_loader succeeded.[0m
+ cd /sdk
++ '[' -z y ']'
++ /sdk/device/rockchip/common/scripts/mk-kernel.sh
++ ls
++ grep kernel-
+ KERNELS=kernel-6.1
+ INIT_CMDS='default kernel-6.1'
+ PRE_BUILD_CMDS='kernel-config kconfig kernel-make kmake'
+ BUILD_CMDS='kernel-6.1 kernel recovery-kernel kernel-modules modules'
+ POST_BUILD_CMDS=linux-headers
+ source /sdk/device/rockchip/common/build-hooks/build-helper
++ '[' -z '' ']'
++ '[' /sdk/device/rockchip/common/build-hooks/build-helper = /sdk/device/rockchip/common/scripts/mk-kernel.sh -o -z 2026-08-24_08-44-52 ']'
++ trap err_handler ERR
++ set -eE
++ cd /sdk
+++ basename /sdk/device/rockchip/common/scripts/mk-kernel
+++ date +%F_%H-%M-%S
++ LOG_FILE_NAME=mk-kernel-_2026-08-24_08-45-10
++ case "$1" in
++ '[' '' ']'
++ '[' '' = dry-run ']'
+ case "${1:-kernel}" in
+ init_hook
+ load_config RK_KERNEL_CFG
+ '[' -r /sdk/output/.config ']'
+ for var in $@
++ grep '^RK_KERNEL_CFG=' /sdk/output/.config
++ tr -d '"'
+ export RK_KERNEL_CFG=rk3506_luckfox_defconfig
+ check_config RK_KERNEL_CFG
++ cat /sdk/output/.kernel
+ local KERNEL_LAST=6.1
++ kernel_version
++ '[' -d kernel ']'
++++ realpath kernel
+++ basename /sdk/kernel-6.1
++ KERNEL_DIR=kernel-6.1
++ case "$KERNEL_DIR" in
++ echo 6.1
++ return 0
+ local KERNEL_CURRENT=6.1
+ load_config RK_KERNEL_PREFERRED
+ '[' -r /sdk/output/.config ']'
+ for var in $@
++ grep '^RK_KERNEL_PREFERRED=' /sdk/output/.config
++ tr -d '"'
+ export RK_KERNEL_PREFERRED=
+ echo
+ grep -q '^kernel-'
+ '[' 6.1 ']'
+ export RK_KERNEL_VERSION=6.1
+ RK_KERNEL_VERSION=6.1
+ notice 'Using kernel version(6.1) from environment'
+ rk_log 35 'Using kernel version(6.1) from environment'
+ LOG_COLOR=35
+ shift
+ '[' 'Using kernel version(6.1) from environment' = -n ']'
+ LOG_FLAG=-e
+ echo -e '\e[35mUsing kernel version(6.1) from environment\e[0m'
[35mUsing kernel version(6.1) from environment[0m
+ echo 6.1
+ '[' 6.1 '!=' 6.1 ']'
+ return 0
+ build_hook kernel
+ check_config RK_KERNEL RK_KERNEL_CFG
+ unset missing
+ for var in $@
+ eval '[' -z '"$RK_KERNEL"' ']'
++ '[' -z y ']'
+ continue
+ for var in $@
+ eval '[' -z '"$RK_KERNEL_CFG"' ']'
++ '[' -z rk3506_luckfox_defconfig ']'
+ continue
+ '[' '' ']'
+ return 0
+ source /sdk/device/rockchip/common/scripts/kernel-helper
++ '[' /sdk/device/rockchip/common/scripts/kernel-helper = /sdk/device/rockchip/common/scripts/mk-kernel.sh -o -z 2026-08-24_08-44-52 ']'
++ '[' '' ']'
++ echo rk3506_luckfox_defconfig rk3506-display.config rockchip_amp.config miranda_amp.config
++ grep -q aarch32
+++ get_toolchain kernel arm
+++ MODULE=kernel
+++ TC_ARCH=arm
+++ TC_VENDOR=none
+++ TC_OS=linux
++++ uname -m
+++ MACHINE=x86_64
+++ '[' x86_64 '!=' x86_64 ']'
+++ '[' rk3506 = rv1126_rv1109 ']'
+++ TC_DIR=/sdk/prebuilts/gcc/linux-x86/arm
+++ '[' none ']'
+++ TC_PATTERN='arm-none-linux-[^-]*-gcc'
++++ find /sdk/prebuilts/gcc/linux-x86/arm -name '*gcc'
++++ grep -m 1 '/arm-none-linux-[^-]*-gcc$'
+++ GCC=/sdk/prebuilts/gcc/linux-x86/arm/gcc-arm-10.3-2021.07-x86_64-arm-none-linux-gnueabihf/bin/arm-none-linux-gnueabihf-gcc
+++ '[' '!' -x /sdk/prebuilts/gcc/linux-x86/arm/gcc-arm-10.3-2021.07-x86_64-arm-none-linux-gnueabihf/bin/arm-none-linux-gnueabihf-gcc ']'
+++ echo /sdk/prebuilts/gcc/linux-x86/arm/gcc-arm-10.3-2021.07-x86_64-arm-none-linux-gnueabihf/bin/arm-none-linux-gnueabihf-
++ export RK_KERNEL_TOOLCHAIN=/sdk/prebuilts/gcc/linux-x86/arm/gcc-arm-10.3-2021.07-x86_64-arm-none-linux-gnueabihf/bin/arm-none-linux-gnueabihf-
++ RK_KERNEL_TOOLCHAIN=/sdk/prebuilts/gcc/linux-x86/arm/gcc-arm-10.3-2021.07-x86_64-arm-none-linux-gnueabihf/bin/arm-none-linux-gnueabihf-
++ '[' /sdk/prebuilts/gcc/linux-x86/arm/gcc-arm-10.3-2021.07-x86_64-arm-none-linux-gnueabihf/bin/arm-none-linux-gnueabihf- ']'
+++ nproc
++ export 'KMAKE=make -C /sdk/kernel/ -j9 	CROSS_COMPILE=/sdk/prebuilts/gcc/linux-x86/arm/gcc-arm-10.3-2021.07-x86_64-arm-none-linux-gnueabihf/bin/arm-none-linux-gnueabihf- ARCH=arm'
++ KMAKE='make -C /sdk/kernel/ -j9 	CROSS_COMPILE=/sdk/prebuilts/gcc/linux-x86/arm/gcc-arm-10.3-2021.07-x86_64-arm-none-linux-gnueabihf/bin/arm-none-linux-gnueabihf- ARCH=arm'
++ '[' -z '' ']'
++ '[' '' ']'
+ message 'Toolchain for kernel:'
+ rk_log 36 'Toolchain for kernel:'
+ LOG_COLOR=36
+ shift
+ '[' 'Toolchain for kernel:' = -n ']'
+ LOG_FLAG=-e
+ echo -e '\e[36mToolchain for kernel:\e[0m'
[36mToolchain for kernel:[0m
+ message /sdk/prebuilts/gcc/linux-x86/arm/gcc-arm-10.3-2021.07-x86_64-arm-none-linux-gnueabihf/bin/arm-none-linux-gnueabihf-
+ rk_log 36 /sdk/prebuilts/gcc/linux-x86/arm/gcc-arm-10.3-2021.07-x86_64-arm-none-linux-gnueabihf/bin/arm-none-linux-gnueabihf-
+ LOG_COLOR=36
+ shift
+ '[' /sdk/prebuilts/gcc/linux-x86/arm/gcc-arm-10.3-2021.07-x86_64-arm-none-linux-gnueabihf/bin/arm-none-linux-gnueabihf- = -n ']'
+ LOG_FLAG=-e
+ echo -e '\e[36m/sdk/prebuilts/gcc/linux-x86/arm/gcc-arm-10.3-2021.07-x86_64-arm-none-linux-gnueabihf/bin/arm-none-linux-gnueabihf-\e[0m'
[36m/sdk/prebuilts/gcc/linux-x86/arm/gcc-arm-10.3-2021.07-x86_64-arm-none-linux-gnueabihf/bin/arm-none-linux-gnueabihf-[0m
+ echo

+ case "$1" in
+ do_build kernel
+ check_config RK_KERNEL RK_KERNEL_CFG
+ unset missing
+ for var in $@
+ eval '[' -z '"$RK_KERNEL"' ']'
++ '[' -z y ']'
+ continue
+ for var in $@
+ eval '[' -z '"$RK_KERNEL_CFG"' ']'
++ '[' -z rk3506_luckfox_defconfig ']'
+ continue
+ '[' '' ']'
+ return 0
+ '[' '' ']'
+ message ==========================================
+ rk_log 36 ==========================================
+ LOG_COLOR=36
+ shift
+ '[' ========================================== = -n ']'
+ LOG_FLAG=-e
+ echo -e '\e[36m==========================================\e[0m'
[36m==========================================[0m
+ message '          Start building kernel'
+ rk_log 36 '          Start building kernel'
+ LOG_COLOR=36
+ shift
+ '[' '          Start building kernel' = -n ']'
+ LOG_FLAG=-e
+ echo -e '\e[36m          Start building kernel\e[0m'
[36m          Start building kernel[0m
+ message ==========================================
+ rk_log 36 ==========================================
+ LOG_COLOR=36
+ shift
+ '[' ========================================== = -n ']'
+ LOG_FLAG=-e
+ echo -e '\e[36m==========================================\e[0m'
[36m==========================================[0m
+ make_kernel_config
+ do_make_kernel_config rk3506_luckfox_defconfig 'rk3506-display.config rockchip_amp.config miranda_amp.config'
+ KERNEL_CONFIGS_DIR=/sdk/kernel/arch/arm/configs
+ KERNEL_CFG=rk3506_luckfox_defconfig
+ shift
+ KERNEL_CFG_FRAGMENTS='rk3506-display.config rockchip_amp.config miranda_amp.config'
+ '[' rk3506 = rk3506 ']'
+ POSSIBLE_FRAGMENTS=rk3506
++ echo rk3506
++ xargs -n 1
++ uniq
++ sed 's/\(.*\)/\1.config \1_linux.config/'
+ POSSIBLE_FRAGMENTS='rk3506.config rk3506_linux.config'
+ unset BASIC_CFG_FRAGMENTS
+ for cfg in $POSSIBLE_FRAGMENTS
+ '[' -r /sdk/kernel/arch/arm/configs/rk3506.config ']'
+ continue
+ for cfg in $POSSIBLE_FRAGMENTS
+ '[' -r /sdk/kernel/arch/arm/configs/rk3506_linux.config ']'
+ continue
+ run_command make -C /sdk/kernel/ -j9 CROSS_COMPILE=/sdk/prebuilts/gcc/linux-x86/arm/gcc-arm-10.3-2021.07-x86_64-arm-none-linux-gnueabihf/bin/arm-none-linux-gnueabihf- ARCH=arm rk3506_luckfox_defconfig rk3506-display.config rockchip_amp.config miranda_amp.config
+ '[' '' ']'
+ notice '+ make' -C /sdk/kernel/ -j9 CROSS_COMPILE=/sdk/prebuilts/gcc/linux-x86/arm/gcc-arm-10.3-2021.07-x86_64-arm-none-linux-gnueabihf/bin/arm-none-linux-gnueabihf- ARCH=arm rk3506_luckfox_defconfig rk3506-display.config rockchip_amp.config miranda_amp.config
+ rk_log 35 '+ make' -C /sdk/kernel/ -j9 CROSS_COMPILE=/sdk/prebuilts/gcc/linux-x86/arm/gcc-arm-10.3-2021.07-x86_64-arm-none-linux-gnueabihf/bin/arm-none-linux-gnueabihf- ARCH=arm rk3506_luckfox_defconfig rk3506-display.config rockchip_amp.config miranda_amp.config
+ LOG_COLOR=35
+ shift
+ '[' '+ make' = -n ']'
+ LOG_FLAG=-e
+ echo -e '\e[35m+ make' -C /sdk/kernel/ -j9 CROSS_COMPILE=/sdk/prebuilts/gcc/linux-x86/arm/gcc-arm-10.3-2021.07-x86_64-arm-none-linux-gnueabihf/bin/arm-none-linux-gnueabihf- ARCH=arm rk3506_luckfox_defconfig rk3506-display.config rockchip_amp.config 'miranda_amp.config\e[0m'
[35m+ make -C /sdk/kernel/ -j9 CROSS_COMPILE=/sdk/prebuilts/gcc/linux-x86/arm/gcc-arm-10.3-2021.07-x86_64-arm-none-linux-gnueabihf/bin/arm-none-linux-gnueabihf- ARCH=arm rk3506_luckfox_defconfig rk3506-display.config rockchip_amp.config miranda_amp.config[0m
+ make -C /sdk/kernel/ -j9 CROSS_COMPILE=/sdk/prebuilts/gcc/linux-x86/arm/gcc-arm-10.3-2021.07-x86_64-arm-none-linux-gnueabihf/bin/arm-none-linux-gnueabihf- ARCH=arm rk3506_luckfox_defconfig rk3506-display.config rockchip_amp.config miranda_amp.config
make: Entering directory '/sdk/kernel-6.1'
#
# configuration written to .config
#
Using .config as base
Merging ./arch/arm/configs/rk3506-display.config
Value of CONFIG_TOUCHSCREEN_EDT_FT5X06 is redefined by fragment ./arch/arm/configs/rk3506-display.config:
Previous value: # CONFIG_TOUCHSCREEN_EDT_FT5X06 is not set
New value: CONFIG_TOUCHSCREEN_EDT_FT5X06=y

Value of CONFIG_TOUCHSCREEN_GOODIX is redefined by fragment ./arch/arm/configs/rk3506-display.config:
Previous value: # CONFIG_TOUCHSCREEN_GOODIX is not set
New value: CONFIG_TOUCHSCREEN_GOODIX=y

Value of CONFIG_TOUCHSCREEN_GSLX680_PAD is redefined by fragment ./arch/arm/configs/rk3506-display.config:
Previous value: # CONFIG_TOUCHSCREEN_GSLX680_PAD is not set
New value: CONFIG_TOUCHSCREEN_GSLX680_PAD=y

Value of CONFIG_TOUCHSCREEN_GT1X is redefined by fragment ./arch/arm/configs/rk3506-display.config:
Previous value: # CONFIG_TOUCHSCREEN_GT1X is not set
New value: CONFIG_TOUCHSCREEN_GT1X=y

#
# merged configuration written to .config (needs make)
#
#
# configuration written to .config
#
Using .config as base
Merging ./arch/arm/configs/rockchip_amp.config
Value of CONFIG_MAILBOX is redefined by fragment ./arch/arm/configs/rockchip_amp.config:
Previous value: # CONFIG_MAILBOX is not set
New value: CONFIG_MAILBOX=y

Value of CONFIG_ROCKCHIP_AMP is redefined by fragment ./arch/arm/configs/rockchip_amp.config:
Previous value: # CONFIG_ROCKCHIP_AMP is not set
New value: CONFIG_ROCKCHIP_AMP=y

Value of CONFIG_RPMSG_VIRTIO is redefined by fragment ./arch/arm/configs/rockchip_amp.config:
Previous value: # CONFIG_RPMSG_VIRTIO is not set
New value: CONFIG_RPMSG_VIRTIO=y

#
# merged configuration written to .config (needs make)
#
#
# configuration written to .config
#
Using .config as base
Merging ./arch/arm/configs/miranda_amp.config
Value of CONFIG_RPMSG_CHAR is redefined by fragment ./arch/arm/configs/miranda_amp.config:
Previous value: # CONFIG_RPMSG_CHAR is not set
New value: CONFIG_RPMSG_CHAR=y

Value of CONFIG_RPMSG_CTRL is redefined by fragment ./arch/arm/configs/miranda_amp.config:
Previous value: # CONFIG_RPMSG_CTRL is not set
New value: CONFIG_RPMSG_CTRL=y

Value of CONFIG_LOG_BUF_SHIFT is redefined by fragment ./arch/arm/configs/miranda_amp.config:
Previous value: CONFIG_LOG_BUF_SHIFT=14
New value: CONFIG_LOG_BUF_SHIFT=17

#
# merged configuration written to .config (needs make)
#
#
# configuration written to .config
#
make: Leaving directory '/sdk/kernel-6.1'
+ '[' -z '' ']'
+ /sdk/device/rockchip/common/scripts/check-kernel.sh
+ RK_SCRIPTS_DIR=/sdk/device/rockchip/common/scripts
+ RK_SDK_DIR=/sdk
+ RK_DATA_DIR=/sdk/device/rockchip/common/data
+ cd /sdk
+ /sdk/device/rockchip/common/scripts/check-grow-align.sh
+ RK_SCRIPTS_DIR=/sdk/device/rockchip/common/scripts
+ RK_SDK_DIR=/sdk
+ RK_CHIP_DIR=/sdk/device/rockchip/.chip
+ RK_PARAMETER=parameter-lyra-spinand.txt
+ cd /sdk
+ '[' -r kernel/.config -a -r /sdk/device/rockchip/.chip/parameter-lyra-spinand.txt ']'
+ grep -q '^CMDLINE:.*:grow)$' /sdk/device/rockchip/.chip/parameter-lyra-spinand.txt
++ grep '^CONFIG_DM_VERITY=y$' kernel/.config
++ true
+ DM_VERITY=
++ grep '^GROW_ALIGN:' /sdk/device/rockchip/.chip/parameter-lyra-spinand.txt
+ GROW_ALIGN_CFG='GROW_ALIGN: 0'
++ echo GROW_ALIGN: 0
++ cut -d: -f2-
++ xargs
+ GROW_ALIGN_VAL=0
+ '[' '' -a 0 = 1 ']'
+ '[' -z '' -a 'GROW_ALIGN: 0' -a 0 '!=' 1 ']'
+ exit 0
+ '[' -r kernel/.config ']'
++ export
++ grep -oE '\<RK_.*="ext4"$'
++ true
+ EXT4_CONFIGS=
+ '[' '' ']'
+ grep -q CONFIG_DRM=y kernel/.config
+ grep -q CONFIG_DRM_IGNORE_IOTCL_PERMIT=y kernel/.config
+ /sdk/device/rockchip/common/scripts/check-security.sh kernel config
+ RK_SCRIPTS_DIR=/sdk/device/rockchip/common/scripts
+ RK_SDK_DIR=/sdk
+ UBOOT=/sdk/u-boot
+ KERNEL=/sdk/kernel
+ BUILDROOT=/sdk/buildroot
+ RK_SIGN_TOOL=/sdk/rkbin/tools/rk_sign_tool
+ ROOTFS_UPDATE_ENGINEBIN_CONFIGS=' 	BR2_PACKAGE_RECOVERY 	BR2_PACKAGE_RECOVERY_UPDATEENGINEBIN'
+ ROOTFS_AB_FIXED_CONFIGS=' 	 	BR2_PACKAGE_RECOVERY 	BR2_PACKAGE_RECOVERY_UPDATEENGINEBIN 	BR2_PACKAGE_RECOVERY_BOOTCONTROL'
+ UBOOT_FIT_FIXED_CONFIGS=' 	CONFIG_FIT_SIGNATURE 	CONFIG_SPL_FIT_SIGNATURE'
+ UBOOT_AVB_FIXED_CONFIGS=' 	CONFIG_ANDROID_AVB 	CONFIG_AVB_LIBAVB 	CONFIG_AVB_LIBAVB_AB 	CONFIG_AVB_LIBAVB_ATX 	CONFIG_AVB_LIBAVB_USER 	CONFIG_RK_AVB_LIBAVB_USER 	CONFIG_OPTEE_CLIENT 	CONFIG_AVB_VBMETA_PUBLIC_KEY_VALIDATE 	CONFIG_RK_AVB_LIBAVB_ENABLE_ATH_UNLOCK 	CONFIG_OPTEE_V.'
+ RAMBOOT_FIXED_CONFIG=' 	BR2_PACKAGE_TEE_USER_APP 	BR2_PACKAGE_LUKSMETA'
+ BOOT_FIXED_CONFIGS=' 	CONFIG_BLK_DEV_DM 	CONFIG_DM_CRYPT 	CONFIG_DM_VERITY'
+ BOOT_FIXED_UNDER_6_1_CONFIG='
	CONFIG_BLK_DEV_CRYPTOLOOP'
+ BOOT_OPTEE_FIXED_CONFIGS=' 	CONFIG_TEE 	CONFIG_OPTEE'
+ '[' 2026-08-24_08-44-52 ']'
+ rk_security_check_sdk kernel config
+ '[' '!' -z '' ']'
+ return 0
+ '[' y -o y ']'
+ grep -q CONFIG_FILE_LOCKING=y kernel/.config
+ '[' -z y ']'
+ check_usb_gadget adb CONFIG_USB_CONFIGFS_F_FS
+ FUNC=adb
+ shift
+ CONFIGS=CONFIG_USB_CONFIGFS_F_FS
+ for cfg in $CONFIGS
+ grep -wq CONFIG_USB_CONFIGFS_F_FS=y kernel/.config
+ continue
+ '[' -z '' ']'
+ '[' -z '' ']'
+ '[' -z '' ']'
+ '[' -z '' ']'
+ '[' -z '' ']'
+ '[' -z '' ']'
+ '[' -z '' ']'
+ '[' -z '' ']'
+ '[' -z '' ']'
+ '[' -z '' ']'
+ '[' -z '' ']'
+ '[' -z '' ']'
+ '[' -z '' ']'
+ '[' -z '' ']'
+ kernel/scripts/mkbootimg
+ lz4 -h
+ grep -q favor-decSpeed
+ /sdk/device/rockchip/common/scripts/check-package.sh python-is-python3 python
+ PACKAGE=python-is-python3
+ COMMAND=python
+ APT_PACKAGE=python-is-python3
+ which python
+ /sdk/device/rockchip/common/scripts/check-package.sh flex
+ PACKAGE=flex
+ COMMAND=flex
+ APT_PACKAGE=flex
+ which flex
+ /sdk/device/rockchip/common/scripts/check-header.sh openssl openssl/ssl.h libssl-dev
+ RK_SCRIPTS_DIR=/sdk/device/rockchip/common/scripts
+ PACKAGE=openssl
+ HEADER=openssl/ssl.h
+ APT_PACKAGE=libssl-dev
+ echo
+ gcc -E -include openssl/ssl.h -
+ exit 0
+ /sdk/device/rockchip/common/scripts/check-header.sh gmp gmp.h libgmp-dev
+ RK_SCRIPTS_DIR=/sdk/device/rockchip/common/scripts
+ PACKAGE=gmp
+ HEADER=gmp.h
+ APT_PACKAGE=libgmp-dev
+ echo
+ gcc -E -include gmp.h -
+ exit 0
+ /sdk/device/rockchip/common/scripts/check-header.sh mpc mpc.h libmpc-dev
+ RK_SCRIPTS_DIR=/sdk/device/rockchip/common/scripts
+ PACKAGE=mpc
+ HEADER=mpc.h
+ APT_PACKAGE=libmpc-dev
+ echo
+ gcc -E -include mpc.h -
+ exit 0
+ /sdk/device/rockchip/common/scripts/check-header.sh ncurses ncurses.h libncurses-dev
+ RK_SCRIPTS_DIR=/sdk/device/rockchip/common/scripts
+ PACKAGE=ncurses
+ HEADER=ncurses.h
+ APT_PACKAGE=libncurses-dev
+ echo
+ gcc -E -include ncurses.h -
+ exit 0
+ case "$1" in
+ run_command make -C /sdk/kernel/ -j9 CROSS_COMPILE=/sdk/prebuilts/gcc/linux-x86/arm/gcc-arm-10.3-2021.07-x86_64-arm-none-linux-gnueabihf/bin/arm-none-linux-gnueabihf- ARCH=arm rk3506g-corley-lyra-plus.img
+ '[' '' ']'
+ notice '+ make' -C /sdk/kernel/ -j9 CROSS_COMPILE=/sdk/prebuilts/gcc/linux-x86/arm/gcc-arm-10.3-2021.07-x86_64-arm-none-linux-gnueabihf/bin/arm-none-linux-gnueabihf- ARCH=arm rk3506g-corley-lyra-plus.img
+ rk_log 35 '+ make' -C /sdk/kernel/ -j9 CROSS_COMPILE=/sdk/prebuilts/gcc/linux-x86/arm/gcc-arm-10.3-2021.07-x86_64-arm-none-linux-gnueabihf/bin/arm-none-linux-gnueabihf- ARCH=arm rk3506g-corley-lyra-plus.img
+ LOG_COLOR=35
+ shift
+ '[' '+ make' = -n ']'
+ LOG_FLAG=-e
+ echo -e '\e[35m+ make' -C /sdk/kernel/ -j9 CROSS_COMPILE=/sdk/prebuilts/gcc/linux-x86/arm/gcc-arm-10.3-2021.07-x86_64-arm-none-linux-gnueabihf/bin/arm-none-linux-gnueabihf- ARCH=arm 'rk3506g-corley-lyra-plus.img\e[0m'
[35m+ make -C /sdk/kernel/ -j9 CROSS_COMPILE=/sdk/prebuilts/gcc/linux-x86/arm/gcc-arm-10.3-2021.07-x86_64-arm-none-linux-gnueabihf/bin/arm-none-linux-gnueabihf- ARCH=arm rk3506g-corley-lyra-plus.img[0m
+ make -C /sdk/kernel/ -j9 CROSS_COMPILE=/sdk/prebuilts/gcc/linux-x86/arm/gcc-arm-10.3-2021.07-x86_64-arm-none-linux-gnueabihf/bin/arm-none-linux-gnueabihf- ARCH=arm rk3506g-corley-lyra-plus.img
make: Entering directory '/sdk/kernel-6.1'
  SYNC    include/config/auto.conf.cmd
  UPD     include/generated/compile.h
  HOSTCXX scripts/gcc-plugins/arm_ssp_per_task_plugin.so
  CC      scripts/mod/empty.o
  CC      scripts/mod/devicetable-offsets.s
  MKELF   scripts/mod/elfconfig.h
  HOSTCC  scripts/mod/modpost.o
  HOSTCC  scripts/mod/sumversion.o
  HOSTCC  scripts/mod/file2alias.o
  HOSTLD  scripts/mod/modpost
  CC      kernel/bounds.s
  CC      arch/arm/kernel/asm-offsets.s
  CALL    scripts/checksyscalls.sh
  LDS     scripts/module.lds
  AS      usr/initramfs_data.o
  CC      certs/system_keyring.o
  CC      arch/arm/vfp/vfpmodule.o
  AS      arch/arm/vfp/entry.o
  CC      ipc/util.o
  CC      init/main.o
  AR      usr/built-in.a
  AS      arch/arm/vfp/vfphw.o
  CC      arch/arm/mm/extable.o
  LDS     arch/arm/kernel/vmlinux.lds
  CC      kernel/fork.o
  CC      arch/arm/kernel/elf.o
  CC      mm/filemap.o
  CC      fs/open.o
  AS      certs/system_certificates.o
  AR      certs/built-in.a
  CC      fs/read_write.o
  CC      arch/arm/mm/fault.o
  CC      arch/arm/vfp/vfpsingle.o
  AS      arch/arm/kernel/entry-common.o
  CC      arch/arm/kernel/irq.o
  CC      arch/arm/vfp/vfpdouble.o
  CC      ipc/msgutil.o
  CC      arch/arm/mm/init.o
  CC      init/do_mounts.o
  CC      arch/arm/kernel/opcodes.o
  AR      arch/arm/vfp/built-in.a
  CC      arch/arm/kernel/process.o
  CC      fs/file_table.o
  CC      ipc/msg.o
  CC      fs/super.o
  CC      init/do_mounts_initrd.o
  CC      arch/arm/mm/iomap.o
  CC      mm/mempool.o
  CC      kernel/exec_domain.o
  CC      arch/arm/kernel/ptrace.o
  CC      arch/arm/mm/dma-mapping.o
  CC      ipc/sem.o
  CC      fs/char_dev.o
  CC      arch/arm/common/firmware.o
  CC      init/initramfs.o
  CC      mm/oom_kill.o
  CC      security/keys/gc.o
  CC      kernel/panic.o
  AS      arch/arm/common/secure_cntvoff.o
  CC      arch/arm/kernel/reboot.o
  AR      arch/arm/common/built-in.a
  CC      arch/arm/mm/fault-armv.o
  AR      arch/arm/probes/built-in.a
  CC      security/commoncap.o
  CC      fs/stat.o
  CC      init/calibrate.o
  CC      arch/arm/kernel/io.o
  CC      kernel/cpu.o
  CC      arch/arm/mm/flush.o
  CC      arch/arm/kernel/setup.o
  CC      security/keys/key.o
  CC      mm/fadvise.o
  CC      init/init_task.o
  CC      ipc/shm.o
  CC      fs/exec.o
  CC      arch/arm/mm/idmap.o
  CC      fs/pipe.o
  CC      mm/maccess.o
  CC      init/version.o
  CC      arch/arm/kernel/signal.o
  CC      security/keys/keyring.o
  CC      arch/arm/mm/ioremap.o
  CC      kernel/exit.o
  AR      init/built-in.a
  AR      arch/arm/net/built-in.a
  CC      ipc/syscall.o
  CC      security/min_addr.o
  CC      mm/page-writeback.o
  CC      ipc/ipc_sysctl.o
  AS      arch/arm/kernel/sigreturn_codes.o
  CC      fs/namei.o
  CC      arch/arm/kernel/stacktrace.o
  CC      arch/arm/mm/mmap.o
  CC      security/keys/keyctl.o
  CC      crypto/api.o
  AR      ipc/built-in.a
  CC      kernel/softirq.o
  CC      block/bdev.o
  CC      arch/arm/kernel/sys_arm.o
  CC      arch/arm/mm/pgd.o
  CC      crypto/cipher.o
  CC      security/keys/permission.o
  CC      arch/arm/kernel/time.o
  CC      mm/folio-compat.o
  CC      crypto/compress.o
  CC      kernel/resource.o
  CC      block/fops.o
  CC      arch/arm/mm/mmu.o
  CC      block/bio.o
  CC      arch/arm/kernel/traps.o
  CC      security/keys/process_keys.o
  CC      crypto/algapi.o
  CC      mm/readahead.o
  CC      kernel/sysctl.o
  AR      arch/arm/crypto/built-in.a
  CC      security/device_cgroup.o
  CC      fs/fcntl.o
  CC      mm/swap.o
  CC      arch/arm/kernel/atags_parse.o
  CC      arch/arm/mm/pageattr.o
  CC      security/keys/request_key.o
  CC      crypto/scatterwalk.o
  CC      block/elevator.o
  AS      arch/arm/kernel/entry-armv.o
  CC      arch/arm/kernel/bugs.o
  CC      arch/arm/mm/proc-syms.o
  CC      crypto/proc.o
  CC      fs/ioctl.o
  CC      arch/arm/kernel/cpuidle.o
  CC      fs/readdir.o
  CC      security/keys/request_key_auth.o
  CC      arch/arm/mm/alignment.o
  CC      kernel/capability.o
  CC      crypto/aead.o
  CC      arch/arm/kernel/armksyms.o
  CC      mm/truncate.o
  CC      block/blk-core.o
  CC      security/keys/user_defined.o
  CC      fs/select.o
  CC      arch/arm/kernel/module.o
  AS      arch/arm/lib/ashldi3.o
  AS      arch/arm/lib/ashrdi3.o
  AS      arch/arm/mm/abort-ev7.o
  CC      kernel/ptrace.o
  AS      arch/arm/mm/pabort-v7.o
  AS      arch/arm/lib/backtrace.o
  CC      security/keys/proc.o
  CC      crypto/geniv.o
  AS      arch/arm/mm/cache-v7.o
  AS      arch/arm/lib/bswapsdi2.o
  CC      arch/arm/mm/copypage-v6.o
  AS      arch/arm/lib/call_with_stack.o
  AS      arch/arm/lib/changebit.o
  AS      arch/arm/lib/clear_user.o
  AS      arch/arm/lib/clearbit.o
  AS      arch/arm/lib/copy_from_user.o
  AS      arch/arm/lib/copy_page.o
  AS      arch/arm/lib/copy_to_user.o
  AS      arch/arm/lib/csumipv6.o
  CC      mm/vmscan.o
  CC      arch/arm/kernel/module-plts.o
  AS      arch/arm/lib/csumpartial.o
  AS      arch/arm/lib/csumpartialcopy.o
  AS      arch/arm/lib/csumpartialcopyuser.o
  CC      arch/arm/mm/context.o
  CC      security/keys/sysctl.o
  AS      arch/arm/lib/delay-loop.o
  CC      arch/arm/lib/delay.o
  CC      crypto/skcipher.o
  CC      block/blk-sysfs.o
  CC      kernel/user.o
  CC      fs/dcache.o
  AS      arch/arm/kernel/sleep.o
  CC      security/keys/keyctl_pkey.o
  CC      arch/arm/kernel/suspend.o
  AS      arch/arm/lib/div64.o
  AS      arch/arm/lib/findbit.o
  AS      arch/arm/mm/tlb-v7.o
  AS      arch/arm/lib/getuser.o
  CC      kernel/signal.o
  AS      arch/arm/mm/proc-v7.o
  AS      arch/arm/lib/io-readsb.o
  AS      arch/arm/lib/io-readsl.o
  CC      arch/arm/mm/proc-v7-bugs.o
  AS      arch/arm/lib/io-readsw-armv4.o
  CC      block/blk-flush.o
  AR      security/keys/built-in.a
  AS      arch/arm/lib/io-writesb.o
  AR      security/built-in.a
  AS      arch/arm/lib/io-writesl.o
  CC      mm/shmem.o
  AS      arch/arm/lib/io-writesw-armv4.o
  CC      arch/arm/kernel/smp.o
  AS      arch/arm/lib/lib1funcs.o
  AR      arch/arm/mm/built-in.a
  AS      arch/arm/lib/lshrdi3.o
  CC      fs/inode.o
  AS      arch/arm/lib/memchr.o
  CC      crypto/ahash.o
  AS      arch/arm/lib/memcpy.o
  AS      arch/arm/lib/memmove.o
  AS      arch/arm/lib/memset.o
  AS      arch/arm/lib/muldi3.o
  AS      arch/arm/lib/putuser.o
  AS      arch/arm/lib/setbit.o
  CC      block/blk-settings.o
  AS      arch/arm/lib/strchr.o
  AS      arch/arm/lib/strrchr.o
  AS      arch/arm/lib/testchangebit.o
  AS      arch/arm/lib/testclearbit.o
  AS      arch/arm/lib/testsetbit.o
  AS      arch/arm/lib/ucmpdi2.o
  CC      arch/arm/kernel/smp_tlb.o
  CC      arch/arm/lib/uaccess_with_memcpy.o
  CC      crypto/shash.o
  CC      kernel/sys.o
  CC      block/blk-ioc.o
  CC      lib/argv_split.o
  CC      arch/arm/kernel/smp_scu.o
  AR      arch/arm/lib/lib.a
  AR      arch/arm/lib/built-in.a
  CC      arch/arm/kernel/arch_timer.o
  CC      lib/buildid.o
  CC      kernel/umh.o
  CC      block/blk-map.o
  CC      arch/arm/kernel/jump_label.o
  CC      mm/util.o
  CC      crypto/akcipher.o
  CC      block/blk-merge.o
  CC      arch/arm/kernel/insn.o
  CC      fs/attr.o
  CC      lib/clz_tab.o
  CC      arch/arm/kernel/patch.o
  CC      lib/cmdline.o
  CC      lib/cpumask.o
  CC      lib/ctype.o
  CC      kernel/workqueue.o
  CC      crypto/kpp.o
  CC      drivers/irqchip/irqchip.o
  CC      fs/bad_inode.o
  CC      arch/arm/kernel/unwind.o
  CC      mm/mmzone.o
  CC      block/blk-timeout.o
  CC      lib/dec_and_lock.o
  CC      drivers/irqchip/irq-gic.o
  CC      fs/file.o
  CC      drivers/bus/simple-pm-bus.o
  CC      lib/decompress.o
  CC      arch/arm/kernel/devtree.o
  CC      lib/dump_stack.o
  CC      crypto/rsapubkey.asn1.o
  CC      mm/vmstat.o
  CC      block/blk-lib.o
  CC      crypto/rsaprivkey.asn1.o
  CC      crypto/rsa.o
  AR      drivers/bus/mhi/host/built-in.a
  AR      drivers/bus/mhi/ep/built-in.a
  AR      drivers/bus/mhi/built-in.a
  AR      drivers/bus/built-in.a
  CC      kernel/pid.o
  CC      arch/arm/kernel/swp_emulate.o
  CC      lib/earlycpio.o
  CC      lib/extable.o
  CC      drivers/irqchip/irq-gic-common.o
  CC      crypto/rsa_helper.o
  CC      block/blk-mq.o
  CC      crypto/rsa-pkcs1pad.o
  CC      drivers/phy/phy-core.o
  CC      arch/arm/kernel/topology.o
  CC      mm/backing-dev.o
  CC      lib/fdt.o
  AR      drivers/irqchip/built-in.a
  CC      mm/mm_init.o
  CC      fs/filesystems.o
  CC      lib/fdt_addresses.o
  CC      lib/fdt_empty_tree.o
  AS      arch/arm/kernel/head.o
  CC      lib/fdt_ro.o
  AS      arch/arm/kernel/phys2virt.o
  AS      arch/arm/kernel/hyp-stub.o
  CC      kernel/task_work.o
  CC      arch/arm/kernel/psci_smp.o
  CC      mm/percpu.o
  CC      crypto/acompress.o
  CC      sound/sound_core.o
  CC      lib/fdt_rw.o
  CC      drivers/phy/phy-core-mipi-dphy.o
  CC      fs/namespace.o
  AS      arch/arm/kernel/smccc-call.o
  CC      arch/arm/kernel/spectre.o
  CC      kernel/extable.o
  CC      lib/fdt_strerror.o
  CC      sound/core/sound.o
  CC      lib/fdt_sw.o
  CC      crypto/scompress.o
  AR      arch/arm/kernel/built-in.a
  AR      arch/arm/built-in.a
  CC      crypto/algboss.o
  CC      lib/fdt_wip.o
  AR      drivers/phy/allwinner/built-in.a
  AR      drivers/phy/amlogic/built-in.a
  AR      drivers/phy/broadcom/built-in.a
  AR      drivers/phy/cadence/built-in.a
  AR      drivers/phy/freescale/built-in.a
  AR      drivers/phy/hisilicon/built-in.a
  AR      drivers/phy/ingenic/built-in.a
  AR      drivers/phy/intel/built-in.a
  CC      lib/flex_proportions.o
  AR      drivers/phy/lantiq/built-in.a
  AR      drivers/phy/marvell/built-in.a
  AR      drivers/phy/mediatek/built-in.a
  CC      sound/core/init.o
  AR      drivers/phy/microchip/built-in.a
  AR      drivers/phy/motorola/built-in.a
  AR      drivers/phy/mscc/built-in.a
  CC      kernel/params.o
  AR      drivers/phy/qualcomm/built-in.a
  AR      drivers/phy/ralink/built-in.a
  AR      drivers/phy/renesas/built-in.a
  CC      drivers/phy/rockchip/phy-rockchip-inno-dsidphy.o
  CC      block/blk-mq-tag.o
  CC      lib/idr.o
  CC      lib/irq_regs.o
  CC      crypto/testmgr.o
  CC      mm/slab_common.o
  CC      drivers/pinctrl/core.o
  CC      sound/core/memory.o
  CC      kernel/kthread.o
  CC      lib/is_single_threaded.o
  CC [M]  drivers/phy/rockchip/phy-rockchip-inno-usb2.o
  CC      block/blk-stat.o
  CC      crypto/cmac.o
  CC      sound/core/control.o
  CC      lib/klist.o
  CC      mm/compaction.o
  CC      lib/kobject.o
  CC      crypto/hmac.o
  CC      fs/seq_file.o
  CC      block/blk-mq-sysfs.o
  CC      kernel/sys_ni.o
  CC      kernel/nsproxy.o
  CC      drivers/pinctrl/pinctrl-utils.o
  CC      lib/kobject_uevent.o
  CC      block/blk-mq-cpumap.o
  CC      crypto/crypto_null.o
  AR      drivers/phy/rockchip/built-in.a
  AR      drivers/phy/samsung/built-in.a
  AR      drivers/phy/socionext/built-in.a
  AR      drivers/phy/st/built-in.a
  CC      drivers/pinctrl/pinmux.o
  AR      drivers/phy/sunplus/built-in.a
  AR      drivers/phy/tegra/built-in.a
  AR      drivers/phy/ti/built-in.a
  AR      drivers/phy/xilinx/built-in.a
  AR      drivers/phy/built-in.a
  CC      fs/xattr.o
  CC      sound/core/misc.o
  CC      drivers/gpio/gpiolib.o
  CC      crypto/sha256_generic.o
  CC      block/blk-mq-sched.o
  CC      kernel/notifier.o
  CC      mm/interval_tree.o
  CC      drivers/pinctrl/pinconf.o
  CC      sound/core/device.o
  CC      lib/logic_pio.o
  CC      crypto/sha512_generic.o
  CC      kernel/ksysfs.o
  CC      sound/core/info.o
  CC      drivers/pinctrl/pinconf-generic.o
  CC      fs/libfs.o
  CC      mm/list_lru.o
  CC      lib/maple_tree.o
  CC      block/ioctl.o
  CC      crypto/gf128mul.o
  CC      kernel/cred.o
  CC      drivers/pinctrl/devicetree.o
  CC      sound/core/ctljack.o
  CC      crypto/ecb.o
  CC      drivers/gpio/gpiolib-devres.o
  CC      mm/workingset.o
  CC      sound/core/jack.o
  CC      crypto/ctr.o
  CC      drivers/pinctrl/pinctrl-rockchip.o
  CC      block/genhd.o
  CC      fs/fs-writeback.o
  CC      kernel/reboot.o
  CC      drivers/gpio/gpiolib-legacy.o
  CC      crypto/gcm.o
  CC      sound/core/timer.o
  CC      mm/debug.o
  CC      drivers/gpio/gpiolib-of.o
  CC      kernel/async.o
  CC      lib/memcat_p.o
  CC      fs/pnode.o
  CC      lib/nmi_backtrace.o
  AR      drivers/pinctrl/actions/built-in.a
  CC      mm/gup.o
  AR      drivers/pinctrl/bcm/built-in.a
  AR      drivers/pinctrl/cirrus/built-in.a
  AR      drivers/pinctrl/freescale/built-in.a
  AR      drivers/pinctrl/mediatek/built-in.a
  CC      crypto/ccm.o
  AR      drivers/pinctrl/mvebu/built-in.a
  CC      block/ioprio.o
  AR      drivers/pinctrl/nomadik/built-in.a
  AR      drivers/pinctrl/nuvoton/built-in.a
  AR      drivers/pinctrl/sprd/built-in.a
  AR      drivers/pinctrl/sunplus/built-in.a
  AR      drivers/pinctrl/ti/built-in.a
  CC      kernel/range.o
  AR      drivers/pinctrl/built-in.a
  CC      drivers/pwm/core.o
  CC      drivers/gpio/gpiolib-cdev.o
  CC      kernel/smpboot.o
  CC      fs/splice.o
  CC      lib/plist.o
  CC      lib/radix-tree.o
  CC      block/badblocks.o
  CC      sound/core/pcm.o
  CC      drivers/pwm/sysfs.o
  CC      kernel/ucount.o
  CC      crypto/aes_generic.o
  CC      mm/mmap_lock.o
  CC      block/partitions/core.o
  CC      lib/ratelimit.o
  CC      kernel/regset.o
  CC      lib/rbtree.o
  CC      drivers/pwm/pwm-rockchip.o
  CC      fs/sync.o
  CC      mm/highmem.o
  CC      drivers/gpio/gpiolib-sysfs.o
  CC      kernel/kmod.o
  CC      sound/core/pcm_native.o
  CC      crypto/deflate.o
  CC      lib/seq_buf.o
  CC      block/partitions/cmdline.o
  CC      mm/memory.o
  CC      drivers/gpio/gpio-rockchip.o
  CC      lib/show_mem.o
  CC      fs/utimes.o
  CC      kernel/groups.o
  CC      crypto/crc32c_generic.o
  CC      block/partitions/msdos.o
  CC      lib/siphash.o
  AR      drivers/pwm/built-in.a
  CC      lib/string.o
  CC      crypto/lzo.o
  AR      drivers/gpio/built-in.a
  CC      fs/d_path.o
  CC      drivers/pci/of.o
  CC      kernel/sched/core.o
  CC      net/devres.o
  CC      lib/timerqueue.o
  CC      crypto/lzo-rle.o
  CC      block/partitions/efi.o
  AR      drivers/pci/controller/dwc/built-in.a
  AR      drivers/pci/controller/mobiveil/built-in.a
  AR      drivers/pci/controller/built-in.a
  AR      drivers/pci/switch/built-in.a
  AR      drivers/pci/built-in.a
  CC      lib/vsprintf.o
  CC      drivers/video/hdmi.o
  CC      sound/core/pcm_lib.o
  CC      fs/stack.o
  CC      crypto/rng.o
  CC      net/socket.o
  AR      block/partitions/built-in.a
  CC      block/blk-rq-qos.o
  CC      fs/fs_struct.o
  CC      drivers/video/console/dummycon.o
  CC      mm/mincore.o
  CC      crypto/drbg.o
  CC      fs/statfs.o
  CC      block/disk-events.o
  CC      sound/core/pcm_misc.o
  AR      drivers/video/console/built-in.a
  CC      drivers/video/backlight/backlight.o
  CC      crypto/jitterentropy.o
  CC      crypto/jitterentropy-kcapi.o
  CC      fs/fs_pin.o
  CC      mm/mlock.o
  CC      sound/core/pcm_memory.o
  CC      block/blk-ia-ranges.o
  CC      lib/win_minmax.o
  CC      crypto/ghash-generic.o
  CC      fs/nsfs.o
  CC      drivers/video/backlight/pwm_bl.o
  CC      lib/xarray.o
  CC      sound/core/memalloc.o
  CC      block/mq-deadline.o
  CC      crypto/zstd.o
  CC      kernel/sched/fair.o
  CC      fs/fs_types.o
  CC      net/core/sock.o
  CC      mm/mmap.o
  CC      crypto/ecc.o
  CC      drivers/video/backlight/waveshare-backlight.o
  CC      sound/core/pcm_timer.o
  CC      fs/fs_context.o
  CC      lib/lockref.o
  CC      block/kyber-iosched.o
  CC      lib/bcd.o
  CC      sound/core/pcm_iec958.o
  CC      lib/sort.o
  CC      lib/parser.o
  AR      drivers/video/backlight/built-in.a
  CC      fs/fs_parser.o
  CC      crypto/ecdh.o
  CC      drivers/video/rockchip/rga3/rga_drv.o
  CC      lib/debug_locks.o
  CC      sound/core/pcm_dmaengine.o
  CC      lib/random32.o
  CC      mm/mmu_gather.o
  CC      fs/fsopen.o
  CC      crypto/ecdh_helper.o
  CC      block/bfq-iosched.o
  CC      lib/bust_spinlocks.o
  AR      sound/core/built-in.a
  CC      crypto/asymmetric_keys/asymmetric_type.o
  AR      sound/i2c/other/built-in.a
  AR      sound/i2c/built-in.a
  AR      sound/drivers/opl3/built-in.a
  AR      sound/drivers/opl4/built-in.a
  AR      sound/drivers/mpu401/built-in.a
  AR      sound/drivers/vx/built-in.a
  AR      sound/drivers/pcsp/built-in.a
  AR      sound/drivers/built-in.a
  AR      sound/isa/ad1816a/built-in.a
  AR      sound/isa/ad1848/built-in.a
  AR      sound/isa/cs423x/built-in.a
  AR      sound/isa/es1688/built-in.a
  AR      sound/isa/galaxy/built-in.a
  AR      sound/isa/gus/built-in.a
  CC      mm/mprotect.o
  AR      sound/isa/msnd/built-in.a
  AR      sound/isa/opti9xx/built-in.a
  AR      sound/isa/sb/built-in.a
  AR      sound/isa/wavefront/built-in.a
  CC      lib/kasprintf.o
  AR      sound/isa/wss/built-in.a
  AR      sound/isa/built-in.a
  AR      sound/pci/ac97/built-in.a
  CC      net/core/request_sock.o
  AR      sound/pci/ali5451/built-in.a
  AR      sound/pci/asihpi/built-in.a
  AR      sound/pci/au88x0/built-in.a
  AR      sound/pci/aw2/built-in.a
  AR      sound/pci/ctxfi/built-in.a
  CC      drivers/video/rockchip/rga3/rga_common.o
  AR      sound/pci/ca0106/built-in.a
  AR      sound/pci/cs46xx/built-in.a
  AR      sound/pci/cs5535audio/built-in.a
  CC      fs/init.o
  AR      sound/pci/lola/built-in.a
  CC      kernel/sched/build_policy.o
  AR      sound/pci/lx6464es/built-in.a
  AR      sound/pci/echoaudio/built-in.a
  AR      sound/pci/emu10k1/built-in.a
  AR      sound/pci/hda/built-in.a
  AR      sound/pci/ice1712/built-in.a
  CC      lib/bitmap.o
  AR      sound/pci/korg1212/built-in.a
  AR      sound/pci/mixart/built-in.a
  AR      sound/pci/nm256/built-in.a
  AR      sound/pci/oxygen/built-in.a
  AR      sound/pci/pcxhr/built-in.a
  CC      crypto/asymmetric_keys/restrict.o
  AR      sound/pci/riptide/built-in.a
  AR      sound/pci/rme9652/built-in.a
  AR      sound/pci/trident/built-in.a
  AR      sound/pci/ymfpci/built-in.a
  AR      sound/pci/vx222/built-in.a
  AR      sound/pci/built-in.a
  AR      sound/ppc/built-in.a
  AR      sound/arm/built-in.a
  AR      sound/sh/built-in.a
  AR      sound/synth/built-in.a
  AR      sound/usb/misc/built-in.a
  AR      sound/usb/usx2y/built-in.a
  AR      sound/usb/caiaq/built-in.a
  AR      sound/usb/6fire/built-in.a
  AR      sound/usb/hiface/built-in.a
  AR      sound/usb/bcd2000/built-in.a
  AR      sound/usb/built-in.a
  AR      sound/firewire/built-in.a
  AR      sound/sparc/built-in.a
  AR      sound/spi/built-in.a
  CC      crypto/asymmetric_keys/signature.o
  AR      sound/parisc/built-in.a
  AR      sound/pcmcia/vx/built-in.a
  CC      fs/kernel_read_file.o
  AR      sound/pcmcia/pdaudiocf/built-in.a
  AR      sound/pcmcia/built-in.a
  CC      mm/mremap.o
  AR      sound/mips/built-in.a
  CC      net/core/skbuff.o
  CC      sound/soc/soc-core.o
  CC      drivers/video/rockchip/rga3/rga3_reg_info.o
  CC      lib/scatterlist.o
  CC      crypto/asymmetric_keys/public_key.o
  CC      fs/remap_range.o
  CC      block/bfq-wf2q.o
  CC      mm/msync.o
  CC      crypto/asymmetric_keys/x509.asn1.o
  CC      crypto/asymmetric_keys/x509_akid.asn1.o
  CC      lib/list_sort.o
  CC      crypto/asymmetric_keys/x509_cert_parser.o
  CC      drivers/video/rockchip/rga3/rga_iommu.o
  CC      sound/soc/soc-dapm.o
  CC      fs/buffer.o
  CC      lib/uuid.o
  CC      mm/page_vma_mapped.o
  CC      block/bfq-cgroup.o
  CC      lib/iov_iter.o
  CC      crypto/asymmetric_keys/x509_loader.o
  CC      crypto/asymmetric_keys/x509_public_key.o
  CC      kernel/sched/build_utility.o
  CC      mm/pagewalk.o
  CC      block/blk-mq-virtio.o
  CC      drivers/video/rockchip/rga3/rga_dma_buf.o
  CC      crypto/asymmetric_keys/pkcs7.asn1.o
  CC      crypto/asymmetric_keys/pkcs7_parser.o
  CC      block/blk-mq-debugfs.o
  CC      mm/pgtable-generic.o
  CC      fs/direct-io.o
  CC      crypto/asymmetric_keys/pkcs7_trust.o
  CC      lib/clz_ctz.o
  CC      crypto/asymmetric_keys/pkcs7_verify.o
  CC      mm/rmap.o
  CC      lib/bsearch.o
  CC      drivers/video/rockchip/rga3/rga_job.o
  CC      net/core/datagram.o
  CC      block/blk-pm.o
  AR      crypto/asymmetric_keys/built-in.a
  CC      crypto/hash_info.o
  CC      sound/soc/soc-jack.o
  AR      crypto/built-in.a
  CC      fs/mpage.o
  AR      virt/lib/built-in.a
  AR      virt/built-in.a
  CC      kernel/locking/mutex.o
  CC      lib/find_bit.o
  CC      lib/llist.o
  CC      lib/memweight.o
  AR      kernel/sched/built-in.a
  AR      block/built-in.a
  CC      kernel/locking/semaphore.o
  CC      mm/vmalloc.o
  CC      sound/soc/soc-utils.o
  CC      lib/kfifo.o
  CC      fs/proc_namespace.o
  CC      mm/process_vm_access.o
  CC      drivers/video/rockchip/rga3/rga_hw_config.o
  CC      sound/soc/soc-dai.o
  CC      kernel/locking/rwsem.o
  CC      drivers/video/rockchip/rga3/rga2_reg_info.o
  CC      net/core/stream.o
  CC      lib/percpu-refcount.o
  CC      fs/notify/fsnotify.o
  AR      sound/atmel/built-in.a
  CC      net/llc/llc_core.o
  CC      drivers/video/fbdev/core/fb_cmdline.o
  CC      lib/rhashtable.o
  CC      sound/soc/soc-component.o
  CC      net/core/scm.o
  CC      kernel/locking/percpu-rwsem.o
  CC      fs/notify/notification.o
  CC      kernel/locking/spinlock.o
  CC      drivers/video/rockchip/rga3/rga_policy.o
  CC      mm/page_alloc.o
  CC      fs/notify/group.o
  CC      net/llc/llc_input.o
  CC      drivers/video/fbdev/core/fb_notify.o
  CC      lib/base64.o
  CC      sound/soc/soc-pcm.o
  CC      kernel/locking/osq_lock.o
  CC      lib/once.o
  CC      drivers/video/fbdev/core/fbmem.o
  CC      kernel/locking/rtmutex_api.o
  CC      net/core/gen_stats.o
  CC      drivers/video/rockchip/rga3/rga_mm.o
  CC      net/llc/llc_output.o
  CC      lib/refcount.o
  CC      fs/notify/mark.o
  CC      lib/usercopy.o
  AR      kernel/locking/built-in.a
  CC      kernel/power/qos.o
  CC      fs/notify/fdinfo.o
  CC      lib/errseq.o
  CC      drivers/video/fbdev/core/fbmon.o
  CC      net/core/gen_estimator.o
  CC      sound/soc/soc-devres.o
  CC      lib/bucket_locks.o
  AR      net/llc/built-in.a
  CC      net/ethernet/eth.o
  AR      fs/notify/dnotify/built-in.a
  CC      fs/notify/inotify/inotify_fsnotify.o
  CC      lib/generic-radix-tree.o
  CC      kernel/power/main.o
  CC      drivers/video/fbdev/core/fbcmap.o
  CC      sound/soc/soc-ops.o
  CC      net/core/net_namespace.o
  CC      drivers/video/rockchip/rga3/rga_fence.o
  CC      mm/init-mm.o
  AR      net/ethernet/built-in.a
  CC      lib/string_helpers.o
  AR      drivers/idle/built-in.a
  CC      fs/eventpoll.o
  CC      fs/notify/inotify/inotify_user.o
  CC      kernel/power/console.o
  CC      mm/memblock.o
  CC      drivers/video/fbdev/core/fbsysfs.o
  CC      drivers/video/rockchip/rga3/rga_debugger.o
  CC      sound/soc/soc-link.o
  CC      kernel/power/process.o
  CC      fs/anon_inodes.o
  CC      lib/hexdump.o
  AR      fs/notify/inotify/built-in.a
  AR      fs/notify/fanotify/built-in.a
  AR      fs/notify/built-in.a
  AR      sound/hda/built-in.a
  CC      drivers/video/display_timing.o
  CC      lib/kstrtox.o
  CC      drivers/video/fbdev/core/modedb.o
  CC      net/core/secure_seq.o
  CC      kernel/power/suspend.o
  AR      drivers/video/fbdev/omap/built-in.a
  CC      mm/madvise.o
  CC      kernel/printk/printk.o
  CC      lib/math/div64.o
  CC      lib/math/gcd.o
  CC      sound/soc/soc-card.o
  CC      fs/signalfd.o
  CC      lib/math/lcm.o
  AR      drivers/video/rockchip/rga3/built-in.a
  AR      drivers/video/rockchip/built-in.a
  CC      net/802/p8022.o
  CC      lib/math/int_pow.o
  CC      kernel/power/poweroff.o
  CC      lib/math/int_sqrt.o
  AR      kernel/power/built-in.a
  CC      kernel/irq/irqdesc.o
  CC      drivers/video/fbdev/core/fbcvt.o
  CC      lib/math/reciprocal_div.o
  CC      lib/math/rational.o
  CC      net/802/psnap.o
  CC      fs/timerfd.o
  CC      sound/soc/soc-generic-dmaengine-pcm.o
  CC      net/core/flow_dissector.o
  AR      lib/math/built-in.a
  CC      kernel/irq/handle.o
  CC      mm/page_io.o
  CC      lib/crypto/memneq.o
  CC      drivers/video/fbdev/core/fb_defio.o
  CC      kernel/printk/printk_safe.o
  CC      kernel/irq/manage.o
  CC      net/802/stp.o
  CC      lib/crypto/utils.o
  CC      fs/eventfd.o
  CC      mm/swap_state.o
  CC      drivers/video/fbdev/core/fbcon.o
  CC      sound/soc/codecs/dummy-codec.o
  CC      lib/crypto/chacha.o
  AR      net/802/built-in.a
  CC      kernel/printk/printk_ringbuffer.o
  CC      net/sched/sch_generic.o
  CC      fs/aio.o
  CC      lib/crypto/aes.o
  CC      kernel/printk/sysctl.o
  CC      lib/crypto/blake2s.o
  CC      mm/swapfile.o
  CC      sound/soc/codecs/es7202.o
  CC      net/core/sysctl_net_core.o
  CC      kernel/irq/spurious.o
  AR      kernel/printk/built-in.a
  CC      sound/soc/codecs/es8311.o
  CC      lib/crypto/blake2s-generic.o
  CC      fs/locks.o
  CC      kernel/irq/resend.o
  CC      kernel/irq/chip.o
  CC      drivers/video/fbdev/core/bitblit.o
  CC      sound/soc/codecs/es8323.o
  CC      drivers/video/videomode.o
  CC      net/core/dev.o
  CC      lib/crypto/sha1.o
  AR      drivers/video/fbdev/omap2/omapfb/dss/built-in.a
  AR      drivers/video/fbdev/omap2/omapfb/displays/built-in.a
  AR      drivers/video/fbdev/omap2/omapfb/built-in.a
  AR      drivers/video/fbdev/omap2/built-in.a
  AR      sound/x86/built-in.a
  CC      lib/pci_iomap.o
  CC      kernel/irq/dummychip.o
  CC      net/sched/sch_mq.o
  CC      lib/crypto/sha256.o
  CC      sound/soc/codecs/es8328.o
  CC      drivers/video/fbdev/core/softcursor.o
  CC      mm/swap_slots.o
  CC      net/core/dev_addr_lists.o
  CC      kernel/irq/devres.o
  CC      fs/binfmt_script.o
  CC [M]  lib/crypto/arc4.o
  CC      net/sched/sch_frag.o
  CC      drivers/video/fbdev/core/cfbfillrect.o
  CC      fs/binfmt_elf.o
  CC      kernel/irq/generic-chip.o
  AR      lib/crypto/built-in.a
  LD [M]  lib/crypto/libarc4.o
  CC      lib/iomap_copy.o
  CC      mm/dmapool.o
  CC      sound/soc/codecs/es8328-i2c.o
  CC      lib/devres.o
  CC      fs/mbcache.o
  CC      net/core/dst.o
  CC      kernel/irq/autoprobe.o
  CC      lib/hweight.o
  CC      mm/ksm.o
  CC      lib/assoc_array.o
  CC      drivers/video/fbdev/core/cfbcopyarea.o
  AR      net/sched/built-in.a
  CC      net/netlink/af_netlink.o
  CC      sound/soc/codecs/rk3506_codec.o
  CC      fs/coredump.o
  CC      kernel/irq/irqdomain.o
  CC      drivers/video/fbdev/core/cfbimgblt.o
  CC      lib/bitrev.o
  CC      lib/linear_ranges.o
  CC      sound/soc/codecs/rk730.o
  AR      net/bpf/built-in.a
  CC      net/ethtool/ioctl.o
  CC      fs/drop_caches.o
  CC      kernel/irq/proc.o
  CC      lib/crc-ccitt.o
  CC      mm/slub.o
  CC      sound/soc/codecs/rk_dsm.o
  CC      drivers/video/fbdev/core/sysfillrect.o
  CC      kernel/irq/cpuhotplug.o
  CC      fs/sysctls.o
  CC      lib/crc16.o
  CC      drivers/video/fbdev/core/syscopyarea.o
  CC      fs/fhandle.o
  CC      kernel/irq/pm.o
  CC      lib/crc32.o
  CC      net/netlink/genetlink.o
  AR      sound/soc/codecs/built-in.a
  CC      sound/soc/generic/simple-card-utils.o
  CC      drivers/video/fbdev/core/sysimgblt.o
  CC      fs/iomap/trace.o
  CC      lib/xxhash.o
  CC      kernel/irq/ipi.o
  CC      mm/migrate.o
  CC      net/core/netevent.o
  CC      lib/genalloc.o
  CC      fs/iomap/iter.o
  CC      kernel/irq/affinity.o
  CC      drivers/video/fbdev/core/fb_sys_fops.o
  CC      net/ethtool/common.o
  CC      sound/soc/generic/simple-card.o
  CC      net/netlink/policy.o
  CC      net/core/neighbour.o
  CC      lib/zlib_inflate/inffast.o
  CC      fs/iomap/buffered-io.o
  AR      kernel/irq/built-in.a
  CC      kernel/rcu/update.o
  CC      lib/zlib_inflate/inflate.o
  AR      net/netlink/built-in.a
  AR      sound/xen/built-in.a
  AR      sound/virtio/built-in.a
  CC      mm/page_counter.o
  CC      net/ethtool/netlink.o
  AR      drivers/video/fbdev/core/built-in.a
  AR      drivers/video/fbdev/built-in.a
  CC      drivers/video/of_display_timing.o
  CC      lib/zlib_inflate/infutil.o
  AR      sound/soc/generic/built-in.a
  CC      net/core/rtnetlink.o
  AR      sound/soc/apple/built-in.a
  AR      sound/soc/adi/built-in.a
  AR      sound/soc/amd/built-in.a
  AR      sound/soc/atmel/built-in.a
  AR      sound/soc/au1x/built-in.a
  AR      sound/soc/bcm/built-in.a
  AR      sound/soc/cirrus/built-in.a
  AR      sound/soc/dwc/built-in.a
  CC      mm/memcontrol.o
  AR      sound/soc/fsl/built-in.a
  AR      sound/soc/hisilicon/built-in.a
  CC      kernel/rcu/sync.o
  AR      sound/soc/jz4740/built-in.a
  AR      sound/soc/img/built-in.a
  CC      lib/zlib_inflate/inftrees.o
  AR      sound/soc/intel/common/built-in.a
  AR      sound/soc/intel/boards/built-in.a
  AR      sound/soc/intel/built-in.a
  AR      sound/soc/mediatek/built-in.a
  AR      sound/soc/meson/built-in.a
  AR      sound/soc/mxs/built-in.a
  AR      sound/soc/kirkwood/built-in.a
  AR      sound/soc/pxa/built-in.a
  AR      sound/soc/qcom/built-in.a
  CC      drivers/video/of_videomode.o
  CC      lib/zlib_inflate/inflate_syms.o
  CC      sound/soc/rockchip/rockchip_utils.o
  CC      kernel/rcu/srcutree.o
  CC      fs/iomap/direct-io.o
  AR      lib/zlib_inflate/built-in.a
  CC      lib/zlib_deflate/deflate.o
  AR      drivers/video/built-in.a
  AR      drivers/char/ipmi/built-in.a
  CC      drivers/amba/bus.o
  CC      sound/soc/rockchip/rockchip_asrc.o
  CC      net/ethtool/bitset.o
  CC      kernel/rcu/tree.o
  CC      fs/iomap/fiemap.o
  CC      lib/zlib_deflate/deftree.o
  CC      sound/soc/rockchip/rockchip_pdm_v2.o
  AR      sound/soc/samsung/built-in.a
  CC      fs/iomap/seek.o
  AR      drivers/amba/built-in.a
  CC      drivers/clk/clk-devres.o
  CC      net/ipv4/route.o
  CC      sound/soc/rockchip/rockchip_sai.o
  CC      lib/zlib_deflate/deflate_syms.o
  CC      net/ethtool/strset.o
  CC      drivers/clk/clk-bulk.o
  CC      fs/iomap/swapfile.o
  AR      lib/zlib_deflate/built-in.a
  CC      lib/reed_solomon/reed_solomon.o
  CC      net/core/utils.o
  CC      drivers/clk/clkdev.o
  AR      lib/reed_solomon/built-in.a
  CC      lib/lzo/lzo1x_compress.o
  AR      fs/iomap/built-in.a
  AR      fs/quota/built-in.a
  CC      net/ethtool/linkinfo.o
  CC      fs/proc/task_mmu.o
  CC      sound/soc/rockchip/rockchip_spdif.o
  CC      lib/lzo/lzo1x_decompress_safe.o
  CC      drivers/clk/clk.o
  CC      kernel/rcu/rcu_segcblist.o
  CC      mm/vmpressure.o
  AR      lib/lzo/built-in.a
  CC      lib/zstd/zstd_compress_module.o
  CC      net/core/link_watch.o
  CC      sound/soc/rockchip/rockchip_spdifrx.o
  CC      fs/proc/inode.o
  CC      net/ethtool/linkmodes.o
  CC      lib/zstd/compress/fse_compress.o
  AR      kernel/rcu/built-in.a
  AR      kernel/livepatch/built-in.a
  CC      net/ipv4/inetpeer.o
  CC      kernel/dma/mapping.o
  CC      sound/soc/rockchip/rockchip_multicodecs.o
  CC      mm/swap_cgroup.o
  CC      fs/proc/root.o
  CC      lib/zstd/compress/hist.o
  CC      net/core/filter.o
  CC      net/ethtool/linkstate.o
  CC      lib/zstd/compress/huf_compress.o
  CC      net/ipv4/protocol.o
  CC      mm/page_isolation.o
  CC      fs/proc/base.o
  AR      sound/soc/rockchip/built-in.a
  AR      sound/soc/sh/built-in.a
  AR      sound/soc/sof/built-in.a
  AR      sound/soc/spear/built-in.a
  AR      sound/soc/sprd/built-in.a
  AR      sound/soc/sti/built-in.a
  AR      sound/soc/stm/built-in.a
  AR      sound/soc/sunxi/built-in.a
  AR      sound/soc/tegra/built-in.a
  AR      sound/soc/ti/built-in.a
  CC      kernel/dma/direct.o
  AR      sound/soc/uniphier/built-in.a
  AR      sound/soc/ux500/built-in.a
  AR      sound/soc/xilinx/built-in.a
  AR      sound/soc/xtensa/built-in.a
  CC      lib/zstd/compress/zstd_compress.o
  AR      sound/soc/built-in.a
  CC      sound/last.o
  CC      net/ipv4/ip_input.o
  CC      drivers/clk/clk-divider.o
  CC      net/ethtool/debug.o
  CC      mm/early_ioremap.o
  AR      sound/built-in.a
  CC      drivers/dma/dmaengine.o
  CC      kernel/dma/ops_helpers.o
  CC      kernel/dma/dummy.o
  CC      drivers/clk/clk-fixed-factor.o
  CC      mm/cma.o
  CC      fs/proc/generic.o
  CC      net/ethtool/wol.o
  CC      kernel/dma/contiguous.o
  CC      net/ipv4/ip_fragment.o
  CC      drivers/clk/clk-fixed-rate.o
  CC      drivers/dma/of-dma.o
  CC      lib/zstd/compress/zstd_compress_literals.o
  CC      fs/proc/array.o
  CC      mm/memfd.o
  CC      lib/zstd/compress/zstd_compress_sequences.o
  CC      net/ethtool/features.o
  CC      lib/zstd/compress/zstd_compress_superblock.o
  CC      drivers/clk/clk-gate.o
  CC      kernel/dma/coherent.o
  CC      lib/zstd/compress/zstd_double_fast.o
  AR      drivers/dma/idxd/built-in.a
  CC      drivers/dma/pl330.o
  CC      drivers/clk/clk-multiplier.o
  CC      fs/proc/fd.o
  CC      kernel/dma/remap.o
  CC      net/ethtool/privflags.o
  AR      mm/built-in.a
  CC      drivers/clk/clk-mux.o
  AR      drivers/dma/mediatek/built-in.a
  AR      kernel/entry/built-in.a
  CC      fs/kernfs/mount.o
  CC      net/ipv4/ip_forward.o
  AR      kernel/dma/built-in.a
  CC      kernel/module/main.o
  CC      drivers/clk/clk-composite.o
  CC      fs/proc/proc_tty.o
  CC      fs/kernfs/inode.o
  CC      net/ethtool/rings.o
  CC      drivers/clk/clk-fractional-divider.o
  CC      net/ipv4/ip_options.o
  AR      drivers/dma/qcom/built-in.a
  AR      drivers/dma/ti/built-in.a
  AR      drivers/dma/xilinx/built-in.a
  AR      drivers/dma/built-in.a
  CC      net/core/sock_diag.o
  CC      fs/proc/cmdline.o
  CC      lib/zstd/compress/zstd_fast.o
  CC      fs/kernfs/dir.o
  CC      drivers/clk/clk-gpio.o
  CC      net/ethtool/channels.o
  CC      net/ethtool/coalesce.o
  CC      fs/proc/consoles.o
  CC      drivers/clk/clk-conf.o
  CC      kernel/module/strict_rwx.o
  CC      net/core/dev_ioctl.o
  CC      net/ipv4/ip_output.o
  CC      fs/proc/cpuinfo.o
  AR      drivers/clk/actions/built-in.a
  AR      drivers/soc/apple/built-in.a
  AR      drivers/clk/analogbits/built-in.a
  AR      drivers/soc/aspeed/built-in.a
  AR      drivers/clk/bcm/built-in.a
  AR      drivers/clk/imgtec/built-in.a
  AR      drivers/soc/bcm/bcm63xx/built-in.a
  AR      drivers/soc/bcm/built-in.a
  AR      drivers/clk/imx/built-in.a
  AR      drivers/soc/fsl/built-in.a
  AR      drivers/clk/ingenic/built-in.a
  AR      drivers/soc/fujitsu/built-in.a
  AR      drivers/clk/mediatek/built-in.a
  AR      drivers/soc/imx/built-in.a
  AR      drivers/clk/microchip/built-in.a
  AR      drivers/soc/ixp4xx/built-in.a
  AR      drivers/clk/mstar/built-in.a
  CC      kernel/module/kallsyms.o
  AR      drivers/clk/mvebu/built-in.a
  AR      drivers/soc/mediatek/built-in.a
  AR      drivers/clk/ralink/built-in.a
  AR      drivers/soc/microchip/built-in.a
  AR      drivers/soc/pxa/built-in.a
  AR      drivers/clk/renesas/built-in.a
  AR      drivers/soc/amlogic/built-in.a
  AR      drivers/soc/qcom/built-in.a
  CC      fs/kernfs/file.o
  AR      drivers/soc/renesas/built-in.a
  CC      drivers/clk/rockchip/clk.o
  CC      lib/zstd/compress/zstd_lazy.o
  CC      drivers/soc/rockchip/rockchip_amp.o
  CC      fs/proc/devices.o
  CC      net/ethtool/pause.o
  CC      net/core/tso.o
  CC      kernel/module/procfs.o
  CC      drivers/soc/rockchip/rockchip-cpuinfo.o
  CC      fs/kernfs/symlink.o
  CC      drivers/clk/rockchip/clk-pll.o
  CC      fs/proc/interrupts.o
  AR      fs/kernfs/built-in.a
  CC      lib/percpu_counter.o
  CC      net/ipv4/ip_sockglue.o
  CC      drivers/clk/rockchip/clk-cpu.o
  CC      kernel/module/sysfs.o
  CC      drivers/soc/rockchip/iomux.o
  CC      fs/proc/loadavg.o
  CC      net/ethtool/eee.o
  CC      net/core/sock_reuseport.o
  CC      lib/syscall.o
  CC      drivers/clk/rockchip/clk-half-divider.o
  AR      kernel/module/built-in.a
  CC      kernel/kcmp.o
  CC      fs/proc/meminfo.o
  CC      drivers/soc/rockchip/fiq_debugger/fiq_debugger.o
  CC      net/unix/af_unix.o
  CC      net/ethtool/tsinfo.o
  CC      drivers/clk/rockchip/clk-mmc-phase.o
  CC      kernel/freezer.o
  CC      net/ipv4/inet_hashtables.o
  CC      net/core/fib_notifier.o
  CC      fs/proc/stat.o
  CC      drivers/clk/rockchip/clk-muxgrf.o
  CC      net/ethtool/cabletest.o
  CC      drivers/soc/rockchip/fiq_debugger/rk_fiq_debugger.o
  CC      kernel/time/time.o
  CC      drivers/clk/rockchip/clk-fractional-divider-v2.o
  CC      fs/proc/uptime.o
  CC      lib/zstd/compress/zstd_ldm.o
  CC      net/core/xdp.o
  CC      drivers/clk/rockchip/softrst.o
  CC      fs/proc/util.o
  CC      lib/zstd/compress/zstd_opt.o
  AR      drivers/soc/rockchip/fiq_debugger/built-in.a
  CC      drivers/soc/rockchip/rockchip_opp_select.o
  CC      kernel/time/timer.o
  CC      net/ethtool/tunnels.o
  CC      fs/proc/version.o
  CC      drivers/clk/rockchip/clk-out.o
  CC      net/unix/garbage.o
  CC      net/ipv4/inet_timewait_sock.o
  CC      lib/zstd/zstd_decompress_module.o
  CC      drivers/clk/rockchip/clk-pvtpll.o
  CC      fs/proc/softirqs.o
  CC      net/core/flow_offload.o
  CC      lib/zstd/decompress/huf_decompress.o
  CC      kernel/time/hrtimer.o
  CC      net/ethtool/fec.o
  CC      drivers/soc/rockchip/rockchip_pm_config.o
  CC      net/unix/sysctl_net_unix.o
  CC      fs/proc/namespaces.o
  CC      drivers/clk/rockchip/clk-rk3506.o
  CC      net/ipv4/inet_connection_sock.o
  CC      lib/zstd/decompress/zstd_ddict.o
  CC      lib/zstd/decompress/zstd_decompress.o
  AR      drivers/clk/rockchip/built-in.a
  AR      drivers/clk/socfpga/built-in.a
  CC      net/core/gro.o
  AR      drivers/clk/sprd/built-in.a
  AR      drivers/clk/sunxi-ng/built-in.a
  AR      drivers/clk/ti/built-in.a
  AR      drivers/clk/versatile/built-in.a
  AR      drivers/clk/xilinx/built-in.a
  AR      drivers/clk/built-in.a
  CC      drivers/virtio/virtio.o
  CC      kernel/time/timekeeping.o
  CC      fs/proc/self.o
  CC      net/unix/scm.o
  CC      net/ethtool/eeprom.o
  CC      drivers/soc/rockchip/rockchip_system_monitor.o
  CC      fs/proc/thread_self.o
  CC      lib/zstd/decompress/zstd_decompress_block.o
  CC      drivers/virtio/virtio_ring.o
  CC      fs/proc/proc_sysctl.o
  CC      net/ethtool/stats.o
  AR      net/unix/built-in.a
  CC      net/core/net-sysfs.o
  CC      net/ipv6/addrconf_core.o
  CC      net/ipv4/tcp.o
  CC      lib/zstd/common/debug.o
  CC      lib/zstd/common/entropy_common.o
  CC      lib/zstd/common/error_private.o
  CC      lib/zstd/common/fse_decompress.o
  CC      drivers/soc/rockchip/rockchip_debug.o
  CC      kernel/time/ntp.o
  CC      net/ethtool/phc_vclocks.o
  CC      net/ipv6/exthdrs_core.o
  CC      lib/zstd/common/zstd_common.o
  CC      drivers/virtio/virtio_anchor.o
  AR      drivers/soc/rockchip/built-in.a
  AR      drivers/soc/sunxi/built-in.a
  AR      drivers/soc/ti/built-in.a
  AR      drivers/soc/xilinx/built-in.a
  AR      drivers/soc/built-in.a
  CC      fs/proc/proc_net.o
  AR      lib/zstd/built-in.a
  CC      lib/errname.o
  CC      lib/nlattr.o
  CC      net/ethtool/module.o
  CC      kernel/time/clocksource.o
  AR      drivers/virtio/built-in.a
  CC      net/packet/af_packet.o
  CC      drivers/regulator/core.o
  CC      net/ipv6/ip6_checksum.o
  CC      net/core/page_pool.o
  CC      fs/proc/kmsg.o
  CC      kernel/time/jiffies.o
  CC      lib/cpu_rmap.o
  CC      net/ethtool/pse-pd.o
  CC      fs/proc/page.o
  CC      kernel/time/timer_list.o
  CC      net/core/net-procfs.o
  CC      lib/dynamic_queue_limits.o
  CC      net/ipv6/ip6_icmp.o
  CC      lib/glob.o
  CC      net/ipv4/tcp_input.o
  CC      lib/mpi/generic_mpih-lshift.o
  CC      kernel/time/timeconv.o
  AR      net/ethtool/built-in.a
  CC      net/ipv6/output_core.o
  CC      net/core/ptp_classifier.o
  AR      fs/proc/built-in.a
  CC      fs/sysfs/file.o
  CC      kernel/time/timecounter.o
  CC      lib/mpi/generic_mpih-mul1.o
  CC      kernel/futex/core.o
  CC      kernel/time/alarmtimer.o
  CC      net/core/of_net.o
  CC      fs/sysfs/dir.o
  CC      net/ipv6/protocol.o
  AR      net/packet/built-in.a
  CC      fs/sysfs/symlink.o
  CC      lib/mpi/generic_mpih-mul2.o
  CC      drivers/regulator/dummy.o
  CC      kernel/futex/syscalls.o
  CC      fs/sysfs/mount.o
  CC      kernel/time/posix-timers.o
  CC      net/ipv6/ip6_offload.o
  CC      lib/mpi/generic_mpih-mul3.o
  CC      lib/strncpy_from_user.o
  CC      drivers/regulator/fixed-helper.o
  CC [M]  net/core/selftests.o
  CC      kernel/futex/pi.o
  CC      fs/sysfs/group.o
  CC      lib/mpi/generic_mpih-rshift.o
  CC      drivers/regulator/helpers.o
  CC      fs/configfs/inode.o
  CC      kernel/time/posix-cpu-timers.o
  CC      kernel/futex/requeue.o
  CC      lib/mpi/generic_mpih-sub1.o
  AR      fs/sysfs/built-in.a
  CC      fs/devpts/inode.o
  CC      lib/mpi/generic_mpih-add1.o
  CC      net/ipv6/tcpv6_offload.o
  CC      fs/configfs/file.o
  CC      drivers/regulator/devres.o
  CC      kernel/futex/waitwake.o
  AR      fs/devpts/built-in.a
  CC      net/ipv4/tcp_output.o
  CC      kernel/smp.o
  AR      net/core/built-in.a
  CC      lib/mpi/ec.o
  CC      drivers/reset/core.o
  CC      kernel/time/posix-clock.o
  CC      fs/configfs/dir.o
  AR      kernel/futex/built-in.a
  CC      lib/strnlen_user.o
  CC      drivers/regulator/irq_helpers.o
  CC      kernel/time/itimer.o
  CC      lib/mpi/mpicoder.o
  CC      kernel/uid16.o
  CC      net/ipv6/exthdrs_offload.o
  AR      drivers/reset/hisilicon/built-in.a
  AR      drivers/reset/built-in.a
  CC      net/ipv4/tcp_timer.o
  CC      fs/ext4/balloc.o
  CC      fs/configfs/symlink.o
  CC      lib/mpi/mpi-add.o
  CC      drivers/regulator/of_regulator.o
  CC      kernel/time/clockevents.o
  AR      net/ipv6/built-in.a
  CC      kernel/kallsyms.o
  CC      drivers/tty/tty_io.o
  CC      lib/mpi/mpi-bit.o
  CC      fs/configfs/mount.o
  CC      kernel/time/tick-common.o
  CC      drivers/regulator/fixed.o
  CC      fs/ext4/bitmap.o
  CC      fs/configfs/item.o
  CC      lib/mpi/mpi-cmp.o
  CC      net/ipv4/tcp_ipv4.o
  CC      kernel/time/tick-broadcast.o
  CC      fs/jbd2/transaction.o
  CC      drivers/regulator/gpio-regulator.o
  AR      fs/configfs/built-in.a
  CC      fs/ext4/block_validity.o
  CC      lib/net_utils.o
  CC      lib/mpi/mpi-sub-ui.o
  CC      net/bridge/br.o
  CC      kernel/time/tick-broadcast-hrtimer.o
  CC      drivers/tty/n_tty.o
  CC      drivers/regulator/pwm-regulator.o
  CC      lib/mpi/mpi-div.o
  CC      lib/sg_pool.o
  CC      kernel/time/sched_clock.o
  CC      fs/ext4/dir.o
  CC      fs/jbd2/commit.o
  CC      lib/mpi/mpi-inv.o
  CC      net/bridge/br_device.o
  CC      drivers/char/mem.o
  CC      kernel/time/tick-oneshot.o
  CC      drivers/regulator/rk801-regulator.o
  CC      net/ipv4/tcp_minisocks.o
  CC      lib/mpi/mpi-mod.o
  CC      kernel/time/tick-sched.o
  CC      drivers/tty/tty_ioctl.o
  CC      fs/ext4/ext4_jbd2.o
  CC      fs/jbd2/recovery.o
  CC      drivers/char/random.o
  CC      lib/mpi/mpi-mul.o
  CC      net/bridge/br_fdb.o
  AR      drivers/regulator/built-in.a
  AR      drivers/iommu/amd/built-in.a
  AR      drivers/iommu/intel/built-in.a
  AR      drivers/iommu/arm/arm-smmu/built-in.a
  AR      drivers/iommu/arm/arm-smmu-v3/built-in.a
  AR      drivers/iommu/arm/built-in.a
  AR      drivers/iommu/built-in.a
  CC      kernel/cgroup/cgroup.o
  CC      drivers/tty/tty_ldisc.o
  CC      lib/mpi/mpih-cmp.o
  CC      fs/ext4/extents.o
  CC      kernel/time/timekeeping_debug.o
  CC      fs/jbd2/checkpoint.o
  CC      net/ipv4/tcp_cong.o
  CC      lib/mpi/mpih-div.o
  CC      drivers/tty/tty_buffer.o
  CC      drivers/char/misc.o
  CC      fs/jbd2/revoke.o
  AR      kernel/time/built-in.a
  CC      kernel/cgroup/rstat.o
  CC      net/bridge/br_forward.o
  CC      lib/mpi/mpih-mul.o
  CC      drivers/char/hw_random/core.o
  CC      drivers/tty/tty_port.o
  CC      fs/jbd2/journal.o
  CC      net/ipv4/tcp_metrics.o
  CC      kernel/cgroup/namespace.o
  CC      lib/mpi/mpi-pow.o
  CC      net/bridge/br_if.o
  CC      drivers/char/hw_random/arm_smccc_trng.o
  CC      drivers/tty/tty_mutex.o
  CC      fs/squashfs/block.o
  CC      drivers/char/hw_random/rockchip-rng.o
  CC      fs/ext4/extents_status.o
  CC      lib/mpi/mpiutil.o
  CC      drivers/tty/tty_ldsem.o
  CC      net/ipv4/tcp_fastopen.o
  AR      fs/jbd2/built-in.a
  CC      net/bridge/br_input.o
  CC      net/can/af_can.o
  AR      lib/mpi/built-in.a
  CC      lib/asn1_decoder.o
  AR      drivers/char/hw_random/built-in.a
  AR      drivers/char/agp/built-in.a
  AR      drivers/char/built-in.a
  CC      net/can/proc.o
  CC      kernel/cgroup/cgroup-v1.o
  CC      fs/squashfs/cache.o
  CC      lib/fonts/fonts.o
  CC      fs/ext4/file.o
  CC      drivers/tty/tty_baudrate.o
  CC      lib/fonts/font_8x8.o
  CC      lib/fonts/font_8x16.o
  CC      fs/squashfs/dir.o
  CC      net/can/raw.o
  CC      net/bridge/br_ioctl.o
  CC      drivers/tty/tty_jobctrl.o
  CC      net/ipv4/tcp_rate.o
  CC      kernel/cgroup/freezer.o
  AR      lib/fonts/built-in.a
  CC      lib/oid_registry.o
  CC      net/bluetooth/af_bluetooth.o
  CC      fs/squashfs/export.o
  CC      fs/ext4/fsmap.o
  CC      lib/sbitmap.o
  CC      fs/squashfs/file.o
  CC      drivers/tty/n_null.o
  CC      kernel/cgroup/legacy_freezer.o
  CC      net/ipv4/tcp_recovery.o
  CC      net/bridge/br_stp.o
  CC      drivers/tty/pty.o
  CC      net/can/bcm.o
  CC      fs/squashfs/fragment.o
  CC      fs/ext4/fsync.o
  CC      lib/group_cpus.o
  CC      kernel/cgroup/cpuset.o
  CC      net/bluetooth/hci_core.o
  CC      drivers/tty/sysrq.o
  CC      fs/squashfs/id.o
  CC      lib/devmem_is_allowed.o
  CC      net/ipv4/tcp_ulp.o
  CC      net/bridge/br_stp_bpdu.o
  CC      fs/ext4/hash.o
  CC      net/can/gw.o
  CC      fs/squashfs/inode.o
  AR      lib/lib.a
  AR      lib/built-in.a
  CC      kernel/stop_machine.o
  CC      drivers/tty/vt/vt_ioctl.o
  CC      fs/squashfs/namei.o
  CC      fs/ext4/ialloc.o
  CC      fs/squashfs/super.o
  CC      net/bridge/br_stp_if.o
  CC      net/ipv4/tcp_offload.o
  AR      drivers/gpu/host1x/built-in.a
  CC      drivers/gpu/drm/drm_aperture.o
  AR      kernel/cgroup/built-in.a
  CC      kernel/watchdog.o
  CC      drivers/tty/vt/vc_screen.o
  CC      fs/squashfs/symlink.o
  CC      net/bluetooth/hci_conn.o
  AR      net/can/built-in.a
  CC      net/wireless/wext-core.o
  CC      drivers/gpu/drm/drm_auth.o
  CC      fs/ext4/indirect.o
  CC      net/bridge/br_stp_timer.o
  CC      fs/squashfs/decompressor.o
  CC      kernel/seccomp.o
  CC      net/ipv4/datagram.o
  CC      drivers/tty/vt/selection.o
  CC      fs/squashfs/page_actor.o
  CC      drivers/gpu/drm/drm_cache.o
  CC      net/bridge/br_netlink.o
  CC      fs/ext4/inline.o
  CC      net/wireless/wext-proc.o
  CC      drivers/tty/vt/keyboard.o
  CC      drivers/gpu/drm/drm_file.o
  CC      net/ipv4/raw.o
  CC      net/bluetooth/hci_event.o
  CC      fs/squashfs/file_cache.o
  CC      kernel/utsname_sysctl.o
  CC      net/wireless/wext-priv.o
  CC      kernel/trace/trace_clock.o
  CC      fs/ext4/inode.o
  CC      net/bridge/br_netlink_tunnel.o
  CC      fs/squashfs/decompressor_multi.o
  CC [M]  net/wireless/core.o
  CC      drivers/gpu/drm/drm_gem.o
  AR      kernel/trace/built-in.a
  CC      kernel/irq_work.o
  CC      drivers/tty/vt/consolemap.o
  CC      fs/squashfs/zstd_wrapper.o
  CC      net/bridge/br_arp_nd_proxy.o
  CC      kernel/cpu_pm.o
  CC      net/ipv4/udp.o
  AR      fs/squashfs/built-in.a
  CC [M]  net/wireless/sysfs.o
  CC      kernel/bpf/core.o
  CC      drivers/tty/vt/consolemap_deftbl.o
  CC      drivers/tty/serial/serial_core.o
  CC      drivers/tty/vt/vt.o
  CC      drivers/gpu/drm/drm_ioctl.o
  CC      net/bridge/br_sysfs_if.o
  CC      drivers/gpu/drm/drm_drv.o
  CC [M]  net/wireless/radiotap.o
  CC      fs/ext4/ioctl.o
  CC      net/bluetooth/mgmt.o
  CC      net/bridge/br_sysfs_br.o
  CC      drivers/tty/serial/earlycon.o
  CC      drivers/gpu/drm/drm_sysfs.o
  AR      kernel/bpf/built-in.a
  CC      kernel/jump_label.o
  CC [M]  net/wireless/util.o
  AR      net/bridge/built-in.a
  CC      fs/ext4/mballoc.o
  CC      drivers/tty/vt/defkeymap.o
  CC      drivers/tty/serial/8250/8250_core.o
  CC      net/ipv4/udplite.o
  AR      drivers/tty/vt/built-in.a
  CC      drivers/tty/rpmsg_tty.o
  CC      drivers/gpu/drm/drm_mm.o
  CC      kernel/context_tracking.o
  AR      drivers/gpu/vga/built-in.a
  CC      fs/ramfs/inode.o
  CC      kernel/iomem.o
  CC      net/ipv4/udp_offload.o
  AR      drivers/tty/ipwireless/built-in.a
  CC      fs/ramfs/file-mmu.o
  CC [M]  net/wireless/reg.o
  CC      drivers/tty/serial/8250/8250_port.o
  CC      drivers/gpu/drm/drm_crtc.o
  AR      fs/ramfs/built-in.a
  CC      net/bluetooth/hci_sock.o
  CC      kernel/rseq.o
  CC      net/rfkill/core.o
  CC      drivers/gpu/drm/drm_fourcc.o
  CC      net/ipv4/arp.o
  AR      kernel/built-in.a
  CC      drivers/tty/serial/8250/8250_dma.o
  CC      drivers/tty/serial/8250/8250_dwlib.o
  CC      fs/ext4/migrate.o
  CC      drivers/gpu/drm/drm_modes.o
  CC      net/rfkill/rfkill-wlan.o
  CC      net/bluetooth/hci_sysfs.o
  CC      drivers/tty/serial/serial_mctrl_gpio.o
  CC      drivers/tty/serial/8250/8250_early.o
  CC      fs/fat/cache.o
  CC [M]  net/wireless/scan.o
  CC      fs/ext4/mmp.o
  CC      net/ipv4/icmp.o
  CC      net/sysctl_net.o
  CC      drivers/tty/serial/8250/8250_fsl.o
  CC      drivers/gpu/drm/drm_displayid.o
  CC      fs/fat/dir.o
  CC      net/bluetooth/l2cap_core.o
  CC      net/rfkill/rfkill-bt.o
  CC      fs/ext4/move_extent.o
  CC      drivers/gpu/drm/drm_trace_points.o
  CC      drivers/tty/serial/8250/8250_dw.o
  AR      drivers/gpu/arm/built-in.a
  CC      drivers/base/component.o
  CC      drivers/gpu/drm/drm_prime.o
  CC      fs/ext4/namei.o
  CC      fs/fat/fatent.o
  AR      net/rfkill/built-in.a
  CC      fs/ext4/page-io.o
  CC      net/ipv4/devinet.o
  CC [M]  net/wireless/nl80211.o
  AR      drivers/tty/serial/8250/built-in.a
  AR      drivers/tty/serial/built-in.a
  AR      drivers/tty/built-in.a
  AR      drivers/block/built-in.a
  CC      net/bluetooth/l2cap_sock.o
  CC      drivers/base/core.o
  CC      drivers/gpu/drm/drm_vma_manager.o
  CC      drivers/gpu/drm/drm_modeset_lock.o
  CC      fs/exfat/inode.o
  CC      fs/fat/file.o
  CC      drivers/gpu/drm/drm_atomic.o
  CC      fs/fat/inode.o
  CC      net/ipv4/af_inet.o
  CC      fs/ext4/readpage.o
  CC      fs/exfat/namei.o
  CC [M]  net/mac80211/main.o
  CC      drivers/base/bus.o
  CC      net/bluetooth/smp.o
  CC      fs/ext4/resize.o
  CC      drivers/gpu/drm/drm_bridge.o
  CC      fs/exfat/dir.o
  CC      fs/fat/misc.o
  CC      drivers/base/dd.o
  CC      net/ipv4/igmp.o
  CC      drivers/gpu/drm/drm_framebuffer.o
  CC      fs/fat/nfs.o
  CC      fs/exfat/super.o
  CC [M]  net/mac80211/status.o
  CC      drivers/base/syscore.o
  CC      net/bluetooth/lib.o
  CC      fs/ext4/super.o
  CC      fs/fat/namei_vfat.o
  CC      fs/exfat/fatent.o
  CC      drivers/gpu/drm/drm_connector.o
  CC      drivers/base/driver.o
  CC      net/bluetooth/ecdh_helper.o
  CC [M]  net/mac80211/driver-ops.o
  CC      net/ipv4/fib_frontend.o
  CC      drivers/base/class.o
  CC      fs/exfat/cache.o
  AR      fs/fat/built-in.a
  CC [M]  net/wireless/mlme.o
  CC      net/bluetooth/hci_request.o
  CC      fs/exfat/nls.o
  CC      drivers/base/platform.o
  CC      drivers/gpu/drm/drm_blend.o
  CC [M]  net/mac80211/sta_info.o
  CC      fs/exfat/misc.o
  CC      drivers/gpu/drm/drm_encoder.o
  CC      net/bluetooth/mgmt_util.o
  CC      fs/exfat/file.o
  CC      drivers/base/cpu.o
  CC [M]  net/mac80211/wep.o
  CC      net/ipv4/fib_semantics.o
  CC      fs/ext4/symlink.o
  CC      drivers/base/firmware.o
  CC      drivers/gpu/drm/drm_mode_object.o
  CC      fs/exfat/balloc.o
  CC      drivers/base/init.o
  CC      net/bluetooth/mgmt_config.o
  CC      fs/ext4/sysfs.o
  CC [M]  net/mac80211/aead_api.o
  CC [M]  net/wireless/ibss.o
  CC      drivers/gpu/drm/drm_property.o
  CC      drivers/base/map.o
  AR      fs/exfat/built-in.a
  CC      fs/exportfs/expfs.o
  CC [M]  net/wireless/sme.o
  CC      drivers/base/devres.o
  CC [M]  net/mac80211/wpa.o
  CC      fs/ext4/xattr.o
  CC      net/bluetooth/hci_codec.o
  AR      fs/exportfs/built-in.a
  AR      drivers/misc/rk628/built-in.a
  AR      drivers/misc/rockchip/built-in.a
  AR      drivers/misc/eeprom/built-in.a
  AR      drivers/misc/cb710/built-in.a
  CC      drivers/gpu/drm/drm_plane.o
  AR      drivers/misc/ti-st/built-in.a
  AR      drivers/misc/lis3lv02d/built-in.a
  AR      drivers/misc/cardreader/built-in.a
  CC      net/ipv4/fib_trie.o
  CC      drivers/mfd/mfd-core.o
  AR      drivers/misc/built-in.a
  CC      drivers/mfd/rk808.o
  CC      drivers/base/attribute_container.o
  CC      net/bluetooth/eir.o
  CC [M]  net/mac80211/scan.o
  CC      drivers/mfd/rockchip-flexbus.o
  CC      drivers/base/transport_class.o
  CC      drivers/gpu/drm/drm_color_mgmt.o
  AR      drivers/mfd/rkx110_x120/built-in.a
  CC      drivers/gpu/drm/drm_print.o
  CC      drivers/base/topology.o
  CC [M]  net/wireless/chan.o
  CC      drivers/mfd/syscon.o
  CC      drivers/gpu/drm/drm_dumb_buffers.o
  CC      fs/ext4/xattr_hurd.o
  CC      net/bluetooth/hci_sync.o
  CC      drivers/base/container.o
  CC      net/bluetooth/sco.o
  CC      net/ipv4/fib_notifier.o
  AR      drivers/mfd/built-in.a
  CC      net/ipv4/inet_fragment.o
  CC      drivers/base/property.o
  CC      drivers/gpu/drm/drm_mode_config.o
  CC [M]  net/mac80211/offchannel.o
  CC [M]  net/wireless/ethtool.o
  CC      fs/ext4/xattr_trusted.o
  AR      drivers/nfc/built-in.a
  CC      drivers/dma-buf/dma-buf.o
  CC      drivers/gpu/drm/drm_vblank.o
  CC [M]  net/wireless/mesh.o
  CC [M]  net/mac80211/ht.o
  CC      drivers/base/cacheinfo.o
  CC      fs/ext4/xattr_user.o
  CC      fs/ext4/fast_commit.o
  CC      net/ipv4/ping.o
  CC      drivers/base/swnode.o
  CC      drivers/dma-buf/dma-fence.o
  CC      drivers/gpu/drm/drm_syncobj.o
  CC      drivers/gpu/drm/drm_lease.o
  CC [M]  net/wireless/ap.o
  CC [M]  net/mac80211/agg-tx.o
  CC      drivers/base/devtmpfs.o
  CC      drivers/dma-buf/dma-fence-array.o
  CC      net/ipv4/ip_tunnel_core.o
  CC      fs/ext4/orphan.o
  CC [M]  net/wireless/trace.o
  CC      fs/nls/nls_base.o
  CC      drivers/gpu/drm/drm_writeback.o
  CC      drivers/dma-buf/dma-fence-chain.o
  CC      net/bluetooth/iso.o
  CC      drivers/base/power/sysfs.o
  CC      fs/nls/nls_cp437.o
  CC      drivers/dma-buf/dma-fence-unwrap.o
  CC      net/ipv4/gre_offload.o
  CC      drivers/gpu/drm/drm_client.o
  CC [M]  net/wireless/ocb.o
  CC      fs/nls/nls_iso8859-1.o
  AR      fs/ext4/built-in.a
  CC      drivers/base/power/generic_ops.o
  CC      drivers/base/firmware_loader/main.o
  CC [M]  net/mac80211/agg-rx.o
  CC      drivers/dma-buf/dma-resv.o
  AR      fs/nls/built-in.a
  AR      fs/unicode/built-in.a
  CC      drivers/base/power/common.o
  CC      drivers/gpu/drm/drm_client_modeset.o
  CC      fs/ntfs3/attrib.o
  CC      net/ipv4/metrics.o
  CC      net/bluetooth/hci_debugfs.o
  CC [M]  net/wireless/pmsr.o
  CC      drivers/dma-buf/dma-heap.o
  CC      drivers/base/power/qos.o
  CC      drivers/base/firmware_loader/builtin/main.o
  CC [M]  net/mac80211/vht.o
  AR      drivers/base/firmware_loader/builtin/built-in.a
  AR      drivers/base/firmware_loader/built-in.a
  AR      drivers/cxl/core/built-in.a
  AR      drivers/cxl/built-in.a
  AR      drivers/macintosh/built-in.a
  CC      drivers/gpu/drm/drm_atomic_uapi.o
  AR      drivers/scsi/arm/built-in.a
  CC [M]  drivers/scsi/scsi.o
  CC      drivers/dma-buf/heaps/cma_heap.o
  CC      net/ipv4/netlink.o
  CC      drivers/base/power/runtime.o
  CC [M]  net/wireless/of.o
  CC      fs/ntfs3/attrlist.o
  CC      net/bluetooth/rfcomm/core.o
  AR      drivers/dma-buf/heaps/built-in.a
  CC      drivers/dma-buf/dma-buf-cache.o
  CC      net/ipv4/nexthop.o
  CC [M]  net/mac80211/he.o
  CC [M]  drivers/scsi/hosts.o
  CC [M]  net/wireless/shipped-certs.o
  CC      drivers/base/power/wakeirq.o
  CC      drivers/gpu/drm/drm_managed.o
  CC      fs/ntfs3/bitfunc.o
  CC      drivers/dma-buf/sync_file.o
  CC      drivers/base/power/main.o
  CC      fs/ntfs3/bitmap.o
  CC      drivers/gpu/drm/drm_vblank_work.o
  CC [M]  net/mac80211/s1g.o
  CC [M]  drivers/scsi/scsi_ioctl.o
  AR      drivers/dma-buf/built-in.a
  AR      net/wireless/built-in.a
  AR      drivers/nvme/host/built-in.a
  LD [M]  net/wireless/cfg80211.o
  AR      drivers/nvme/target/built-in.a
  AR      drivers/nvme/built-in.a
  CC      drivers/base/module.o
  CC      fs/ubifs/shrinker.o
  CC      net/bluetooth/rfcomm/sock.o
  CC      drivers/base/regmap/regmap.o
  CC      drivers/gpu/drm/drm_panel.o
  CC      fs/ntfs3/dir.o
  CC [M]  drivers/scsi/scsicam.o
  CC [M]  net/mac80211/ibss.o
  CC      fs/ubifs/journal.o
  CC      drivers/base/power/wakeup.o
  CC      net/ipv4/udp_tunnel_stub.o
  CC      net/bluetooth/rfcomm/tty.o
  CC      fs/ntfs3/fsntfs.o
  CC      drivers/gpu/drm/drm_of.o
  CC [M]  drivers/scsi/scsi_error.o
  CC      fs/ubifs/file.o
  CC      net/ipv4/sysctl_net_ipv4.o
  CC      drivers/base/power/wakeup_stats.o
  CC      drivers/base/regmap/regcache.o
  CC [M]  net/mac80211/iface.o
  AR      net/bluetooth/rfcomm/built-in.a
  CC      net/bluetooth/bnep/core.o
  CC      drivers/gpu/drm/drm_debugfs.o
  CC      drivers/base/power/clock_ops.o
  CC      fs/ntfs3/frecord.o
  CC      drivers/base/regmap/regcache-rbtree.o
  CC [M]  drivers/scsi/scsi_lib.o
  CC      fs/ubifs/dir.o
  CC      net/ipv4/proc.o
  AR      drivers/base/power/built-in.a
  CC      fs/debugfs/inode.o
  CC      drivers/gpu/drm/drm_debugfs_crc.o
  CC      net/bluetooth/bnep/sock.o
  CC      drivers/base/regmap/regcache-flat.o
  CC [M]  net/mac80211/link.o
  CC      drivers/gpu/drm/drm_nomodeset.o
  CC      drivers/base/regmap/regmap-debugfs.o
  CC      fs/debugfs/file.o
  CC      fs/ubifs/super.o
  CC      drivers/gpu/drm/drm_panel_orientation_quirks.o
  CC      net/ipv4/tcp_cubic.o
  CC      net/bluetooth/bnep/netdev.o
  CC      fs/ntfs3/file.o
  CC [M]  drivers/scsi/scsi_lib_dma.o
  CC      drivers/gpu/drm/drm_gem_dma_helper.o
  CC      drivers/base/regmap/regmap-i2c.o
  CC [M]  net/mac80211/rate.o
  AR      fs/debugfs/built-in.a
  CC      fs/pstore/inode.o
  CC [M]  drivers/scsi/scsi_scan.o
  AR      net/bluetooth/bnep/built-in.a
  AR      net/bluetooth/built-in.a
  CC      drivers/base/regmap/regmap-spi.o
  CC      drivers/gpu/drm/drm_fb_dma_helper.o
  CC      drivers/base/regmap/regmap-mmio.o
  AR      net/ipv4/built-in.a
  CC      drivers/base/soc.o
  CC      fs/ubifs/sb.o
  CC      fs/ntfs3/fslog.o
  CC      fs/pstore/platform.o
  CC [M]  net/mac80211/michael.o
  CC      drivers/gpu/drm/drm_bridge_connector.o
  CC      drivers/base/regmap/regmap-irq.o
  CC      drivers/base/pinctrl.o
  AR      net/built-in.a
  CC      fs/ntfs3/inode.o
  CC [M]  drivers/scsi/scsi_sysfs.o
  CC      fs/pstore/ram.o
  CC [M]  drivers/scsi/scsi_devinfo.o
  CC      fs/ubifs/io.o
  CC [M]  net/mac80211/tkip.o
  CC      drivers/gpu/drm/drm_crtc_helper.o
  CC      fs/pstore/ram_core.o
  AR      drivers/base/regmap/built-in.a
  CC      drivers/base/arch_topology.o
  CC [M]  drivers/scsi/scsi_sysctl.o
  CC      fs/ubifs/tnc.o
  CC [M]  drivers/scsi/scsi_debugfs.o
  CC [M]  net/mac80211/aes_cmac.o
  CC      fs/ntfs3/index.o
  CC      fs/ntfs3/lznt.o
  AR      drivers/base/test/built-in.a
  AR      drivers/base/built-in.a
  AR      fs/pstore/built-in.a
  CC      drivers/gpu/drm/drm_encoder_slave.o
  CC [M]  drivers/scsi/scsi_trace.o
  CC      fs/ubifs/master.o
  CC      drivers/gpu/drm/drm_flip_work.o
  CC [M]  net/mac80211/aes_gmac.o
  CC      drivers/mtd/mtdcore.o
  CC [M]  drivers/scsi/scsi_logging.o
  CC      drivers/gpu/drm/drm_probe_helper.o
  CC      drivers/gpu/drm/drm_plane_helper.o
  CC      fs/ubifs/scan.o
  CC      fs/ubifs/replay.o
  CC      drivers/spi/spi.o
  CC      fs/ntfs3/namei.o
  CC [M]  net/mac80211/fils_aead.o
  CC [M]  drivers/scsi/scsi_pm.o
  CC      fs/ntfs3/record.o
  CC      drivers/mtd/mtdsuper.o
  CC      drivers/gpu/drm/drm_atomic_helper.o
  CC      fs/ubifs/log.o
  CC [M]  drivers/scsi/scsi_common.o
  CC      drivers/spi/spi-mem.o
  CC      fs/ntfs3/run.o
  CC      drivers/mtd/mtdconcat.o
  CC      drivers/net/loopback.o
  CC [M]  net/mac80211/cfg.o
  CC [M]  drivers/scsi/sd.o
  CC      fs/ubifs/commit.o
  CC      drivers/spi/spidev.o
  CC      fs/ntfs3/super.o
  CC      drivers/mtd/mtdpart.o
  CC      drivers/gpu/drm/drm_kms_helper_common.o
  CC      drivers/net/phy/mdio-boardinfo.o
  CC      drivers/spi/spi-rockchip.o
  CC      fs/ubifs/gc.o
  AR      drivers/firewire/built-in.a
  CC [M]  net/mac80211/ethtool.o
  CC      drivers/gpu/drm/drm_simple_kms_helper.o
  CC      fs/ntfs3/upcase.o
  CC [M]  drivers/net/phy/mdio_devres.o
  CC      drivers/mtd/mtdchar.o
  CC      drivers/spi/spi-rockchip-flexbus-fspi.o
  CC      fs/ntfs3/xattr.o
  AR      drivers/scsi/built-in.a
  LD [M]  drivers/scsi/scsi_mod.o
  LD [M]  drivers/scsi/sd_mod.o
  CC      drivers/mtd/parsers/cmdlinepart.o
  CC      fs/ubifs/orphan.o
  CC      drivers/gpu/drm/drm_modeset_helper.o
  CC      drivers/gpu/drm/drm_gem_atomic_helper.o
  CC [M]  net/mac80211/rx.o
  CC [M]  drivers/net/phy/phylink.o
  AR      drivers/mtd/parsers/built-in.a
  AR      drivers/cdrom/built-in.a
  AR      drivers/net/pse-pd/built-in.a
  CC      fs/ubifs/budget.o
  CC      drivers/spi/spi-rockchip-flexbus-spi.o
  CC      drivers/mtd/mtd_blkdevs.o
  AR      fs/ntfs3/built-in.a
  CC [M]  net/mac80211/spectmgmt.o
  CC      drivers/gpu/drm/drm_gem_framebuffer_helper.o
  CC [M]  drivers/net/phy/phy.o
  AR      drivers/auxdisplay/built-in.a
  CC      drivers/usb/phy/of.o
  CC      drivers/spi/spi-rockchip-sfc.o
  CC      fs/ubifs/find.o
  CC      drivers/mtd/mtdblock.o
  CC      drivers/gpu/drm/drm_atomic_state_helper.o
  AR      drivers/net/mdio/built-in.a
  CC [M]  drivers/net/mdio/fwnode_mdio.o
  AR      drivers/usb/phy/built-in.a
  CC      drivers/usb/roles/class.o
  AR      drivers/net/pcs/built-in.a
  CC [M]  drivers/net/pcs/pcs-xpcs.o
  CC      drivers/mtd/chips/chipreg.o
  CC      drivers/spi/spi-rockchip-slave.o
  CC [M]  drivers/net/phy/phy-c45.o
  CC      fs/ubifs/tnc_commit.o
  AR      drivers/usb/roles/built-in.a
  CC [M]  drivers/usb/common/common.o
  CC [M]  drivers/net/mdio/of_mdio.o
  CC      drivers/gpu/drm/drm_damage_helper.o
  AR      drivers/mtd/chips/built-in.a
  AR      drivers/mtd/lpddr/built-in.a
  AR      drivers/mtd/maps/built-in.a
  AR      drivers/mtd/devices/built-in.a
  CC      drivers/mtd/nand/core.o
  CC [M]  net/mac80211/tx.o
  CC [M]  drivers/net/pcs/pcs-xpcs-nxp.o
  LD [M]  drivers/usb/common/usb-common.o
  AR      drivers/spi/built-in.a
  CC [M]  drivers/usb/core/usb.o
  CC      drivers/net/can/dev/skb.o
  CC      fs/ubifs/compress.o
  CC [M]  drivers/net/phy/phy-core.o
  CC      drivers/gpu/drm/drm_format_helper.o
  AR      drivers/mtd/tests/built-in.a
  CC [M]  drivers/usb/core/hub.o
  CC      drivers/mtd/nand/bbt.o
  LD [M]  drivers/net/pcs/pcs_xpcs.o
  AR      drivers/net/can/rcar/built-in.a
  CC      drivers/net/can/rockchip/rockchip_canfd.o
  CC      drivers/mtd/nand/ecc.o
  CC      fs/ubifs/lpt.o
  CC      drivers/net/can/rockchip/rk3576_canfd.o
  CC      drivers/gpu/drm/drm_self_refresh_helper.o
  CC      drivers/net/can/dev/calc_bittiming.o
  CC      drivers/mtd/nand/bbt_store.o
  CC [M]  drivers/net/phy/phy_device.o
  CC [M]  net/mac80211/key.o
  AR      drivers/mtd/nand/onenand/built-in.a
  AR      drivers/mtd/nand/raw/ingenic/built-in.a
  AR      drivers/mtd/nand/raw/built-in.a
  CC      drivers/gpu/drm/drm_rect.o
  CC      drivers/mtd/nand/spi/core.o
  CC      drivers/net/can/dev/bittiming.o
  CC      fs/ubifs/lprops.o
  AR      drivers/net/can/rockchip/built-in.a
  CC      drivers/input/input.o
  CC      drivers/gpu/drm/bridge/panel.o
  CC      drivers/mtd/nand/spi/ato.o
  CC [M]  drivers/usb/core/hcd.o
  CC      drivers/net/can/dev/dev.o
  CC      drivers/gpu/drm/drm_fb_helper.o
  CC [M]  drivers/net/phy/linkmode.o
  CC      drivers/input/input-compat.o
  CC      fs/ubifs/recovery.o
  CC [M]  net/mac80211/util.o
  CC      drivers/mtd/nand/spi/biwin.o
  AR      drivers/net/ethernet/microsoft/built-in.a
  AR      drivers/net/ethernet/stmicro/built-in.a
  CC [M]  drivers/net/phy/mdio_bus.o
  CC      drivers/input/input-mt.o
  CC [M]  drivers/net/ethernet/stmicro/stmmac/stmmac_main.o
  CC      drivers/net/can/dev/length.o
  CC      drivers/mtd/nand/spi/dosilicon.o
  CC      drivers/gpu/drm/drm_mipi_dsi.o
  CC      fs/ubifs/ioctl.o
  CC [M]  drivers/usb/core/urb.o
  CC      drivers/input/input-poller.o
  CC      drivers/net/can/dev/netlink.o
  CC [M]  drivers/net/phy/mdio_device.o
  CC      drivers/mtd/nand/spi/esmt.o
  AR      drivers/gpu/drm/arm/built-in.a
  AR      drivers/gpu/drm/display/built-in.a
  CC      fs/ubifs/lpt_commit.o
  CC      drivers/gpu/drm/rockchip/rockchip_drm_drv.o
  CC [M]  drivers/usb/core/message.o
  CC      drivers/input/ff-core.o
  CC      drivers/mtd/nand/spi/etron.o
  CC [M]  drivers/net/phy/swphy.o
  CC      drivers/input/touchscreen.o
  AR      drivers/net/can/dev/built-in.a
  AR      drivers/net/can/spi/mcp251xfd/built-in.a
  AR      drivers/net/can/spi/built-in.a
  AR      drivers/net/can/usb/built-in.a
  AR      drivers/net/can/softing/built-in.a
  AR      drivers/net/can/built-in.a
  CC [M]  drivers/net/ethernet/stmicro/stmmac/stmmac_mdio.o
  CC      drivers/input/input-leds.o
  CC [M]  drivers/net/phy/ax88796b.o
  CC      drivers/mtd/nand/spi/fmsh.o
  CC      fs/ubifs/tnc_misc.o
  CC [M]  drivers/usb/core/driver.o
  CC [M]  net/mac80211/wme.o
  CC      drivers/gpu/drm/rockchip/rockchip_drm_fb.o
  CC      drivers/input/evdev.o
  CC      drivers/mtd/nand/spi/foresee.o
  CC      drivers/input/keyboard/adc-keys.o
  CC [M]  drivers/net/phy/fixed_phy.o
  CC      fs/ubifs/debug.o
  CC      drivers/input/keyboard/gpio_keys.o
  CC      drivers/gpu/drm/rockchip/rockchip_drm_gem.o
  CC [M]  net/mac80211/chan.o
  CC      drivers/mtd/nand/spi/gigadevice.o
  CC [M]  drivers/usb/core/config.o
  CC [M]  drivers/net/phy/motorcomm.o
  CC      drivers/input/touchscreen/edt-ft5x06.o
  CC      drivers/mtd/nand/spi/gsto.o
  CC [M]  drivers/net/ethernet/stmicro/stmmac/dwmac_lib.o
  AR      drivers/input/keyboard/built-in.a
  CC      drivers/input/touchscreen/goodix.o
  CC      fs/ubifs/misc.o
  CC      drivers/mtd/nand/spi/hiksemi.o
  CC [M]  drivers/usb/core/file.o
  CC      drivers/gpu/drm/rockchip/rockchip_drm_logo.o
  AR      drivers/net/phy/built-in.a
  LD [M]  drivers/net/phy/libphy.o
  CC [M]  drivers/net/ethernet/stmicro/stmmac/mmc_core.o
  CC      drivers/rtc/lib.o
  CC [M]  drivers/net/ethernet/stmicro/stmmac/stmmac_hwtstamp.o
  CC [M]  net/mac80211/trace.o
  CC [M]  drivers/usb/core/buffer.o
  CC      drivers/mtd/nand/spi/hyf.o
  CC      fs/ubifs/sysfs.o
  CC      drivers/input/touchscreen/goodix_fwupload.o
  CC      drivers/rtc/class.o
  CC      fs/ubifs/xattr.o
  AR      drivers/gpu/drm/rcar-du/built-in.a
  CC [M]  drivers/usb/core/sysfs.o
  CC      drivers/input/sensors/lsensor/ls_stk3332.o
  CC [M]  net/mac80211/mlme.o
  CC      drivers/mtd/nand/spi/jsc.o
  CC      drivers/gpu/drm/rockchip/rockchip_drm_clk.o
  CC [M]  drivers/net/ethernet/stmicro/stmmac/stmmac_ptp.o
  CC      drivers/input/touchscreen/gslx680_pad.o
  CC      drivers/rtc/interface.o
  CC      drivers/mtd/nand/spi/macronix.o
  AR      drivers/input/sensors/lsensor/built-in.a
  CC      drivers/input/sensors/psensor/ps_stk3332.o
  AR      fs/ubifs/built-in.a
  AR      fs/built-in.a
  CC      drivers/gpu/drm/rockchip/rockchip_drm_fbdev.o
  CC [M]  drivers/usb/core/endpoint.o
  AR      drivers/gpu/drm/omapdrm/built-in.a
  CC      drivers/net/ppp/ppp_generic.o
  CC [M]  drivers/net/ethernet/stmicro/stmmac/dwmac4_descs.o
  CC      drivers/mtd/nand/spi/micron.o
  CC      drivers/rtc/nvmem.o
  CC [M]  drivers/usb/core/devio.o
  AR      drivers/input/sensors/psensor/built-in.a
  CC      drivers/input/sensors/sensor-i2c.o
  CC      drivers/gpu/drm/rockchip/rockchip_drm_vop.o
  CC      drivers/input/touchscreen/gsl_point_id.o
  CC      drivers/mtd/nand/spi/paragon.o
  CC      drivers/rtc/dev.o
  CC [M]  drivers/net/ethernet/stmicro/stmmac/dwmac4_dma.o
  CC      drivers/input/sensors/sensor-dev.o
  CC      drivers/mtd/nand/spi/silicongo.o
  CC      drivers/rtc/proc.o
  CC [M]  drivers/net/ethernet/stmicro/stmmac/dwmac4_lib.o
  CC      drivers/net/ppp/ppp_async.o
  CC      drivers/mtd/nand/spi/skyhigh.o
  CC      drivers/rtc/sysfs.o
  CC [M]  drivers/usb/core/notify.o
  CC      drivers/input/touchscreen/gt1x/gt1x_extents.o
  CC [M]  net/mac80211/tdls.o
  CC [M]  drivers/net/ethernet/stmicro/stmmac/dwmac4_core.o
  CC [M]  drivers/usb/core/generic.o
  AR      drivers/input/sensors/built-in.a
  CC      drivers/mtd/nand/spi/toshiba.o
  CC [M]  drivers/usb/core/quirks.o
  CC      drivers/rtc/rtc-hym8563.o
  CC      drivers/input/touchscreen/gt1x/gt1x_generic.o
  CC      drivers/net/ppp/bsd_comp.o
  CC      drivers/mtd/nand/spi/unim.o
  CC      drivers/mtd/spi-nor/core.o
  CC      drivers/net/ppp/ppp_deflate.o
  CC [M]  drivers/usb/core/devices.o
  CC      drivers/rtc/rtc-pcf8563.o
  CC      drivers/input/touchscreen/gt1x/gt1x_tools.o
  CC [M]  drivers/net/ethernet/stmicro/stmmac/hwif.o
  CC      drivers/net/ppp/ppp_synctty.o
  CC      drivers/mtd/nand/spi/winbond.o
  CC [M]  net/mac80211/ocb.o
  CC [M]  drivers/usb/core/phy.o
  CC      drivers/mtd/nand/spi/xincun.o
  CC      drivers/input/touchscreen/gt1x/gt1x.o
  AR      drivers/rtc/built-in.a
  CC [M]  drivers/net/ethernet/stmicro/stmmac/stmmac_tc.o
  CC      drivers/i2c/i2c-boardinfo.o
  AR      drivers/net/ppp/built-in.a
  CC [M]  drivers/usb/core/port.o
  CC      drivers/mtd/spi-nor/sfdp.o
  CC [M]  drivers/usb/dwc2/core.o
  CC      drivers/mtd/nand/spi/xtx.o
  CC      drivers/gpu/drm/rockchip/rockchip_vop_reg.o
  CC [M]  net/mac80211/airtime.o
  CC      drivers/input/touchscreen/gt1x/gt1x_update.o
  CC      drivers/i2c/i2c-core-base.o
  CC [M]  drivers/usb/core/of.o
  CC      drivers/mtd/nand/spi/zbit.o
  CC      drivers/mtd/spi-nor/swp.o
  CC [M]  drivers/usb/dwc2/core_intr.o
  CC [M]  drivers/net/ethernet/stmicro/stmmac/stmmac_xdp.o
  CC      drivers/gpu/drm/rockchip/dw-mipi-dsi-rockchip.o
  LD [M]  drivers/usb/core/usbcore.o
  CC      drivers/input/misc/rk805-pwrkey.o
  AR      drivers/input/touchscreen/gt1x/built-in.a
  AR      drivers/input/touchscreen/built-in.a
  AR      drivers/gpu/drm/tilcdc/built-in.a
  AR      drivers/mtd/nand/spi/built-in.a
  AR      drivers/mtd/nand/built-in.a
  AR      drivers/i3c/built-in.a
  CC      drivers/mtd/ubi/vtbl.o
  CC      drivers/net/slip/slhc.o
  CC      drivers/mtd/spi-nor/otp.o
  CC      drivers/i2c/i2c-core-smbus.o
  CC [M]  drivers/usb/dwc2/platform.o
  CC [M]  drivers/net/ethernet/stmicro/stmmac/ring_mode.o
  AR      drivers/input/misc/built-in.a
  AR      drivers/input/built-in.a
  AR      drivers/gpu/drm/imx/built-in.a
  CC [M]  net/mac80211/eht.o
  CC      drivers/mtd/spi-nor/sysfs.o
  CC      drivers/mtd/ubi/vmt.o
  CC      drivers/mtd/ubi/upd.o
  CC      drivers/gpu/drm/rockchip/rockchip_rgb.o
  AR      drivers/net/slip/built-in.a
  CC      drivers/i2c/i2c-core-of.o
  CC [M]  drivers/usb/host/ehci-hcd.o
  CC [M]  drivers/net/ethernet/stmicro/stmmac/chain_mode.o
  CC [M]  drivers/usb/dwc2/drd.o
  CC      drivers/mtd/spi-nor/atmel.o
  AR      drivers/media/i2c/built-in.a
  CC      drivers/mtd/ubi/build.o
  AR      drivers/media/tuners/built-in.a
  CC      drivers/media/mc/mc-device.o
  CC [M]  net/mac80211/pm.o
  CC      drivers/i2c/i2c-dev.o
  CC [M]  drivers/usb/dwc2/params.o
  AR      drivers/gpu/drm/rockchip/built-in.a
  CC      drivers/mtd/spi-nor/boya.o
  CC [M]  drivers/net/ethernet/stmicro/stmmac/dwmac1000_core.o
  AR      drivers/gpu/drm/i2c/built-in.a
  CC      drivers/gpu/drm/panel/panel-simple.o
  CC      drivers/mtd/ubi/cdev.o
  CC      drivers/media/mc/mc-devnode.o
  CC      drivers/mtd/spi-nor/catalyst.o
  CC [M]  net/mac80211/rc80211_minstrel_ht.o
  CC      drivers/i2c/i2c-mux.o
  CC [M]  drivers/usb/dwc2/hcd.o
  CC [M]  drivers/net/ethernet/stmicro/stmmac/dwmac1000_dma.o
  CC      drivers/media/mc/mc-entity.o
  CC      drivers/mtd/spi-nor/dosilicon.o
  CC      drivers/mtd/ubi/kapi.o
  AR      drivers/gpu/drm/panel/built-in.a
  CC      drivers/gpu/drm/bridge/sii902x.o
  CC      drivers/i2c/algos/i2c-algo-bit.o
  CC      drivers/mtd/spi-nor/eon.o
  CC [M]  drivers/net/ethernet/stmicro/stmmac/dwmac100_core.o
  CC      drivers/mtd/ubi/eba.o
  CC      drivers/media/mc/mc-request.o
  CC [M]  drivers/usb/class/cdc-wdm.o
  CC      drivers/mtd/spi-nor/esmt.o
  AR      drivers/gpu/drm/bridge/analogix/built-in.a
  AR      drivers/gpu/drm/bridge/cadence/built-in.a
  AR      drivers/i2c/algos/built-in.a
  AR      drivers/gpu/drm/bridge/imx/built-in.a
  CC      drivers/i2c/busses/i2c-gpio.o
  CC      drivers/gpu/drm/bridge/synopsys/dw-mipi-dsi.o
  LD [M]  net/mac80211/mac80211.o
  CC      drivers/media/mc/mc-dev-allocator.o
  CC [M]  drivers/net/ethernet/stmicro/stmmac/dwmac100_dma.o
  CC      drivers/mtd/spi-nor/everspin.o
  CC      drivers/mtd/spi-nor/fmsh.o
  CC [M]  drivers/usb/dwc2/hcd_intr.o
  CC      drivers/i2c/busses/i2c-rk3x.o
  CC      drivers/mtd/ubi/io.o
  AR      drivers/media/mc/built-in.a
  CC      drivers/pps/pps.o
  CC      drivers/media/v4l2-core/v4l2-async.o
  AR      drivers/net/wireless/built-in.a
  CC      drivers/pps/kapi.o
  CC      drivers/mtd/spi-nor/fujitsu.o
  AR      drivers/gpu/drm/bridge/synopsys/built-in.a
  AR      drivers/gpu/drm/bridge/built-in.a
  CC [M]  drivers/net/ethernet/stmicro/stmmac/enh_desc.o
  AR      drivers/gpu/drm/hisilicon/built-in.a
  AR      drivers/gpu/drm/mxsfb/built-in.a
  AR      drivers/gpu/drm/tiny/built-in.a
  AR      drivers/gpu/drm/xlnx/built-in.a
  AR      drivers/gpu/drm/gud/built-in.a
  AR      drivers/gpu/drm/solomon/built-in.a
  AR      drivers/gpu/drm/built-in.a
  AR      drivers/gpu/built-in.a
  CC      drivers/mtd/spi-nor/gigadevice.o
  CC [M]  drivers/usb/dwc2/hcd_queue.o
  CC      drivers/pps/sysfs.o
  AR      drivers/i2c/muxes/built-in.a
  CC      drivers/mtd/ubi/wl.o
  CC [M]  drivers/usb/storage/scsiglue.o
  CC [M]  drivers/usb/storage/protocol.o
  AR      drivers/i2c/busses/built-in.a
  AR      drivers/i2c/built-in.a
  CC      drivers/media/v4l2-core/v4l2-fwnode.o
  CC      drivers/mtd/spi-nor/intel.o
  AR      drivers/pps/clients/built-in.a
  AR      drivers/pps/generators/built-in.a
  AR      drivers/pps/built-in.a
  CC [M]  drivers/net/mii.o
  CC [M]  drivers/net/ethernet/stmicro/stmmac/norm_desc.o
  CC [M]  drivers/usb/serial/usb-serial.o
  CC [M]  drivers/usb/dwc2/hcd_ddma.o
  CC [M]  drivers/usb/storage/transport.o
  CC      drivers/mtd/spi-nor/issi.o
  CC [M]  drivers/usb/dwc2/gadget.o
  CC      drivers/mtd/ubi/attach.o
  CC [M]  drivers/net/ethernet/stmicro/stmmac/dwmac5.o
  CC      drivers/media/v4l2-core/v4l2-dv-timings.o
  CC [M]  drivers/net/usb/asix_devices.o
  CC      drivers/mtd/spi-nor/macronix.o
  CC [M]  drivers/usb/serial/generic.o
  CC [M]  drivers/usb/storage/usb.o
  AR      drivers/media/rc/keymaps/built-in.a
  AR      drivers/media/rc/built-in.a
  CC      drivers/ptp/ptp_clock.o
  CC      drivers/mtd/ubi/misc.o
  CC      drivers/media/v4l2-core/v4l2-dev.o
  CC      drivers/mtd/spi-nor/micron-st.o
  CC [M]  drivers/net/ethernet/stmicro/stmmac/dwxgmac2_core.o
  CC [M]  drivers/usb/serial/bus.o
  CC [M]  drivers/net/usb/asix_common.o
  CC      drivers/mtd/ubi/debug.o
  CC      drivers/mtd/spi-nor/normem.o
  CC [M]  drivers/usb/storage/initializers.o
  CC      drivers/ptp/ptp_chardev.o
  CC [M]  drivers/usb/dwc2/debugfs.o
  CC [M]  drivers/usb/serial/option.o
  CC      drivers/mtd/spi-nor/puya.o
  CC [M]  drivers/usb/storage/sierra_ms.o
  CC      drivers/mtd/ubi/block.o
  CC      drivers/media/v4l2-core/v4l2-ioctl.o
  CC      drivers/ptp/ptp_sysfs.o
  CC [M]  drivers/net/ethernet/stmicro/stmmac/dwxgmac2_dma.o
  CC [M]  drivers/net/usb/ax88172a.o
  CC [M]  drivers/usb/serial/qcserial.o
  LD [M]  drivers/usb/dwc2/dwc2.o
  CC      drivers/power/reset/reboot-mode.o
  CC      drivers/mtd/spi-nor/spansion.o
  CC [M]  drivers/usb/storage/option_ms.o
  AR      drivers/mtd/ubi/built-in.a
  AR      drivers/media/common/b2c2/built-in.a
  AR      drivers/media/common/siano/built-in.a
  AR      drivers/media/common/v4l2-tpg/built-in.a
  CC      drivers/media/common/videobuf2/videobuf2-core.o
  CC      drivers/power/reset/syscon-reboot-mode.o
  CC      drivers/ptp/ptp_vclock.o
  CC [M]  drivers/net/ethernet/stmicro/stmmac/dwxgmac2_descs.o
  CC [M]  drivers/usb/serial/usb_wwan.o
  CC [M]  drivers/usb/storage/usual-tables.o
  AR      drivers/power/reset/built-in.a
  CC      drivers/mtd/spi-nor/sst.o
  CC [M]  drivers/net/usb/ax88179_178a.o
  CC      drivers/power/supply/power_supply_core.o
  LD [M]  drivers/usb/storage/usb-storage.o
  AR      drivers/media/platform/allegro-dvt/built-in.a
  AR      drivers/ptp/built-in.a
  AR      drivers/media/platform/amlogic/meson-ge2d/built-in.a
  AR      drivers/media/platform/amlogic/built-in.a
  AR      drivers/media/platform/amphion/built-in.a
  CC      drivers/media/v4l2-core/v4l2-device.o
  AR      drivers/media/platform/aspeed/built-in.a
  AR      drivers/media/platform/atmel/built-in.a
  AR      drivers/media/platform/cadence/built-in.a
  AR      drivers/media/platform/chips-media/built-in.a
  LD [M]  drivers/usb/serial/usbserial.o
  AR      drivers/media/platform/intel/built-in.a
  AR      drivers/media/platform/marvell/built-in.a
  AR      drivers/media/platform/mediatek/jpeg/built-in.a
  CC [M]  drivers/usb/gadget/usbstring.o
  AR      drivers/media/platform/mediatek/mdp/built-in.a
  AR      drivers/media/platform/mediatek/vcodec/built-in.a
  AR      drivers/media/platform/nvidia/tegra-vde/built-in.a
  AR      drivers/media/platform/nvidia/built-in.a
  AR      drivers/media/platform/mediatek/vpu/built-in.a
  AR      drivers/media/platform/mediatek/mdp3/built-in.a
  AR      drivers/media/platform/nxp/dw100/built-in.a
  AR      drivers/media/platform/mediatek/built-in.a
  AR      drivers/media/platform/nxp/imx-jpeg/built-in.a
  AR      drivers/media/platform/nxp/built-in.a
  CC      drivers/media/common/videobuf2/frame_vector.o
  AR      drivers/media/platform/qcom/camss/built-in.a
  CC [M]  drivers/net/ethernet/stmicro/stmmac/stmmac_ethtool.o
  AR      drivers/media/platform/qcom/venus/built-in.a
  AR      drivers/media/platform/qcom/built-in.a
  AR      drivers/media/platform/renesas/rcar-vin/built-in.a
  AR      drivers/media/platform/renesas/vsp1/built-in.a
  AR      drivers/media/platform/renesas/built-in.a
  AR      drivers/media/platform/rockchip/cif/built-in.a
  CC      drivers/power/supply/power_supply_sysfs.o
  CC      drivers/mtd/spi-nor/winbond.o
  CC      drivers/media/platform/rockchip/flexbus_cif/dev.o
  CC [M]  drivers/usb/gadget/config.o
  CC      drivers/media/v4l2-core/v4l2-fh.o
  CC      drivers/thermal/thermal_core.o
  CC      drivers/power/supply/power_supply_leds.o
  CC      drivers/media/common/videobuf2/videobuf2-cma-sg.o
  CC [M]  drivers/net/usb/cdc_ether.o
  CC      drivers/mtd/spi-nor/xilinx.o
  AR      drivers/power/supply/built-in.a
  AR      drivers/power/built-in.a
  CC      drivers/watchdog/watchdog_core.o
  CC      drivers/media/v4l2-core/v4l2-event.o
  CC [M]  drivers/usb/gadget/epautoconf.o
  CC      drivers/media/platform/rockchip/flexbus_cif/capture.o
  CC [M]  drivers/net/ethernet/stmicro/stmmac/stmmac_platform.o
  CC      drivers/media/common/videobuf2/videobuf2-memops.o
  CC [M]  drivers/net/usb/net1080.o
  CC      drivers/mtd/spi-nor/xmc.o
  CC      drivers/thermal/thermal_sysfs.o
  CC      drivers/watchdog/watchdog_dev.o
  CC [M]  drivers/usb/gadget/composite.o
  CC      drivers/media/v4l2-core/v4l2-subdev.o
  CC      drivers/media/common/videobuf2/videobuf2-v4l2.o
  CC      drivers/mtd/spi-nor/xtx.o
  CC      drivers/thermal/thermal_helpers.o
  CC [M]  drivers/net/usb/rndis_host.o
  CC [M]  drivers/net/ethernet/stmicro/stmmac/dwmac-rk.o
  CC      drivers/watchdog/dw_wdt.o
  CC      drivers/mtd/spi-nor/debugfs.o
  CC      drivers/thermal/thermal_of.o
  CC      drivers/media/platform/rockchip/flexbus_cif/procfs.o
  CC      drivers/media/common/videobuf2/videobuf2-vmalloc.o
  AR      drivers/watchdog/built-in.a
  CC      drivers/media/platform/rockchip/flexbus_cif/common.o
  CC      drivers/media/v4l2-core/v4l2-common.o
  CC [M]  drivers/net/usb/cdc_subset.o
  AR      drivers/mtd/spi-nor/controllers/built-in.a
  AR      drivers/mtd/spi-nor/built-in.a
  AR      drivers/mtd/built-in.a
  CC [M]  drivers/usb/gadget/functions.o
  AR      drivers/media/platform/samsung/exynos-gsc/built-in.a
  AR      drivers/media/platform/samsung/exynos4-is/built-in.a
  AR      drivers/media/platform/samsung/s3c-camif/built-in.a
  AR      drivers/media/platform/samsung/s5p-g2d/built-in.a
  AR      drivers/media/platform/samsung/s5p-jpeg/built-in.a
  CC      drivers/thermal/gov_step_wise.o
  AR      drivers/media/platform/samsung/s5p-mfc/built-in.a
  AR      drivers/media/platform/samsung/built-in.a
  AR      drivers/media/platform/rockchip/isp1/built-in.a
  AR      drivers/media/platform/rockchip/isp/built-in.a
  AR      drivers/media/platform/rockchip/ispp/built-in.a
  CC [M]  drivers/net/ethernet/stmicro/stmmac/dwmac-rk-tool.o
  CC [M]  drivers/net/usb/zaurus.o
  CC      drivers/thermal/gov_user_space.o
  CC [M]  drivers/net/usb/usbnet.o
  AR      drivers/media/platform/rockchip/flexbus_cif/built-in.a
  CC [M]  drivers/usb/gadget/configfs.o
  AR      drivers/media/platform/rockchip/hdmirx/built-in.a
  AR      drivers/media/common/videobuf2/built-in.a
  AR      drivers/media/common/built-in.a
  AR      drivers/media/platform/rockchip/rga/built-in.a
  AR      drivers/media/platform/rockchip/rkisp1/built-in.a
  AR      drivers/media/pci/b2c2/built-in.a
  AR      drivers/media/platform/rockchip/vpss/built-in.a
  AR      drivers/media/pci/pluto2/built-in.a
  AR      drivers/media/platform/rockchip/built-in.a
  CC      drivers/media/v4l2-core/v4l2-ctrls-core.o
  AR      drivers/media/pci/dm1105/built-in.a
  AR      drivers/media/platform/st/sti/bdisp/built-in.a
  AR      drivers/media/pci/pt1/built-in.a
  AR      drivers/media/platform/st/sti/c8sectpfe/built-in.a
  AR      drivers/media/platform/st/sti/delta/built-in.a
  AR      drivers/media/pci/pt3/built-in.a
  AR      drivers/media/platform/st/sti/hva/built-in.a
  AR      drivers/media/pci/mantis/built-in.a
  AR      drivers/media/platform/st/stm32/built-in.a
  AR      drivers/media/pci/ngene/built-in.a
  AR      drivers/media/platform/st/built-in.a
  AR      drivers/media/pci/ddbridge/built-in.a
  AR      drivers/media/platform/sunxi/sun4i-csi/built-in.a
  AR      drivers/media/pci/smipcie/built-in.a
  AR      drivers/media/platform/sunxi/sun6i-csi/built-in.a
  AR      drivers/media/pci/netup_unidvb/built-in.a
  AR      drivers/media/platform/sunxi/sun6i-mipi-csi2/built-in.a
  AR      drivers/media/pci/intel/ipu3/built-in.a
  AR      drivers/media/platform/sunxi/sun8i-a83t-mipi-csi2/built-in.a
  CC      drivers/media/v4l2-core/v4l2-ctrls-api.o
  AR      drivers/media/pci/intel/built-in.a
  AR      drivers/media/pci/built-in.a
  AR      drivers/media/platform/sunxi/sun8i-di/built-in.a
  CC      drivers/thermal/cpufreq_cooling.o
  AR      drivers/media/platform/sunxi/sun8i-rotate/built-in.a
  AR      drivers/media/platform/sunxi/built-in.a
  LD [M]  drivers/net/ethernet/stmicro/stmmac/stmmac.o
  AR      drivers/media/platform/ti/am437x/built-in.a
  AR      drivers/media/platform/ti/cal/built-in.a
  AR      drivers/media/platform/ti/vpe/built-in.a
  AR      drivers/bluetooth/built-in.a
  AR      drivers/media/platform/ti/davinci/built-in.a
  CC [M]  drivers/bluetooth/btusb.o
  AR      drivers/media/platform/ti/omap/built-in.a
  AR      drivers/media/platform/ti/omap3isp/built-in.a
  AR      drivers/media/platform/ti/built-in.a
  AR      drivers/media/platform/verisilicon/built-in.a
  AR      drivers/media/platform/via/built-in.a
  AR      drivers/media/platform/xilinx/built-in.a
  AR      drivers/media/platform/built-in.a
  CC [M]  drivers/usb/gadget/u_f.o
  CC [M]  drivers/net/usb/cdc_ncm.o
  CC      drivers/thermal/devfreq_cooling.o
  AR      drivers/thermal/broadcom/built-in.a
  CC [M]  drivers/bluetooth/btintel.o
  LD [M]  drivers/net/ethernet/stmicro/stmmac/stmmac-platform.o
  LD [M]  drivers/net/ethernet/stmicro/stmmac/dwmac-rockchip.o
  AR      drivers/net/ethernet/built-in.a
  CC      drivers/media/v4l2-core/v4l2-ctrls-request.o
  CC      drivers/thermal/rockchip_thermal.o
  CC [M]  drivers/usb/gadget/udc/core.o
  CC      drivers/opp/core.o
  CC [M]  drivers/net/usb/qmi_wwan.o
  CC [M]  drivers/net/usb/r8153_ecm.o
  AR      drivers/thermal/samsung/built-in.a
  AR      drivers/media/usb/b2c2/built-in.a
  AR      drivers/media/usb/dvb-usb/built-in.a
  AR      drivers/media/usb/dvb-usb-v2/built-in.a
  CC [M]  drivers/usb/gadget/function/u_ether.o
  AR      drivers/media/usb/s2255/built-in.a
  AR      drivers/media/usb/siano/built-in.a
  AR      drivers/media/usb/ttusb-budget/built-in.a
  AR      drivers/media/usb/ttusb-dec/built-in.a
  AR      drivers/media/usb/built-in.a
  CC      drivers/media/v4l2-core/v4l2-ctrls-defs.o
  AR      drivers/thermal/intel/built-in.a
  CC      drivers/cpufreq/cpufreq.o
  AR      drivers/thermal/st/built-in.a
  AR      drivers/thermal/qcom/built-in.a
  AR      drivers/thermal/tegra/built-in.a
  AR      drivers/thermal/built-in.a
  CC [M]  drivers/usb/gadget/udc/trace.o
  CC      drivers/cpuidle/cpuidle.o
  CC      drivers/cpuidle/driver.o
  AR      drivers/net/built-in.a
  CC [M]  drivers/usb/gadget/function/f_rndis.o
  LD [M]  drivers/usb/gadget/udc/udc-core.o
  CC      drivers/opp/cpu.o
  LD [M]  drivers/net/usb/asix.o
  AR      drivers/media/mmc/siano/built-in.a
  AR      drivers/media/mmc/built-in.a
  CC      drivers/cpufreq/freq_table.o
  CC      drivers/media/v4l2-core/v4l2-mc.o
  CC      drivers/mmc/core/core.o
  CC [M]  drivers/usb/gadget/function/rndis.o
  CC      drivers/opp/of.o
  LD [M]  drivers/usb/gadget/libcomposite.o
  AR      drivers/media/firewire/built-in.a
  CC      drivers/cpuidle/governor.o
  AR      drivers/ufs/built-in.a
  CC      drivers/mmc/core/bus.o
  CC      drivers/mmc/host/dw_mmc.o
  CC      drivers/opp/debugfs.o
  CC      drivers/cpuidle/sysfs.o
  CC      drivers/cpufreq/cpufreq_performance.o
  CC      drivers/media/v4l2-core/v4l2-spi.o
  AR      drivers/media/spi/built-in.a
  CC [M]  drivers/usb/gadget/function/f_fs.o
  CC      drivers/media/v4l2-core/v4l2-i2c.o
  CC      drivers/leds/led-core.o
  CC      drivers/cpufreq/cpufreq_userspace.o
  AR      drivers/opp/built-in.a
  CC      drivers/mmc/host/dw_mmc-pltfm.o
  CC      drivers/cpuidle/governors/menu.o
  CC      drivers/mmc/core/host.o
  CC      drivers/leds/led-class.o
  AR      drivers/media/test-drivers/built-in.a
  AR      drivers/media/radio/built-in.a
  CC      drivers/mmc/host/dw_mmc-rockchip.o
  CC      drivers/cpufreq/cpufreq_ondemand.o
  AR      drivers/media/v4l2-core/built-in.a
  CC      drivers/cpuidle/dt_idle_states.o
  AR      drivers/media/built-in.a
  CC      drivers/mmc/core/mmc.o
  AR      drivers/cpuidle/governors/built-in.a
  CC      drivers/leds/led-triggers.o
  CC      drivers/cpuidle/cpuidle-arm.o
  CC      drivers/cpufreq/cpufreq_governor.o
  CC      drivers/mmc/core/mmc_ops.o
  CC      drivers/firmware/rockchip_sip.o
  CC      drivers/leds/leds-gpio.o
  CC      drivers/cpufreq/cpufreq_governor_attr_set.o
  AR      drivers/mmc/host/built-in.a
  AR      drivers/firmware/arm_ffa/built-in.a
  AR      drivers/firmware/arm_scmi/built-in.a
  CC      drivers/mmc/core/sd.o
  AR      drivers/cpuidle/built-in.a
  AR      drivers/crypto/xilinx/built-in.a
  AR      drivers/crypto/hisilicon/built-in.a
  AR      drivers/crypto/keembay/built-in.a
  AR      drivers/crypto/built-in.a
  CC      drivers/leds/trigger/ledtrig-heartbeat.o
  LD [M]  drivers/usb/gadget/function/usb_f_rndis.o
  LD [M]  drivers/usb/gadget/function/usb_f_fs.o
  AR      drivers/usb/built-in.a
  AR      drivers/firmware/broadcom/built-in.a
  CC      drivers/mmc/core/sd_ops.o
  AR      drivers/firmware/cirrus/built-in.a
  CC      drivers/cpufreq/cpufreq-dt.o
  CC      drivers/clocksource/timer-of.o
  AR      drivers/firmware/meson/built-in.a
  CC      drivers/mmc/core/sdio.o
  AR      drivers/leds/trigger/built-in.a
  AR      drivers/leds/blink/built-in.a
  AR      drivers/leds/simple/built-in.a
  AR      drivers/leds/built-in.a
  AR      drivers/firmware/efi/built-in.a
  AR      drivers/firmware/imx/built-in.a
  CC      drivers/clocksource/timer-probe.o
  CC      drivers/mmc/core/sdio_ops.o
  CC      drivers/hid/hid-core.o
  CC      drivers/firmware/psci/psci.o
  CC      drivers/cpufreq/rockchip-cpufreq.o
  CC      drivers/hid/hid-input.o
  CC      drivers/mmc/core/sdio_bus.o
  CC      drivers/clocksource/mmio.o
  CC      drivers/firmware/smccc/smccc.o
  CC      drivers/of/base.o
  CC      drivers/clocksource/timer-rockchip.o
  CC      drivers/mmc/core/sdio_cis.o
  AR      drivers/firmware/psci/built-in.a
  CC      drivers/firmware/smccc/kvm_guest.o
  CC      drivers/hid/hid-quirks.o
  CC      drivers/firmware/smccc/soc_id.o
  AR      drivers/cpufreq/built-in.a
  AR      drivers/staging/media/deprecated/vpfe_capture/built-in.a
  CC      drivers/clocksource/arm_arch_timer.o
  AR      drivers/staging/media/deprecated/saa7146/common/built-in.a
  AR      drivers/staging/media/deprecated/saa7146/av7110/built-in.a
  AR      drivers/staging/media/deprecated/saa7146/saa7146/built-in.a
  AR      drivers/staging/media/deprecated/saa7146/ttpci/built-in.a
  AR      drivers/staging/media/deprecated/saa7146/built-in.a
  AR      drivers/staging/media/built-in.a
  CC      drivers/mmc/core/sdio_io.o
  AR      drivers/staging/iio/accel/built-in.a
  AR      drivers/staging/iio/adc/built-in.a
  CC      drivers/mmc/core/sdio_irq.o
  AR      drivers/staging/iio/addac/built-in.a
  AR      drivers/staging/iio/frequency/built-in.a
  AR      drivers/staging/iio/impedance-analyzer/built-in.a
  AR      drivers/staging/iio/meter/built-in.a
  AR      drivers/staging/iio/resolver/built-in.a
  AR      drivers/staging/iio/built-in.a
  AR      drivers/platform/built-in.a
  CC      drivers/clocksource/dummy_timer.o
  AR      drivers/staging/built-in.a
  AR      drivers/firmware/tegra/built-in.a
  AR      drivers/firmware/smccc/built-in.a
  CC      drivers/hid/hid-debug.o
  AR      drivers/firmware/xilinx/built-in.a
  AR      drivers/firmware/built-in.a
  CC      drivers/mailbox/mailbox.o
  CC      drivers/mmc/core/slot-gpio.o
  CC      drivers/of/device.o
  CC      drivers/hid/hid-generic.o
  CC      drivers/rpmsg/rpmsg_core.o
  CC      drivers/mailbox/rockchip-mailbox.o
  CC      drivers/devfreq/devfreq.o
  CC      drivers/of/platform.o
  CC      drivers/mmc/core/regulator.o
  AR      drivers/clocksource/built-in.a
  CC      drivers/extcon/extcon.o
  CC      drivers/rpmsg/rpmsg_char.o
  CC      drivers/devfreq/governor_simpleondemand.o
  CC [M]  drivers/hid/usbhid/hid-core.o
  CC      drivers/mmc/core/pwrseq.o
  AR      drivers/mailbox/built-in.a
  CC      drivers/memory/pl353-smc.o
  CC      drivers/extcon/devres.o
  CC      drivers/devfreq/governor_userspace.o
  CC      drivers/of/property.o
  CC      drivers/rpmsg/rpmsg_ctrl.o
  CC      drivers/mmc/core/debugfs.o
  CC      drivers/iio/industrialio-core.o
  CC      drivers/extcon/extcon-usb-gpio.o
  CC      drivers/memory/rockchip/dsmc-controller.o
  AR      drivers/devfreq/built-in.a
  CC      drivers/iio/industrialio-event.o
  CC      drivers/of/kobj.o
  CC      drivers/rpmsg/rpmsg_ns.o
  CC      drivers/mmc/core/pwrseq_simple.o
  LD [M]  drivers/hid/usbhid/usbhid.o
  AR      drivers/hid/built-in.a
  AR      drivers/hwtracing/intel_th/built-in.a
  CC      drivers/memory/rockchip/dsmc-lb-device.o
  AR      drivers/extcon/built-in.a
  CC      drivers/iio/inkern.o
  CC      drivers/rpmsg/rockchip_rpmsg_mbox.o
  CC      drivers/mmc/core/pwrseq_emmc.o
  CC      drivers/memory/rockchip/dsmc-host.o
  CC      drivers/of/dynamic.o
  CC      drivers/of/fdt.o
  CC      drivers/memory/rockchip/dsmc-lb-slave.o
  AR      drivers/android/built-in.a
  CC      drivers/mmc/core/block.o
  CC      drivers/rpmsg/rockchip_rpmsg_test.o
  CC      drivers/iio/industrialio-buffer.o
  CC      drivers/mmc/core/queue.o
  CC      drivers/nvmem/core.o
  CC      drivers/of/fdt_address.o
  CC      drivers/rpmsg/virtio_rpmsg_bus.o
  CC      drivers/of/address.o
  AR      drivers/memory/rockchip/built-in.a
  AR      drivers/memory/built-in.a
  CC      drivers/iio/industrialio-trigger.o
  CC      drivers/of/irq.o
  CC      drivers/nvmem/rockchip-otp.o
  AR      drivers/iio/accel/built-in.a
  CC      drivers/of/of_reserved_mem.o
  CC      drivers/iio/adc/rockchip-flexbus-adc.o
  AR      drivers/rpmsg/built-in.a
  CC      drivers/iio/adc/rockchip_saradc.o
  CC      drivers/of/resolver.o
  CC      drivers/of/overlay.o
  CC      drivers/of/dtbocfg.o
  AR      drivers/iio/addac/built-in.a
  AR      drivers/iio/afe/built-in.a
  AR      drivers/iio/amplifiers/built-in.a
  CC      drivers/iio/buffer/industrialio-triggered-buffer.o
  AR      drivers/mmc/core/built-in.a
  AR      drivers/mmc/built-in.a
  AR      drivers/iio/cdc/built-in.a
  AR      drivers/nvmem/built-in.a
  AR      drivers/iio/chemical/built-in.a
  AR      drivers/iio/common/cros_ec_sensors/built-in.a
  CC      drivers/iio/dac/rockchip-flexbus-dac.o
  AR      drivers/iio/common/hid-sensors/built-in.a
  AR      drivers/iio/common/ms_sensors/built-in.a
  AR      drivers/iio/common/scmi_sensors/built-in.a
  AR      drivers/iio/common/ssp_sensors/built-in.a
  AR      drivers/iio/common/st_sensors/built-in.a
  CC      drivers/iio/buffer/kfifo_buf.o
  AR      drivers/iio/common/built-in.a
  AR      drivers/iio/dummy/built-in.a
  AR      drivers/iio/gyro/built-in.a
  AR      drivers/iio/filter/built-in.a
  AR      drivers/iio/frequency/built-in.a
  AR      drivers/iio/health/built-in.a
  AR      drivers/iio/humidity/built-in.a
  AR      drivers/iio/imu/bmi160/built-in.a
  AR      drivers/iio/imu/bno055/built-in.a
  AR      drivers/iio/imu/inv_icm42600/built-in.a
  AR      drivers/iio/light/built-in.a
  AR      drivers/iio/imu/inv_mpu6050/built-in.a
  AR      drivers/iio/imu/st_lsm6dsr/built-in.a
  AR      drivers/iio/imu/st_lsm6dsx/built-in.a
  AR      drivers/iio/magnetometer/built-in.a
  AR      drivers/iio/imu/st_lsm9ds0/built-in.a
  AR      drivers/iio/multiplexer/built-in.a
  AR      drivers/iio/position/built-in.a
  AR      drivers/iio/imu/built-in.a
  AR      drivers/iio/orientation/built-in.a
  AR      drivers/iio/potentiometer/built-in.a
  AR      drivers/iio/potentiostat/built-in.a
  AR      drivers/iio/proximity/built-in.a
  AR      drivers/iio/pressure/built-in.a
  AR      drivers/iio/resolver/built-in.a
  AR      drivers/iio/temperature/built-in.a
  AR      drivers/iio/test/built-in.a
  AR      drivers/iio/trigger/built-in.a
  AR      drivers/iio/adc/built-in.a
  AR      drivers/of/built-in.a
  AR      drivers/iio/buffer/built-in.a
  AR      drivers/iio/dac/built-in.a
  AR      drivers/iio/built-in.a
  AR      drivers/built-in.a
  AR      built-in.a
  AR      vmlinux.a
  LD      vmlinux.o
  OBJCOPY modules.builtin.modinfo
  GEN     modules.builtin
  MODPOST Module.symvers
  CC      .vmlinux.export.o
  UPD     include/generated/utsversion.h
  CC      init/version-timestamp.o
  CC [M]  drivers/bluetooth/btintel.mod.o
  CC [M]  drivers/bluetooth/btusb.mod.o
  CC [M]  drivers/hid/usbhid/usbhid.mod.o
  CC [M]  drivers/net/ethernet/stmicro/stmmac/dwmac-rockchip.mod.o
  CC [M]  drivers/net/ethernet/stmicro/stmmac/stmmac-platform.mod.o
  CC [M]  drivers/net/ethernet/stmicro/stmmac/stmmac.mod.o
  CC [M]  drivers/net/mdio/fwnode_mdio.mod.o
  CC [M]  drivers/net/mdio/of_mdio.mod.o
  LD      .tmp_vmlinux.kallsyms1
  CC [M]  drivers/net/mii.mod.o
  CC [M]  drivers/net/pcs/pcs_xpcs.mod.o
  CC [M]  drivers/net/phy/ax88796b.mod.o
  CC [M]  drivers/net/phy/fixed_phy.mod.o
  CC [M]  drivers/net/phy/libphy.mod.o
  CC [M]  drivers/net/phy/mdio_devres.mod.o
  CC [M]  drivers/net/phy/motorcomm.mod.o
  CC [M]  drivers/net/phy/phylink.mod.o
  CC [M]  drivers/net/usb/asix.mod.o
  CC [M]  drivers/net/usb/ax88179_178a.mod.o
  CC [M]  drivers/net/usb/cdc_ether.mod.o
  CC [M]  drivers/net/usb/cdc_ncm.mod.o
  CC [M]  drivers/net/usb/cdc_subset.mod.o
  CC [M]  drivers/net/usb/net1080.mod.o
  CC [M]  drivers/net/usb/qmi_wwan.mod.o
  CC [M]  drivers/net/usb/r8153_ecm.mod.o
  CC [M]  drivers/net/usb/rndis_host.mod.o
  CC [M]  drivers/net/usb/usbnet.mod.o
  CC [M]  drivers/net/usb/zaurus.mod.o
  CC [M]  drivers/phy/rockchip/phy-rockchip-inno-usb2.mod.o
  CC [M]  drivers/scsi/scsi_common.mod.o
  CC [M]  drivers/scsi/scsi_mod.mod.o
  CC [M]  drivers/scsi/sd_mod.mod.o
  CC [M]  drivers/usb/class/cdc-wdm.mod.o
  CC [M]  drivers/usb/common/usb-common.mod.o
  CC [M]  drivers/usb/core/usbcore.mod.o
  CC [M]  drivers/usb/dwc2/dwc2.mod.o
  CC [M]  drivers/usb/gadget/function/u_ether.mod.o
  CC [M]  drivers/usb/gadget/function/usb_f_fs.mod.o
  CC [M]  drivers/usb/gadget/function/usb_f_rndis.mod.o
  CC [M]  drivers/usb/gadget/libcomposite.mod.o
  CC [M]  drivers/usb/gadget/udc/udc-core.mod.o
  CC [M]  drivers/usb/host/ehci-hcd.mod.o
  CC [M]  drivers/usb/serial/option.mod.o
  CC [M]  drivers/usb/serial/qcserial.mod.o
  CC [M]  drivers/usb/serial/usb_wwan.mod.o
  CC [M]  drivers/usb/serial/usbserial.mod.o
  CC [M]  drivers/usb/storage/usb-storage.mod.o
  CC [M]  lib/crypto/libarc4.mod.o
  CC [M]  net/core/selftests.mod.o
  CC [M]  net/mac80211/mac80211.mod.o
  CC [M]  net/wireless/cfg80211.mod.o
  LD [M]  drivers/bluetooth/btintel.ko
  LD [M]  drivers/bluetooth/btusb.ko
  LD [M]  drivers/hid/usbhid/usbhid.ko
  LD [M]  drivers/net/ethernet/stmicro/stmmac/dwmac-rockchip.ko
  LD [M]  drivers/net/ethernet/stmicro/stmmac/stmmac-platform.ko
  LD [M]  drivers/net/ethernet/stmicro/stmmac/stmmac.ko
  LD [M]  drivers/net/mdio/fwnode_mdio.ko
  LD [M]  drivers/net/mdio/of_mdio.ko
  LD [M]  drivers/net/mii.ko
  LD [M]  drivers/net/pcs/pcs_xpcs.ko
  LD [M]  drivers/net/phy/ax88796b.ko
  LD [M]  drivers/net/phy/fixed_phy.ko
  LD [M]  drivers/net/phy/libphy.ko
  LD [M]  drivers/net/phy/mdio_devres.ko
  LD [M]  drivers/net/phy/motorcomm.ko
  LD [M]  drivers/net/phy/phylink.ko
  LD [M]  drivers/net/usb/asix.ko
  LD [M]  drivers/net/usb/ax88179_178a.ko
  LD [M]  drivers/net/usb/cdc_ether.ko
  LD [M]  drivers/net/usb/cdc_ncm.ko
  LD [M]  drivers/net/usb/cdc_subset.ko
  LD [M]  drivers/net/usb/net1080.ko
  LD [M]  drivers/net/usb/qmi_wwan.ko
  LD [M]  drivers/net/usb/r8153_ecm.ko
  LD [M]  drivers/net/usb/rndis_host.ko
  LD [M]  drivers/net/usb/usbnet.ko
  LD [M]  drivers/net/usb/zaurus.ko
  LD [M]  drivers/phy/rockchip/phy-rockchip-inno-usb2.ko
  LD [M]  drivers/scsi/scsi_common.ko
  LD [M]  drivers/scsi/scsi_mod.ko
  LD [M]  drivers/scsi/sd_mod.ko
  LD [M]  drivers/usb/class/cdc-wdm.ko
  LD [M]  drivers/usb/common/usb-common.ko
  LD [M]  drivers/usb/core/usbcore.ko
  LD [M]  drivers/usb/gadget/function/u_ether.ko
  LD [M]  drivers/usb/gadget/function/usb_f_fs.ko
  LD [M]  drivers/usb/dwc2/dwc2.ko
  LD [M]  drivers/usb/gadget/function/usb_f_rndis.ko
  LD [M]  drivers/usb/gadget/libcomposite.ko
  LD [M]  drivers/usb/gadget/udc/udc-core.ko
  LD [M]  drivers/usb/host/ehci-hcd.ko
  LD [M]  drivers/usb/serial/option.ko
  LD [M]  drivers/usb/serial/qcserial.ko
  LD [M]  drivers/usb/serial/usb_wwan.ko
  LD [M]  drivers/usb/serial/usbserial.ko
  LD [M]  drivers/usb/storage/usb-storage.ko
  LD [M]  lib/crypto/libarc4.ko
  LD [M]  net/core/selftests.ko
  LD [M]  net/mac80211/mac80211.ko
  LD [M]  net/wireless/cfg80211.ko
  NM      .tmp_vmlinux.kallsyms1.syms
  KSYMS   .tmp_vmlinux.kallsyms1.S
  AS      .tmp_vmlinux.kallsyms1.o
  LD      .tmp_vmlinux.kallsyms2
  NM      .tmp_vmlinux.kallsyms2.syms
  KSYMS   .tmp_vmlinux.kallsyms2.S
  AS      .tmp_vmlinux.kallsyms2.o
  LD      vmlinux
  NM      System.map
  SORTTAB vmlinux
  OBJCOPY arch/arm/boot/Image
  OBJCOPY arch/arm/boot/Image
  GZIP    arch/arm/boot/Image.gz
  Kernel: arch/arm/boot/Image is ready
  LDS     arch/arm/boot/compressed/vmlinux.lds
  AS      arch/arm/boot/compressed/head.o
  LZ4     arch/arm/boot/compressed/piggy_data
  CC      arch/arm/boot/compressed/misc.o
  CC      arch/arm/boot/compressed/decompress.o
  CC      arch/arm/boot/compressed/string.o
  AS      arch/arm/boot/compressed/hyp-stub.o
  CC      arch/arm/boot/compressed/fdt_rw.o
  CC      arch/arm/boot/compressed/fdt_ro.o
  CC      arch/arm/boot/compressed/fdt_wip.o
  CC      arch/arm/boot/compressed/fdt.o
  CC      arch/arm/boot/compressed/fdt_check_mem_start.o
  AS      arch/arm/boot/compressed/lib1funcs.o
  AS      arch/arm/boot/compressed/ashldi3.o
  AS      arch/arm/boot/compressed/bswapsdi2.o
  AS      arch/arm/boot/compressed/piggy.o
  Kernel: arch/arm/boot/Image.gz is ready
  LD      arch/arm/boot/compressed/vmlinux
  OBJCOPY arch/arm/boot/zImage
  Kernel: arch/arm/boot/zImage is ready
+ set -e
+ '[' 2 -gt 0 ']'
+ case $1 in
+ DTB=rk3506g-corley-lyra-plus.dtb
+ shift 2
+ '[' 0 -gt 0 ']'
+ srctree=.
+ objtree=.
+ '[' arm == '' ']'
+ LOGO_PATH=./logo.bmp
+ '[' -f ./logo.bmp ']'
+ LOGO=logo.bmp
+ LOGO_KERNEL_PATH=./logo_kernel.bmp
+ '[' -f ./logo_kernel.bmp ']'
+ LOGO_KERNEL=logo_kernel.bmp
+ KERNEL_IMAGE_PATH=./arch/arm/boot/Image
+ KERNEL_IMAGE_ARG='--kernel ./arch/arm/boot/Image'
+ '[' arm == arm ']'
+ DTB_PATH=./arch/arm/boot/dts/rk3506g-corley-lyra-plus.dtb
+ ZIMAGE=zImage
+ KERNEL_ZIMAGE_PATH=./arch/arm/boot/zImage
+ KERNEL_ZIMAGE_ARG='--kernel ./arch/arm/boot/zImage'
+ '[' '!' -f ./arch/arm/boot/dts/rk3506g-corley-lyra-plus.dtb ']'
+ OUT=out
+ ITB=
+ ITS=out/boot.its
+ MKIMAGE=mkimage
+ MKIMAGE_ARG='-E -p 0x800'
+ '[' -x ./scripts/bmpconvert ']'
+ '[' -f ./logo.bmp ']'
+ ./scripts/bmpconvert ./logo.bmp
+ '[' -f ./logo_kernel.bmp ']'
+ ./scripts/bmpconvert ./logo_kernel.bmp
+ '[' . '!=' . ']'
+ scripts/resource_tool ./arch/arm/boot/dts/rk3506g-corley-lyra-plus.dtb logo.bmp logo_kernel.bmp
+ echo '  Image:  resource.img (with rk3506g-corley-lyra-plus.dtb logo.bmp logo_kernel.bmp) is ready'
  Image:  resource.img (with rk3506g-corley-lyra-plus.dtb logo.bmp logo_kernel.bmp) is ready
+ '[' -f '' ']'
+ '[' -f '' ']'
+ '[' -x ./scripts/mkbootimg ']'
+ make_boot_img
+ RAMDISK_IMG_PATH=./ramdisk.img
+ '[' -f ./ramdisk.img ']'
+ ./scripts/mkbootimg --kernel ./arch/arm/boot/Image --second resource.img -o boot.img
+ echo '  Image:  boot.img (with Image  resource.img) is ready'
  Image:  boot.img (with Image  resource.img) is ready
+ ./scripts/mkbootimg --kernel ./arch/arm/boot/zImage --second resource.img -o zboot.img
+ echo '  Image:  zboot.img (with zImage  resource.img) is ready'
  Image:  zboot.img (with zImage  resource.img) is ready
make: Leaving directory '/sdk/kernel-6.1'
+ '[' -n /sdk/device/rockchip/.chip/zboot.its ']'
+ '[' -z '' ']'
+ run_command /sdk/device/rockchip/common/scripts/mk-fitimage.sh kernel/zboot.img /sdk/device/rockchip/.chip/zboot.its kernel/arch/arm/boot/zImage kernel/arch/arm/boot/dts/rk3506g-corley-lyra-plus.dtb kernel/resource.img
+ '[' '' ']'
+ notice '+ /sdk/device/rockchip/common/scripts/mk-fitimage.sh' kernel/zboot.img /sdk/device/rockchip/.chip/zboot.its kernel/arch/arm/boot/zImage kernel/arch/arm/boot/dts/rk3506g-corley-lyra-plus.dtb kernel/resource.img
+ rk_log 35 '+ /sdk/device/rockchip/common/scripts/mk-fitimage.sh' kernel/zboot.img /sdk/device/rockchip/.chip/zboot.its kernel/arch/arm/boot/zImage kernel/arch/arm/boot/dts/rk3506g-corley-lyra-plus.dtb kernel/resource.img
+ LOG_COLOR=35
+ shift
+ '[' '+ /sdk/device/rockchip/common/scripts/mk-fitimage.sh' = -n ']'
+ LOG_FLAG=-e
+ echo -e '\e[35m+ /sdk/device/rockchip/common/scripts/mk-fitimage.sh' kernel/zboot.img /sdk/device/rockchip/.chip/zboot.its kernel/arch/arm/boot/zImage kernel/arch/arm/boot/dts/rk3506g-corley-lyra-plus.dtb 'kernel/resource.img\e[0m'
[35m+ /sdk/device/rockchip/common/scripts/mk-fitimage.sh kernel/zboot.img /sdk/device/rockchip/.chip/zboot.its kernel/arch/arm/boot/zImage kernel/arch/arm/boot/dts/rk3506g-corley-lyra-plus.dtb kernel/resource.img[0m
+ /sdk/device/rockchip/common/scripts/mk-fitimage.sh kernel/zboot.img /sdk/device/rockchip/.chip/zboot.its kernel/arch/arm/boot/zImage kernel/arch/arm/boot/dts/rk3506g-corley-lyra-plus.dtb kernel/resource.img
+ RK_SCRIPTS_DIR=/sdk/device/rockchip/common/scripts
+ RK_SDK_DIR=/sdk
+ TARGET_IMG=kernel/zboot.img
+ ITS=/sdk/device/rockchip/.chip/zboot.its
+ KERNEL_IMG=kernel/arch/arm/boot/zImage
+ KERNEL_DTB=kernel/arch/arm/boot/dts/rk3506g-corley-lyra-plus.dtb
+ RESOURCE_IMG=kernel/resource.img
+ RAMDISK_IMG=
+ '[' '!' -f /sdk/device/rockchip/.chip/zboot.its ']'
++ mktemp
+ TMP_ITS=/tmp/tmp.Vr4bxTGNNv
+ cp /sdk/device/rockchip/.chip/zboot.its /tmp/tmp.Vr4bxTGNNv
+ '[' '' ']'
++ realpath -q kernel/arch/arm/boot/dts/rk3506g-corley-lyra-plus.dtb
++ realpath -q kernel/arch/arm/boot/zImage
++ realpath -q ''
++ realpath -q kernel/resource.img
+ sed -i -e s~@KERNEL_DTB@~/sdk/kernel-6.1/arch/arm/boot/dts/rk3506g-corley-lyra-plus.dtb~ -e s~@KERNEL_IMG@~/sdk/kernel-6.1/arch/arm/boot/zImage~ -e s~@RAMDISK_IMG@~~ -e s~@RESOURCE_IMG@~/sdk/kernel-6.1/resource.img~ /tmp/tmp.Vr4bxTGNNv
+ /sdk/rkbin/tools/mkimage -f /tmp/tmp.Vr4bxTGNNv -E -p 0x800 kernel/zboot.img
FIT description: U-Boot FIT source file for arm
Created:         Mon Aug 24 08:50:28 2026
 Image 0 (fdt)
  Description:  unavailable
  Created:      Mon Aug 24 08:50:28 2026
  Type:         Flat Device Tree
  Compression:  uncompressed
  Data Size:    70523 Bytes = 68.87 KiB = 0.07 MiB
  Architecture: ARM
  Load Address: 0xffffff00
  Hash algo:    sha256
  Hash value:   84df8221b092daf9cbb2b5f8444762e7b36c31a7ca6963995b252ef8a771d627
 Image 1 (kernel)
  Description:  unavailable
  Created:      Mon Aug 24 08:50:28 2026
  Type:         Kernel Image
  Compression:  uncompressed
  Data Size:    4831784 Bytes = 4718.54 KiB = 4.61 MiB
  Architecture: ARM
  OS:           Linux
  Load Address: 0xffffff01
  Entry Point:  0xffffff01
  Hash algo:    sha256
  Hash value:   9c3d8f384637ee90e84566fbd21e7fcfa61000f69abf07a70b3bb416e9544b00
 Image 2 (resource)
  Description:  unavailable
  Created:      Mon Aug 24 08:50:28 2026
  Type:         Multi-File Image
  Compression:  uncompressed
  Data Size:    1485824 Bytes = 1451.00 KiB = 1.42 MiB
  Hash algo:    sha256
  Hash value:   65fa6f911de980518073f6b782af5771f27cfa775804f2d63ff888fa7cf98479
 Default Configuration: 'conf'
 Configuration 0 (conf)
  Description:  unavailable
  Kernel:       kernel
  FDT:          fdt
+ rm -f /tmp/tmp.Vr4bxTGNNv
+ '[' '' ']'
+ run_command ln -rsf kernel/zboot.img /sdk/output/firmware/boot.img
+ '[' '' ']'
+ notice '+ ln' -rsf kernel/zboot.img /sdk/output/firmware/boot.img
+ rk_log 35 '+ ln' -rsf kernel/zboot.img /sdk/output/firmware/boot.img
+ LOG_COLOR=35
+ shift
+ '[' '+ ln' = -n ']'
+ LOG_FLAG=-e
+ echo -e '\e[35m+ ln' -rsf kernel/zboot.img '/sdk/output/firmware/boot.img\e[0m'
[35m+ ln -rsf kernel/zboot.img /sdk/output/firmware/boot.img[0m
+ ln -rsf kernel/zboot.img /sdk/output/firmware/boot.img
+ '[' -z '' ']'
+ /sdk/device/rockchip/common/scripts/check-kernel-dtb.sh
+ RK_SCRIPTS_DIR=/sdk/device/rockchip/common/scripts
+ RK_SDK_DIR=/sdk
+ '[' kernel/arch/arm/boot/dts/rk3506g-corley-lyra-plus.dts -a kernel/arch/arm/boot/dts/rk3506g-corley-lyra-plus.dtb -a -r kernel/arch/arm/boot/dts/rk3506g-corley-lyra-plus.dtb ']'
+ cd /sdk
+ '[' '' ']'
+ '[' ubi ']'
+ '[' ubi '!=' ubi ']'
+ /sdk/device/rockchip/common/scripts/check-power-domain.sh
++ mktemp -d
+ tmpdir=/tmp/tmp.tBNnuL04mo
++ mktemp -p /tmp/tmp.tBNnuL04mo
+ dump_kernel_dtb_file=/tmp/tmp.tBNnuL04mo/tmp.PDDwYqtaPa
++ mktemp -p /tmp/tmp.tBNnuL04mo
+ tmp_phandle_file=/tmp/tmp.tBNnuL04mo/tmp.QwvvdVG8cW
++ mktemp -p /tmp/tmp.tBNnuL04mo
+ tmp_io_domain_file=/tmp/tmp.tBNnuL04mo/tmp.sxcJ3105uX
++ mktemp -p /tmp/tmp.tBNnuL04mo
+ tmp_regulator_microvolt_file=/tmp/tmp.tBNnuL04mo/tmp.GWPqLfybYw
++ mktemp -p /tmp/tmp.tBNnuL04mo
+ tmp_final_target=/tmp/tmp.tBNnuL04mo/tmp.NFfigt9IlG
++ mktemp -p /tmp/tmp.tBNnuL04mo
+ tmp_grep_file=/tmp/tmp.tBNnuL04mo/tmp.bvHt9g5F0h
+ dtc -q -I dtb -O dts -o /tmp/tmp.tBNnuL04mo/tmp.PDDwYqtaPa kernel/arch/arm/boot/dts/rk3506g-corley-lyra-plus.dtb
+ grep -Pzo 'io-domains\s*{(\n|\w|-|;|=|<|>|"|_|\s|,)*};' /tmp/tmp.tBNnuL04mo/tmp.PDDwYqtaPa
+ echo 'Not Found io-domains in kernel/arch/arm/boot/dts/rk3506g-corley-lyra-plus.dts'
Not Found io-domains in kernel/arch/arm/boot/dts/rk3506g-corley-lyra-plus.dts
+ rm -rf /tmp/tmp.tBNnuL04mo
+ exit 0
+ /sdk/device/rockchip/common/scripts/check-security.sh kernel dts
+ RK_SCRIPTS_DIR=/sdk/device/rockchip/common/scripts
+ RK_SDK_DIR=/sdk
+ UBOOT=/sdk/u-boot
+ KERNEL=/sdk/kernel
+ BUILDROOT=/sdk/buildroot
+ RK_SIGN_TOOL=/sdk/rkbin/tools/rk_sign_tool
+ ROOTFS_UPDATE_ENGINEBIN_CONFIGS=' 	BR2_PACKAGE_RECOVERY 	BR2_PACKAGE_RECOVERY_UPDATEENGINEBIN'
+ ROOTFS_AB_FIXED_CONFIGS=' 	 	BR2_PACKAGE_RECOVERY 	BR2_PACKAGE_RECOVERY_UPDATEENGINEBIN 	BR2_PACKAGE_RECOVERY_BOOTCONTROL'
+ UBOOT_FIT_FIXED_CONFIGS=' 	CONFIG_FIT_SIGNATURE 	CONFIG_SPL_FIT_SIGNATURE'
+ UBOOT_AVB_FIXED_CONFIGS=' 	CONFIG_ANDROID_AVB 	CONFIG_AVB_LIBAVB 	CONFIG_AVB_LIBAVB_AB 	CONFIG_AVB_LIBAVB_ATX 	CONFIG_AVB_LIBAVB_USER 	CONFIG_RK_AVB_LIBAVB_USER 	CONFIG_OPTEE_CLIENT 	CONFIG_AVB_VBMETA_PUBLIC_KEY_VALIDATE 	CONFIG_RK_AVB_LIBAVB_ENABLE_ATH_UNLOCK 	CONFIG_OPTEE_V.'
+ RAMBOOT_FIXED_CONFIG=' 	BR2_PACKAGE_TEE_USER_APP 	BR2_PACKAGE_LUKSMETA'
+ BOOT_FIXED_CONFIGS=' 	CONFIG_BLK_DEV_DM 	CONFIG_DM_CRYPT 	CONFIG_DM_VERITY'
+ BOOT_FIXED_UNDER_6_1_CONFIG='
	CONFIG_BLK_DEV_CRYPTOLOOP'
+ BOOT_OPTEE_FIXED_CONFIGS=' 	CONFIG_TEE 	CONFIG_OPTEE'
+ '[' 2026-08-24_08-44-52 ']'
+ rk_security_check_sdk kernel dts
+ '[' '!' -z '' ']'
+ return 0
+ finish_build build_kernel
++ basename /sdk/device/rockchip/common/scripts/mk-kernel.sh
+ notice 'Running mk-kernel.sh - build_kernel succeeded.'
+ rk_log 35 'Running mk-kernel.sh - build_kernel succeeded.'
+ LOG_COLOR=35
+ shift
+ '[' 'Running mk-kernel.sh - build_kernel succeeded.' = -n ']'
+ LOG_FLAG=-e
+ echo -e '\e[35mRunning mk-kernel.sh - build_kernel succeeded.\e[0m'
[35mRunning mk-kernel.sh - build_kernel succeeded.[0m
+ cd /sdk
++ '[' -z y ']'
++ /sdk/device/rockchip/common/scripts/mk-rootfs.sh
+ INIT_CMDS='default buildroot debian yocto'
+ PRE_BUILD_CMDS='buildroot-config bconfig buildroot-make bmake'
+ BUILD_CMDS='rootfs buildroot debian yocto'
+ source /sdk/device/rockchip/common/build-hooks/build-helper
++ '[' -z '' ']'
++ '[' /sdk/device/rockchip/common/build-hooks/build-helper = /sdk/device/rockchip/common/scripts/mk-rootfs.sh -o -z 2026-08-24_08-44-52 ']'
++ trap err_handler ERR
++ set -eE
++ cd /sdk
+++ basename /sdk/device/rockchip/common/scripts/mk-rootfs
+++ date +%F_%H-%M-%S
++ LOG_FILE_NAME=mk-rootfs-_2026-08-24_08-50-28
++ case "$1" in
++ '[' '' ']'
++ '[' '' = dry-run ']'
+ case "${1:-rootfs}" in
+ build_hook
+ check_config RK_ROOTFS
+ unset missing
+ for var in $@
+ eval '[' -z '"$RK_ROOTFS"' ']'
++ '[' -z y ']'
+ continue
+ '[' '' ']'
+ return 0
+ '[' -z '' -o '' = rootfs ']'
+ ROOTFS=buildroot
+ ROOTFS_IMG=rootfs.ubi
+ ROOTFS_DIR=/sdk/output/buildroot
+ IMAGE_DIR=/sdk/output/buildroot/images
+ message ==========================================
+ rk_log 36 ==========================================
+ LOG_COLOR=36
+ shift
+ '[' ========================================== = -n ']'
+ LOG_FLAG=-e
+ echo -e '\e[36m==========================================\e[0m'
[36m==========================================[0m
+ message '          Start building rootfs(buildroot)'
+ rk_log 36 '          Start building rootfs(buildroot)'
+ LOG_COLOR=36
+ shift
+ '[' '          Start building rootfs(buildroot)' = -n ']'
+ LOG_FLAG=-e
+ echo -e '\e[36m          Start building rootfs(buildroot)\e[0m'
[36m          Start building rootfs(buildroot)[0m
+ message ==========================================
+ rk_log 36 ==========================================
+ LOG_COLOR=36
+ shift
+ '[' ========================================== = -n ']'
+ LOG_FLAG=-e
+ echo -e '\e[36m==========================================\e[0m'
[36m==========================================[0m
+ case "$ROOTFS" in
+ rm -rf /sdk/output/buildroot /sdk/output/rootfs
+ mkdir -p /sdk/output/buildroot/images
+ ln -rsf /sdk/output/buildroot /sdk/output/rootfs
+ touch /sdk/output/buildroot/.stamp_build_start
+ case "$ROOTFS" in
+ build_buildroot /sdk/output/buildroot/images
+ check_config RK_BUILDROOT
+ unset missing
+ for var in $@
+ eval '[' -z '"$RK_BUILDROOT"' ']'
++ '[' -z y ']'
+ continue
+ '[' '' ']'
+ return 0
+ IMAGE_DIR=/sdk/output/buildroot/images
++ grep 'export BR2_VERSION := ' /sdk/buildroot/Makefile
++ xargs -n 1
++ tail -n 1
+ BUILDROOT_VERSION=2024.02
+ message ==========================================
+ rk_log 36 ==========================================
+ LOG_COLOR=36
+ shift
+ '[' ========================================== = -n ']'
+ LOG_FLAG=-e
+ echo -e '\e[36m==========================================\e[0m'
[36m==========================================[0m
+ message '          Start building buildroot(2024.02)'
+ rk_log 36 '          Start building buildroot(2024.02)'
+ LOG_COLOR=36
+ shift
+ '[' '          Start building buildroot(2024.02)' = -n ']'
+ LOG_FLAG=-e
+ echo -e '\e[36m          Start building buildroot(2024.02)\e[0m'
[36m          Start building buildroot(2024.02)[0m
+ message ==========================================
+ rk_log 36 ==========================================
+ LOG_COLOR=36
+ shift
+ '[' ========================================== = -n ']'
+ LOG_FLAG=-e
+ echo -e '\e[36m==========================================\e[0m'
[36m==========================================[0m
+ /sdk/device/rockchip/common/scripts/mk-buildroot.sh rockchip_rk3506_luckfox /sdk/output/buildroot/images
+ RK_SCRIPTS_DIR=/sdk/device/rockchip/common/scripts
+ RK_SDK_DIR=/sdk
+ BUILDROOT_BOARD=rockchip_rk3506_luckfox
+ ROOTFS_OUTPUT_DIR=/sdk/output/buildroot/images
+ BUILDROOT_DIR=/sdk/buildroot
+ /sdk/device/rockchip/common/scripts/check-buildroot.sh
+ RK_SCRIPTS_DIR=/sdk/device/rockchip/common/scripts
+ RK_SDK_DIR=/sdk
+ BUILDROOT_DIR=/sdk/buildroot
+ /sdk/device/rockchip/common/scripts/check-network.sh sources.buildroot.net sources.buildroot.net 'Please retry later (it could be down for a while) or setup a VPN to bypass the GFW.'
+ SITE=sources.buildroot.net
+ SITE_NAME=sources.buildroot.net
+ EXTRA_MSG='Please retry later (it could be down for a while) or setup a VPN to bypass the GFW.'
+ case "$(curl -I -s -m 3 -w "%{http_code}" -o /dev/null "$SITE")" in
++ curl -I -s -m 3 -w '%{http_code}' -o /dev/null sources.buildroot.net
+ ping sources.buildroot.net -c 1 -W 1
+ echo -e '\e[35m'
[35m
+ echo -e 'Your network is not able to access sources.buildroot.net!'
Your network is not able to access sources.buildroot.net!
+ echo -e 'Please retry later (it could be down for a while) or setup a VPN to bypass the GFW.'
Please retry later (it could be down for a while) or setup a VPN to bypass the GFW.
+ echo -ne '\e[0m'
[0m+ '[' -z '' ']'
+ echo -ne '\e[35m'
[35m+ echo 'Will continue in 5 seconds ...'
Will continue in 5 seconds ...
++ seq 0 4
+ for S in $(seq 0 4)
+ echo '5 ...'
5 ...
+ sleep 1
+ for S in $(seq 0 4)
+ echo '4 ...'
4 ...
+ sleep 1
+ for S in $(seq 0 4)
+ echo '3 ...'
3 ...
+ sleep 1
+ for S in $(seq 0 4)
+ echo '2 ...'
2 ...
+ sleep 1
+ for S in $(seq 0 4)
+ echo '1 ...'
1 ...
+ sleep 1
+ echo -e '\e[0m'
[0m
++ uname -r
++ cut -d. -f1
+ LINUX_VER_MAJOR=7
++ uname -r
++ cut -d. -f2
+ LINUX_VER_MINOR=0
+ '[' 7 -lt 4 ']'
+ '[' 7 -eq 4 -a 0 -lt 15 ']'
+ /sdk/buildroot/support/dependencies/check-host-make.sh 4.0 make
+ /sdk/device/rockchip/common/scripts/check-header.sh libc6 dirent.h libc6-dev
+ RK_SCRIPTS_DIR=/sdk/device/rockchip/common/scripts
+ PACKAGE=libc6
+ HEADER=dirent.h
+ APT_PACKAGE=libc6-dev
+ echo
+ gcc -E -include dirent.h -
+ exit 0
+ /sdk/device/rockchip/common/scripts/check-package.sh unbuffer unbuffer 'expect expect-dev'
+ PACKAGE=unbuffer
+ COMMAND=unbuffer
+ APT_PACKAGE='expect expect-dev'
+ which unbuffer
+ BUILDROOT_OUTPUT_DIR=/sdk/buildroot/output/rockchip_rk3506_luckfox
+ BUILDROOT_CONFIG=/sdk/buildroot/output/rockchip_rk3506_luckfox/.config
+ BUILDROOT_CONFIG_ORIG=/sdk/buildroot/output/rockchip_rk3506_luckfox/.config.orig
+ '[' /sdk/output/buildroot/images = make ']'
+ '[' -r /sdk/buildroot/output/rockchip_rk3506_luckfox/.config ']'
+ '[' '!' -r /sdk/buildroot/output/rockchip_rk3506_luckfox/.config.orig ']'
+ make -C /sdk/buildroot O=/sdk/buildroot/output/rockchip_rk3506_luckfox rockchip_rk3506_luckfox_defconfig
make: Entering directory '/sdk/buildroot'
+ rm -rf /sdk/buildroot/output/latest
+ mkdir -p /sdk/buildroot/output
+ ln -rsf /sdk/buildroot/output/rockchip_rk3506_luckfox /sdk/buildroot/output/latest
+ mkdir -p /sdk/buildroot/output/rockchip_rk3506_luckfox
+ umask
+ date +%Y%m%d
+ /sdk/buildroot/support/scripts/setlocalversion
+ printf '\x1b'
+ tput smso
+ tput rmso
+ support/scripts/br2-external -d /sdk/buildroot/output/rockchip_rk3506_luckfox /home/walter/git/test-lyra/br2-external
+ set -e
+ declare -a BR2_EXT_NAMES
+ MANUAL_URL='https://buildroot.org/manual.html\#br2-external-converting'
+ my_name=br2-external
+ main -d /sdk/buildroot/output/rockchip_rk3506_luckfox /home/walter/git/test-lyra/br2-external
+ local OPT OPTARG
+ local br2_ext outputdir
+ getopts :d: OPT
+ case "${OPT}" in
+ outputdir=/sdk/buildroot/output/rockchip_rk3506_luckfox
+ getopts :d: OPT
+ shift 2
+ '[' -z /sdk/buildroot/output/rockchip_rk3506_luckfox ']'
+ trap 'error '\''unexpected error while generating \n'\''' ERR
+ mkdir -p /sdk/buildroot/output/rockchip_rk3506_luckfox
+ do_validate /sdk/buildroot/output/rockchip_rk3506_luckfox /home/walter/git/test-lyra/br2-external
+ local outputdir=/sdk/buildroot/output/rockchip_rk3506_luckfox
+ local br2_ext
+ shift
+ '[' 1 -eq 0 ']'
+ for br2_ext in "${@}"
+ do_validate_one /home/walter/git/test-lyra/br2-external
+ local br2_ext=/home/walter/git/test-lyra/br2-external
+ local br2_name br2_desc br2_ver n d
+ '[' '!' -d /home/walter/git/test-lyra/br2-external ']'
+ error ''\''%s'\'': no such file or directory\n' /home/walter/git/test-lyra/br2-external
+ local 'fmt='\''%s'\'': no such file or directory\n'
+ shift
+ printf 'BR2_EXTERNAL_ERROR = '\''%s'\'': no such file or directory\n' /home/walter/git/test-lyra/br2-external
+ exit 1
Makefile:222: *** '/home/walter/git/test-lyra/br2-external': no such file or directory.  Stop.
make: Leaving directory '/sdk/buildroot'
++ err_handler
++ ret=2
++ '[' 2 -eq 0 ']'
++ fatal 'ERROR: Running /sdk/device/rockchip/common/scripts/mk-rootfs.sh - build_buildroot failed!'
++ rk_log 31 'ERROR: Running /sdk/device/rockchip/common/scripts/mk-rootfs.sh - build_buildroot failed!'
++ LOG_COLOR=31
++ shift
++ '[' 'ERROR: Running /sdk/device/rockchip/common/scripts/mk-rootfs.sh - build_buildroot failed!' = -n ']'
++ LOG_FLAG=-e
++ echo -e '\e[31mERROR: Running /sdk/device/rockchip/common/scripts/mk-rootfs.sh - build_buildroot failed!\e[0m'
[31mERROR: Running /sdk/device/rockchip/common/scripts/mk-rootfs.sh - build_buildroot failed![0m
++ fatal 'ERROR: exit code 2 from line 16:'
++ rk_log 31 'ERROR: exit code 2 from line 16:'
++ LOG_COLOR=31
++ shift
++ '[' 'ERROR: exit code 2 from line 16:' = -n ']'
++ LOG_FLAG=-e
++ echo -e '\e[31mERROR: exit code 2 from line 16:\e[0m'
[31mERROR: exit code 2 from line 16:[0m
++ fatal '    "$RK_SCRIPTS_DIR/mk-buildroot.sh" $RK_BUILDROOT_CFG "$IMAGE_DIR"'
++ rk_log 31 '    "$RK_SCRIPTS_DIR/mk-buildroot.sh" $RK_BUILDROOT_CFG "$IMAGE_DIR"'
++ LOG_COLOR=31
++ shift
++ '[' '    "$RK_SCRIPTS_DIR/mk-buildroot.sh" $RK_BUILDROOT_CFG "$IMAGE_DIR"' = -n ']'
++ LOG_FLAG=-e
++ echo -e '\e[31m    "$RK_SCRIPTS_DIR/mk-buildroot.sh" $RK_BUILDROOT_CFG "$IMAGE_DIR"\e[0m'
[31m    "$RK_SCRIPTS_DIR/mk-buildroot.sh" $RK_BUILDROOT_CFG "$IMAGE_DIR"[0m
++ fatal 'ERROR: call stack:'
++ rk_log 31 'ERROR: call stack:'
++ LOG_COLOR=31
++ shift
++ '[' 'ERROR: call stack:' = -n ']'
++ LOG_FLAG=-e
++ echo -e '\e[31mERROR: call stack:\e[0m'
[31mERROR: call stack:[0m
+++ seq 1 3
++ for i in $(seq 1 $((${#FUNCNAME[@]} - 1)))
++ SOURCE=/sdk/device/rockchip/common/scripts/mk-rootfs.sh
++ LINE=16
+++ basename /sdk/device/rockchip/common/scripts/mk-rootfs.sh
++ fatal '    mk-rootfs.sh: build_buildroot(16)'
++ rk_log 31 '    mk-rootfs.sh: build_buildroot(16)'
++ LOG_COLOR=31
++ shift
++ '[' '    mk-rootfs.sh: build_buildroot(16)' = -n ']'
++ LOG_FLAG=-e
++ echo -e '\e[31m    mk-rootfs.sh: build_buildroot(16)\e[0m'
[31m    mk-rootfs.sh: build_buildroot(16)[0m
++ for i in $(seq 1 $((${#FUNCNAME[@]} - 1)))
++ SOURCE=/sdk/device/rockchip/common/scripts/mk-rootfs.sh
++ LINE=311
+++ basename /sdk/device/rockchip/common/scripts/mk-rootfs.sh
++ fatal '    mk-rootfs.sh: build_hook(311)'
++ rk_log 31 '    mk-rootfs.sh: build_hook(311)'
++ LOG_COLOR=31
++ shift
++ '[' '    mk-rootfs.sh: build_hook(311)' = -n ']'
++ LOG_FLAG=-e
++ echo -e '\e[31m    mk-rootfs.sh: build_hook(311)\e[0m'
[31m    mk-rootfs.sh: build_hook(311)[0m
++ for i in $(seq 1 $((${#FUNCNAME[@]} - 1)))
++ SOURCE=/sdk/device/rockchip/common/scripts/mk-rootfs.sh
++ LINE=340
+++ basename /sdk/device/rockchip/common/scripts/mk-rootfs.sh
++ fatal '    mk-rootfs.sh: main(340)'
++ rk_log 31 '    mk-rootfs.sh: main(340)'
++ LOG_COLOR=31
++ shift
++ '[' '    mk-rootfs.sh: main(340)' = -n ']'
++ LOG_FLAG=-e
++ echo -e '\e[31m    mk-rootfs.sh: main(340)\e[0m'
[31m    mk-rootfs.sh: main(340)[0m
++ exit 2
+++ err_handler
+++ ret=2
+++ '[' 2 -eq 0 ']'
+++ fatal 'ERROR: Running /sdk/device/rockchip/common/build-hooks/99-all.sh - build_all failed!'
+++ rk_log 31 'ERROR: Running /sdk/device/rockchip/common/build-hooks/99-all.sh - build_all failed!'
+++ LOG_COLOR=31
+++ shift
+++ '[' 'ERROR: Running /sdk/device/rockchip/common/build-hooks/99-all.sh - build_all failed!' = -n ']'
+++ LOG_FLAG=-e
+++ echo -e '\e[31mERROR: Running /sdk/device/rockchip/common/build-hooks/99-all.sh - build_all failed!\e[0m'
[31mERROR: Running /sdk/device/rockchip/common/build-hooks/99-all.sh - build_all failed![0m
+++ fatal 'ERROR: exit code 2 from line 21:'
+++ rk_log 31 'ERROR: exit code 2 from line 21:'
+++ LOG_COLOR=31
+++ shift
+++ '[' 'ERROR: exit code 2 from line 21:' = -n ']'
+++ LOG_FLAG=-e
+++ echo -e '\e[31mERROR: exit code 2 from line 21:\e[0m'
[31mERROR: exit code 2 from line 21:[0m
+++ fatal '    "$RK_SCRIPTS_DIR/mk-rootfs.sh"'
+++ rk_log 31 '    "$RK_SCRIPTS_DIR/mk-rootfs.sh"'
+++ LOG_COLOR=31
+++ shift
+++ '[' '    "$RK_SCRIPTS_DIR/mk-rootfs.sh"' = -n ']'
+++ LOG_FLAG=-e
+++ echo -e '\e[31m    "$RK_SCRIPTS_DIR/mk-rootfs.sh"\e[0m'
[31m    "$RK_SCRIPTS_DIR/mk-rootfs.sh"[0m
+++ fatal 'ERROR: call stack:'
+++ rk_log 31 'ERROR: call stack:'
+++ LOG_COLOR=31
+++ shift
+++ '[' 'ERROR: call stack:' = -n ']'
+++ LOG_FLAG=-e
+++ echo -e '\e[31mERROR: call stack:\e[0m'
[31mERROR: call stack:[0m
++++ seq 1 6
+++ for i in $(seq 1 $((${#FUNCNAME[@]} - 1)))
+++ SOURCE=/sdk/device/rockchip/common/build-hooks/99-all.sh
+++ LINE=21
++++ basename /sdk/device/rockchip/common/build-hooks/99-all.sh
+++ fatal '    99-all.sh: build_all(21)'
+++ rk_log 31 '    99-all.sh: build_all(21)'
+++ LOG_COLOR=31
+++ shift
+++ '[' '    99-all.sh: build_all(21)' = -n ']'
+++ LOG_FLAG=-e
+++ echo -e '\e[31m    99-all.sh: build_all(21)\e[0m'
[31m    99-all.sh: build_all(21)[0m
+++ for i in $(seq 1 $((${#FUNCNAME[@]} - 1)))
+++ SOURCE=/sdk/device/rockchip/common/build-hooks/99-all.sh
+++ LINE=136
++++ basename /sdk/device/rockchip/common/build-hooks/99-all.sh
+++ fatal '    99-all.sh: build_hook(136)'
+++ rk_log 31 '    99-all.sh: build_hook(136)'
+++ LOG_COLOR=31
+++ shift
+++ '[' '    99-all.sh: build_hook(136)' = -n ']'
+++ LOG_FLAG=-e
+++ echo -e '\e[31m    99-all.sh: build_hook(136)\e[0m'
[31m    99-all.sh: build_hook(136)[0m
+++ for i in $(seq 1 $((${#FUNCNAME[@]} - 1)))
+++ SOURCE=/sdk/device/rockchip/common/build-hooks/build-helper
+++ LINE=63
++++ basename /sdk/device/rockchip/common/build-hooks/build-helper
+++ fatal '    build-helper: try_func(63)'
+++ rk_log 31 '    build-helper: try_func(63)'
+++ LOG_COLOR=31
+++ shift
+++ '[' '    build-helper: try_func(63)' = -n ']'
+++ LOG_FLAG=-e
+++ echo -e '\e[31m    build-helper: try_func(63)\e[0m'
[31m    build-helper: try_func(63)[0m
+++ for i in $(seq 1 $((${#FUNCNAME[@]} - 1)))
+++ SOURCE=/sdk/device/rockchip/common/build-hooks/build-helper
+++ LINE=96
++++ basename /sdk/device/rockchip/common/build-hooks/build-helper
+++ fatal '    build-helper: try_hook(96)'
+++ rk_log 31 '    build-helper: try_hook(96)'
+++ LOG_COLOR=31
+++ shift
+++ '[' '    build-helper: try_hook(96)' = -n ']'
+++ LOG_FLAG=-e
+++ echo -e '\e[31m    build-helper: try_hook(96)\e[0m'
[31m    build-helper: try_hook(96)[0m
+++ for i in $(seq 1 $((${#FUNCNAME[@]} - 1)))
+++ SOURCE=/sdk/device/rockchip/common/build-hooks/build-helper
+++ LINE=165
++++ basename /sdk/device/rockchip/common/build-hooks/build-helper
+++ fatal '    build-helper: source(165)'
+++ rk_log 31 '    build-helper: source(165)'
+++ LOG_COLOR=31
+++ shift
+++ '[' '    build-helper: source(165)' = -n ']'
+++ LOG_FLAG=-e
+++ echo -e '\e[31m    build-helper: source(165)\e[0m'
[31m    build-helper: source(165)[0m
+++ for i in $(seq 1 $((${#FUNCNAME[@]} - 1)))
+++ SOURCE=/sdk/device/rockchip/common/build-hooks/99-all.sh
+++ LINE=147
++++ basename /sdk/device/rockchip/common/build-hooks/99-all.sh
+++ fatal '    99-all.sh: main(147)'
+++ rk_log 31 '    99-all.sh: main(147)'
+++ LOG_COLOR=31
+++ shift
+++ '[' '    99-all.sh: main(147)' = -n ']'
+++ LOG_FLAG=-e
+++ echo -e '\e[31m    99-all.sh: main(147)\e[0m'
[31m    99-all.sh: main(147)[0m
+++ exit 2
++ FUNC_RET=2
++ '[' 2 -ne 0 ']'
++ err_handler 2 'try_func build_hook all' build_hook all
++ ret=2
++ '[' 2 -eq 0 ']'
++ fatal 'ERROR: Running /sdk/device/rockchip/common/build-hooks/99-all.sh - try_func build_hook all failed!'
++ rk_log 31 'ERROR: Running /sdk/device/rockchip/common/build-hooks/99-all.sh - try_func build_hook all failed!'
++ LOG_COLOR=31
++ shift
++ '[' 'ERROR: Running /sdk/device/rockchip/common/build-hooks/99-all.sh - try_func build_hook all failed!' = -n ']'
++ LOG_FLAG=-e
++ echo -e '\e[31mERROR: Running /sdk/device/rockchip/common/build-hooks/99-all.sh - try_func build_hook all failed!\e[0m'
[31mERROR: Running /sdk/device/rockchip/common/build-hooks/99-all.sh - try_func build_hook all failed![0m
++ fatal 'ERROR: exit code 2 from line 67:'
++ rk_log 31 'ERROR: exit code 2 from line 67:'
++ LOG_COLOR=31
++ shift
++ '[' 'ERROR: exit code 2 from line 67:' = -n ']'
++ LOG_FLAG=-e
++ echo -e '\e[31mERROR: exit code 2 from line 67:\e[0m'
[31mERROR: exit code 2 from line 67:[0m
++ fatal '    build_hook'
++ rk_log 31 '    build_hook'
++ LOG_COLOR=31
++ shift
++ '[' '    build_hook' = -n ']'
++ LOG_FLAG=-e
++ echo -e '\e[31m    build_hook\e[0m'
[31m    build_hook[0m
++ fatal 'ERROR: call stack:'
++ rk_log 31 'ERROR: call stack:'
++ LOG_COLOR=31
++ shift
++ '[' 'ERROR: call stack:' = -n ']'
++ LOG_FLAG=-e
++ echo -e '\e[31mERROR: call stack:\e[0m'
[31mERROR: call stack:[0m
+++ seq 1 4
++ for i in $(seq 1 $((${#FUNCNAME[@]} - 1)))
++ SOURCE=/sdk/device/rockchip/common/build-hooks/build-helper
++ LINE=67
+++ basename /sdk/device/rockchip/common/build-hooks/build-helper
++ fatal '    build-helper: try_func(67)'
++ rk_log 31 '    build-helper: try_func(67)'
++ LOG_COLOR=31
++ shift
++ '[' '    build-helper: try_func(67)' = -n ']'
++ LOG_FLAG=-e
++ echo -e '\e[31m    build-helper: try_func(67)\e[0m'
[31m    build-helper: try_func(67)[0m
++ for i in $(seq 1 $((${#FUNCNAME[@]} - 1)))
++ SOURCE=/sdk/device/rockchip/common/build-hooks/build-helper
++ LINE=96
+++ basename /sdk/device/rockchip/common/build-hooks/build-helper
++ fatal '    build-helper: try_hook(96)'
++ rk_log 31 '    build-helper: try_hook(96)'
++ LOG_COLOR=31
++ shift
++ '[' '    build-helper: try_hook(96)' = -n ']'
++ LOG_FLAG=-e
++ echo -e '\e[31m    build-helper: try_hook(96)\e[0m'
[31m    build-helper: try_hook(96)[0m
++ for i in $(seq 1 $((${#FUNCNAME[@]} - 1)))
++ SOURCE=/sdk/device/rockchip/common/build-hooks/build-helper
++ LINE=165
+++ basename /sdk/device/rockchip/common/build-hooks/build-helper
++ fatal '    build-helper: source(165)'
++ rk_log 31 '    build-helper: source(165)'
++ LOG_COLOR=31
++ shift
++ '[' '    build-helper: source(165)' = -n ']'
++ LOG_FLAG=-e
++ echo -e '\e[31m    build-helper: source(165)\e[0m'
[31m    build-helper: source(165)[0m
++ for i in $(seq 1 $((${#FUNCNAME[@]} - 1)))
++ SOURCE=/sdk/device/rockchip/common/build-hooks/99-all.sh
++ LINE=147
+++ basename /sdk/device/rockchip/common/build-hooks/99-all.sh
++ fatal '    99-all.sh: main(147)'
++ rk_log 31 '    99-all.sh: main(147)'
++ LOG_COLOR=31
++ shift
++ '[' '    99-all.sh: main(147)' = -n ']'
++ LOG_FLAG=-e
++ echo -e '\e[31m    99-all.sh: main(147)\e[0m'
[31m    99-all.sh: main(147)[0m
++ exit 2
+ HOOK_RET=2
+ err_handler 2 'run_hooks build all' '/sdk/device/rockchip/common/build-hooks/99-all.sh build all'
+ ret=2
+ '[' 2 -eq 0 ']'
+ fatal 'ERROR: Running ./build.sh - run_hooks build all failed!'
+ rk_log 31 'ERROR: Running ./build.sh - run_hooks build all failed!'
+ LOG_COLOR=31
+ shift
+ '[' 'ERROR: Running ./build.sh - run_hooks build all failed!' = -n ']'
+ LOG_FLAG=-e
+ echo -e '\e[31mERROR: Running ./build.sh - run_hooks build all failed!\e[0m'
[31mERROR: Running ./build.sh - run_hooks build all failed![0m
+ fatal 'ERROR: exit code 2 from line 322:'
+ rk_log 31 'ERROR: exit code 2 from line 322:'
+ LOG_COLOR=31
+ shift
+ '[' 'ERROR: exit code 2 from line 322:' = -n ']'
+ LOG_FLAG=-e
+ echo -e '\e[31mERROR: exit code 2 from line 322:\e[0m'
[31mERROR: exit code 2 from line 322:[0m
+ fatal '    /sdk/device/rockchip/common/build-hooks/99-all.sh build all'
+ rk_log 31 '    /sdk/device/rockchip/common/build-hooks/99-all.sh build all'
+ LOG_COLOR=31
+ shift
+ '[' '    /sdk/device/rockchip/common/build-hooks/99-all.sh build all' = -n ']'
+ LOG_FLAG=-e
+ echo -e '\e[31m    /sdk/device/rockchip/common/build-hooks/99-all.sh build all\e[0m'
[31m    /sdk/device/rockchip/common/build-hooks/99-all.sh build all[0m
+ fatal 'ERROR: call stack:'
+ rk_log 31 'ERROR: call stack:'
+ LOG_COLOR=31
+ shift
+ '[' 'ERROR: call stack:' = -n ']'
+ LOG_FLAG=-e
+ echo -e '\e[31mERROR: call stack:\e[0m'
[31mERROR: call stack:[0m
++ seq 1 4
+ for i in $(seq 1 $((${#FUNCNAME[@]} - 1)))
+ SOURCE=./build.sh
+ LINE=322
++ basename ./build.sh
+ fatal '    build.sh: run_hooks(322)'
+ rk_log 31 '    build.sh: run_hooks(322)'
+ LOG_COLOR=31
+ shift
+ '[' '    build.sh: run_hooks(322)' = -n ']'
+ LOG_FLAG=-e
+ echo -e '\e[31m    build.sh: run_hooks(322)\e[0m'
[31m    build.sh: run_hooks(322)[0m
+ for i in $(seq 1 $((${#FUNCNAME[@]} - 1)))
+ SOURCE=./build.sh
+ LINE=344
++ basename ./build.sh
+ fatal '    build.sh: run_build_hooks(344)'
+ rk_log 31 '    build.sh: run_build_hooks(344)'
+ LOG_COLOR=31
+ shift
+ '[' '    build.sh: run_build_hooks(344)' = -n ']'
+ LOG_FLAG=-e
+ echo -e '\e[31m    build.sh: run_build_hooks(344)\e[0m'
[31m    build.sh: run_build_hooks(344)[0m
+ for i in $(seq 1 $((${#FUNCNAME[@]} - 1)))
+ SOURCE=./build.sh
+ LINE=787
++ basename ./build.sh
+ fatal '    build.sh: main(787)'
+ rk_log 31 '    build.sh: main(787)'
+ LOG_COLOR=31
+ shift
+ '[' '    build.sh: main(787)' = -n ']'
+ LOG_FLAG=-e
+ echo -e '\e[31m    build.sh: main(787)\e[0m'
[31m    build.sh: main(787)[0m
+ for i in $(seq 1 $((${#FUNCNAME[@]} - 1)))
+ SOURCE=./build.sh
+ LINE=798
++ basename ./build.sh
+ fatal '    build.sh: main(798)'
+ rk_log 31 '    build.sh: main(798)'
+ LOG_COLOR=31
+ shift
+ '[' '    build.sh: main(798)' = -n ']'
+ LOG_FLAG=-e
+ echo -e '\e[31m    build.sh: main(798)\e[0m'
[31m    build.sh: main(798)[0m
+ exit 2
+ HOOK_RET=2
+ '[' 2 -ne 0 ']'
+ err_handler 2 'run_build_hooks build all' build all
+ ret=2
+ '[' 2 -eq 0 ']'
+ fatal 'ERROR: Running ./build.sh - run_build_hooks build all failed!'
+ rk_log 31 'ERROR: Running ./build.sh - run_build_hooks build all failed!'
+ LOG_COLOR=31
+ shift
+ '[' 'ERROR: Running ./build.sh - run_build_hooks build all failed!' = -n ']'
+ LOG_FLAG=-e
+ echo -e '\e[31mERROR: Running ./build.sh - run_build_hooks build all failed!\e[0m'
[31mERROR: Running ./build.sh - run_build_hooks build all failed![0m
+ fatal 'ERROR: exit code 2 from line 347:'
+ rk_log 31 'ERROR: exit code 2 from line 347:'
+ LOG_COLOR=31
+ shift
+ '[' 'ERROR: exit code 2 from line 347:' = -n ']'
+ LOG_FLAG=-e
+ echo -e '\e[31mERROR: exit code 2 from line 347:\e[0m'
[31mERROR: exit code 2 from line 347:[0m
+ fatal '    build'
+ rk_log 31 '    build'
+ LOG_COLOR=31
+ shift
+ '[' '    build' = -n ']'
+ LOG_FLAG=-e
+ echo -e '\e[31m    build\e[0m'
[31m    build[0m
+ fatal 'ERROR: call stack:'
+ rk_log 31 'ERROR: call stack:'
+ LOG_COLOR=31
+ shift
+ '[' 'ERROR: call stack:' = -n ']'
+ LOG_FLAG=-e
+ echo -e '\e[31mERROR: call stack:\e[0m'
[31mERROR: call stack:[0m
++ seq 1 3
+ for i in $(seq 1 $((${#FUNCNAME[@]} - 1)))
+ SOURCE=./build.sh
+ LINE=347
++ basename ./build.sh
+ fatal '    build.sh: run_build_hooks(347)'
+ rk_log 31 '    build.sh: run_build_hooks(347)'
+ LOG_COLOR=31
+ shift
+ '[' '    build.sh: run_build_hooks(347)' = -n ']'
+ LOG_FLAG=-e
+ echo -e '\e[31m    build.sh: run_build_hooks(347)\e[0m'
[31m    build.sh: run_build_hooks(347)[0m
+ for i in $(seq 1 $((${#FUNCNAME[@]} - 1)))
+ SOURCE=./build.sh
+ LINE=787
++ basename ./build.sh
+ fatal '    build.sh: main(787)'
+ rk_log 31 '    build.sh: main(787)'
+ LOG_COLOR=31
+ shift
+ '[' '    build.sh: main(787)' = -n ']'
+ LOG_FLAG=-e
+ echo -e '\e[31m    build.sh: main(787)\e[0m'
[31m    build.sh: main(787)[0m
+ for i in $(seq 1 $((${#FUNCNAME[@]} - 1)))
+ SOURCE=./build.sh
+ LINE=798
++ basename ./build.sh
+ fatal '    build.sh: main(798)'
+ rk_log 31 '    build.sh: main(798)'
+ LOG_COLOR=31
+ shift
+ '[' '    build.sh: main(798)' = -n ']'
+ LOG_FLAG=-e
+ echo -e '\e[31m    build.sh: main(798)\e[0m'
[31m    build.sh: main(798)[0m
+ exit 2
